club_name,date,time,price,hour,weekday,source,crawled_at
포웰,2026-01-06,14:39,50000,14,1,golfpang,2026-01-06 04:00:17.747000+00:00
포웰,2026-01-06,14:54,40000,14,1,golfpang,2026-01-06 00:00:43.636000+00:00
포웰,2026-01-06,15:01,40000,15,1,golfpang,2026-01-06 04:00:17.747000+00:00
감곡,2026-01-07,09:30,50000,9,2,teescan,2025-12-29 09:31:37.672000+00:00
감곡,2026-01-07,09:37,50000,9,2,teescan,2025-12-29 09:31:37.672000+00:00
감곡,2026-01-07,09:44,50000,9,2,teescan,2025-12-29 09:31:37.672000+00:00
감곡,2026-01-07,09:51,50000,9,2,teescan,2025-12-29 09:31:37.672000+00:00
감곡,2026-01-07,09:58,50000,9,2,teescan,2025-12-29 09:31:37.672000+00:00
감곡,2026-01-07,10:05,50000,10,2,teescan,2025-12-29 09:31:37.672000+00:00
감곡,2026-01-07,10:12,50000,10,2,teescan,2025-12-29 09:31:37.672000+00:00
감곡,2026-01-07,10:19,50000,10,2,teescan,2025-12-29 09:31:37.672000+00:00
감곡,2026-01-07,10:54,50000,10,2,teescan,2025-12-29 09:31:37.672000+00:00
감곡,2026-01-07,11:22,50000,11,2,teescan,2025-12-29 09:31:37.672000+00:00
감곡,2026-01-07,11:43,50000,11,2,teescan,2025-12-29 09:31:37.672000+00:00
감곡,2026-01-07,12:00,50000,12,2,golfpang,2026-01-06 04:00:40.878000+00:00
골프존H,2026-01-07,09:43,60000,9,2,golfpang,2026-01-06 05:00:57.985000+00:00
골프존H,2026-01-07,10:11,60000,10,2,golfpang,2026-01-06 05:00:57.985000+00:00
골프존H,2026-01-07,10:31,59000,10,2,golfpang,2026-01-06 04:31:02.618000+00:00
골프존H,2026-01-07,11:00,59000,11,2,golfpang,2026-01-06 05:00:57.985000+00:00
골프존H,2026-01-07,11:28,60000,11,2,golfpang,2026-01-06 05:00:57.985000+00:00
골프존H,2026-01-07,12:03,60000,12,2,golfpang,2026-01-06 05:00:57.985000+00:00
골프존화랑,2026-01-07,09:50,50000,9,2,golfpang,2026-01-05 09:30:56.570000+00:00
골프존화랑,2026-01-07,09:57,55000,9,2,golfpang,2026-01-06 01:00:46.295000+00:00
골프존화랑,2026-01-07,10:04,40000,10,2,teescan,2026-01-04 08:01:01.290000+00:00
골프존화랑,2026-01-07,10:11,40000,10,2,teescan,2026-01-04 08:01:01.290000+00:00
골프존화랑,2026-01-07,10:18,40000,10,2,teescan,2026-01-04 08:01:01.290000+00:00
골프존화랑,2026-01-07,10:25,40000,10,2,teescan,2026-01-04 08:01:01.290000+00:00
골프존화랑,2026-01-07,10:32,40000,10,2,teescan,2026-01-04 08:01:01.290000+00:00
골프존화랑,2026-01-07,10:46,40000,10,2,teescan,2026-01-04 08:01:01.290000+00:00
골프존화랑,2026-01-07,11:00,40000,11,2,teescan,2026-01-04 08:01:01.290000+00:00
골프존화랑,2026-01-07,11:14,40000,11,2,teescan,2026-01-04 08:01:01.290000+00:00
골프존화랑,2026-01-07,11:21,40000,11,2,teescan,2026-01-04 08:01:01.290000+00:00
골프존화랑,2026-01-07,11:28,40000,11,2,teescan,2026-01-04 08:01:01.290000+00:00
골프존화랑,2026-01-07,11:29,65000,11,2,golfpang,2026-01-05 13:00:45.394000+00:00
골프존화랑,2026-01-07,11:35,40000,11,2,teescan,2026-01-04 08:01:01.290000+00:00
골프존화랑,2026-01-07,11:42,40000,11,2,teescan,2026-01-04 08:01:01.290000+00:00
골프존화랑,2026-01-07,11:49,40000,11,2,teescan,2026-01-04 08:01:01.290000+00:00
골프존화랑,2026-01-07,11:56,40000,11,2,teescan,2026-01-04 08:01:01.290000+00:00
골프존화랑,2026-01-07,12:03,40000,12,2,teescan,2026-01-04 08:01:01.290000+00:00
기흥,2026-01-07,09:51,100000,9,2,golfpang,2026-01-04 02:30:53.285000+00:00
기흥,2026-01-07,10:30,110000,10,2,golfpang,2026-01-06 03:30:41.064000+00:00
기흥,2026-01-07,10:52,100000,10,2,golfpang,2026-01-06 05:00:57.985000+00:00
기흥,2026-01-07,11:00,110000,11,2,golfpang,2026-01-06 03:30:41.064000+00:00
기흥,2026-01-07,11:30,100000,11,2,golfpang,2026-01-06 05:00:57.985000+00:00
남여주,2026-01-07,09:20,50000,9,2,teescan,2025-12-25 00:02:24.709000+00:00
남여주,2026-01-07,09:27,50000,9,2,teescan,2025-12-25 00:02:24.709000+00:00
남여주,2026-01-07,09:34,50000,9,2,teescan,2025-12-25 00:02:24.709000+00:00
남여주,2026-01-07,09:41,50000,9,2,teescan,2025-12-25 00:02:24.709000+00:00
남여주,2026-01-07,09:48,50000,9,2,teescan,2025-12-25 00:02:24.709000+00:00
남여주,2026-01-07,09:55,50000,9,2,teescan,2025-12-25 00:02:24.709000+00:00
남여주,2026-01-07,10:02,50000,10,2,teescan,2025-12-25 00:02:24.709000+00:00
남여주,2026-01-07,10:16,50000,10,2,teescan,2025-12-25 00:02:24.709000+00:00
남여주,2026-01-07,10:23,50000,10,2,teescan,2025-12-25 00:02:24.709000+00:00
남여주,2026-01-07,10:58,60000,10,2,golfpang,2026-01-06 04:31:02.618000+00:00
남여주,2026-01-07,11:00,60000,11,2,golfpang,2026-01-03 10:01:16.684000+00:00
남여주,2026-01-07,11:40,50000,11,2,teescan,2025-12-25 00:02:25.305000+00:00
남여주,2026-01-07,11:47,50000,11,2,teescan,2025-12-25 00:02:25.305000+00:00
대영베이스,2026-01-07,09:41,40000,9,2,teescan,2025-12-25 00:02:25.305000+00:00
대영베이스,2026-01-07,09:48,40000,9,2,teescan,2025-12-25 00:02:25.305000+00:00
대영베이스,2026-01-07,09:55,40000,9,2,teescan,2026-01-02 00:01:15.874000+00:00
대영베이스,2026-01-07,10:09,40000,10,2,teescan,2025-12-25 00:02:25.305000+00:00
대영베이스,2026-01-07,10:23,40000,10,2,teescan,2026-01-03 23:31:09.151000+00:00
대영베이스,2026-01-07,10:30,40000,10,2,teescan,2025-12-27 00:31:54.073000+00:00
대영베이스,2026-01-07,10:44,40000,10,2,teescan,2025-12-27 00:31:54.073000+00:00
대영베이스,2026-01-07,10:51,40000,10,2,teescan,2025-12-31 08:01:48.364000+00:00
대영베이스,2026-01-07,10:58,40000,10,2,golfpang,2026-01-06 05:00:57.985000+00:00
대영베이스,2026-01-07,11:19,40000,11,2,teescan,2025-12-27 00:31:54.073000+00:00
대영베이스,2026-01-07,11:26,40000,11,2,teescan,2025-12-27 00:31:54.073000+00:00
대영베이스,2026-01-07,11:33,40000,11,2,teescan,2026-01-04 01:30:56.229000+00:00
대영베이스,2026-01-07,11:40,40000,11,2,teescan,2025-12-27 00:31:54.073000+00:00
대영베이스,2026-01-07,11:47,40000,11,2,teescan,2025-12-27 00:31:54.073000+00:00
대영베이스,2026-01-07,11:54,40000,11,2,teescan,2025-12-27 00:31:54.073000+00:00
대영베이스,2026-01-07,12:01,40000,12,2,teescan,2026-01-04 01:30:56.229000+00:00
대영베이스,2026-01-07,12:08,40000,12,2,golfpang,2026-01-06 05:00:57.985000+00:00
대영베이스,2026-01-07,12:15,40000,12,2,teescan,2026-01-06 03:00:54.833000+00:00
대영힐스,2026-01-07,10:02,40000,10,2,golfpang,2026-01-06 04:00:40.878000+00:00
대영힐스,2026-01-07,11:05,40000,11,2,golfpang,2026-01-04 23:00:55.261000+00:00
대영힐스,2026-01-07,12:01,40000,12,2,teescan,2025-12-25 00:02:24.709000+00:00
더크로스비,2026-01-07,10:00,64000,10,2,golfpang,2026-01-06 02:00:46.576000+00:00
더크로스비,2026-01-07,10:05,70000,10,2,teescan,2026-01-04 15:30:50.059000+00:00
더크로스비,2026-01-07,10:12,70000,10,2,teescan,2026-01-04 15:30:50.059000+00:00
더크로스비,2026-01-07,10:19,70000,10,2,teescan,2026-01-04 15:30:50.059000+00:00
더크로스비,2026-01-07,10:26,70000,10,2,teescan,2026-01-04 15:30:50.059000+00:00
더크로스비,2026-01-07,10:33,70000,10,2,teescan,2026-01-04 15:30:50.059000+00:00
더크로스비,2026-01-07,10:47,70000,10,2,teescan,2026-01-04 15:30:50.059000+00:00
더크로스비,2026-01-07,10:54,70000,10,2,teescan,2026-01-05 09:30:56.570000+00:00
더크로스비,2026-01-07,11:00,64000,11,2,golfpang,2026-01-03 02:31:16.998000+00:00
더크로스비,2026-01-07,11:08,70000,11,2,teescan,2026-01-04 15:30:50.059000+00:00
더크로스비,2026-01-07,11:15,70000,11,2,teescan,2026-01-04 15:30:50.059000+00:00
더크로스비,2026-01-07,11:16,65000,11,2,golfpang,2026-01-06 05:00:57.985000+00:00
더크로스비,2026-01-07,11:22,70000,11,2,teescan,2026-01-04 15:30:50.059000+00:00
더크로스비,2026-01-07,11:36,70000,11,2,teescan,2026-01-04 15:30:50.059000+00:00
더크로스비,2026-01-07,11:43,70000,11,2,teescan,2026-01-04 15:30:50.059000+00:00
더크로스비,2026-01-07,11:50,70000,11,2,teescan,2026-01-04 15:30:50.059000+00:00
더크로스비,2026-01-07,11:57,70000,11,2,teescan,2026-01-04 15:30:50.059000+00:00
동촌,2026-01-07,09:37,55000,9,2,teescan,2025-12-28 15:31:52.744000+00:00
동촌,2026-01-07,09:44,55000,9,2,teescan,2025-12-28 15:31:52.744000+00:00
동촌,2026-01-07,09:58,55000,9,2,teescan,2025-12-28 15:31:52.744000+00:00
동촌,2026-01-07,10:12,60000,10,2,teescan,2025-12-28 13:31:37.866000+00:00
동촌,2026-01-07,10:26,55000,10,2,golfpang,2026-01-06 05:00:57.985000+00:00
동촌,2026-01-07,10:30,50000,10,2,golfpang,2026-01-06 03:00:54.833000+00:00
동촌,2026-01-07,11:00,50000,11,2,golfpang,2026-01-06 04:00:40.878000+00:00
동촌,2026-01-07,11:09,55000,11,2,golfpang,2026-01-06 05:00:57.985000+00:00
동촌,2026-01-07,11:22,65000,11,2,golfpang,2025-12-29 10:01:54.881000+00:00
동촌,2026-01-07,11:29,60000,11,2,teescan,2025-12-25 00:02:25.305000+00:00
동촌,2026-01-07,11:36,60000,11,2,teescan,2025-12-28 15:31:52.744000+00:00
동촌,2026-01-07,11:43,60000,11,2,teescan,2025-12-28 15:31:52.744000+00:00
동촌,2026-01-07,11:50,60000,11,2,teescan,2025-12-28 15:31:52.744000+00:00
떼제베,2026-01-07,10:00,50000,10,2,teescan,2026-01-05 23:30:42.943000+00:00
떼제베,2026-01-07,10:14,50000,10,2,teescan,2026-01-04 23:30:50.337000+00:00
떼제베,2026-01-07,10:21,50000,10,2,teescan,2025-12-25 00:02:25.305000+00:00
떼제베,2026-01-07,10:52,50000,10,2,golfpang,2026-01-06 05:00:57.985000+00:00
떼제베,2026-01-07,11:17,60000,11,2,golfpang,2026-01-04 13:00:51.237000+00:00
떼제베,2026-01-07,11:31,50000,11,2,teescan,2025-12-25 00:02:24.709000+00:00
떼제베,2026-01-07,11:38,50000,11,2,teescan,2025-12-31 01:01:19.975000+00:00
떼제베,2026-01-07,11:52,50000,11,2,teescan,2026-01-03 00:31:10.117000+00:00
떼제베,2026-01-07,11:59,50000,11,2,teescan,2026-01-05 09:00:54.382000+00:00
떼제베,2026-01-07,12:06,50000,12,2,teescan,2025-12-25 00:02:24.709000+00:00
떼제베,2026-01-07,12:13,50000,12,2,teescan,2025-12-25 00:02:25.305000+00:00
떼제베,2026-01-07,12:20,50000,12,2,teescan,2025-12-25 00:02:25.305000+00:00
떼제베,2026-01-07,12:27,50000,12,2,teescan,2026-01-05 23:30:42.943000+00:00
레싸,2026-01-07,09:58,130000,9,2,teescan,2025-12-25 00:02:24.709000+00:00
레싸,2026-01-07,10:05,130000,10,2,teescan,2026-01-05 23:30:42.943000+00:00
레싸,2026-01-07,10:12,140000,10,2,golfpang,2026-01-05 07:00:45.675000+00:00
레싸,2026-01-07,10:40,130000,10,2,teescan,2026-01-05 08:00:43.872000+00:00
레싸,2026-01-07,10:47,130000,10,2,teescan,2026-01-05 23:30:42.943000+00:00
레싸,2026-01-07,10:54,150000,10,2,teescan,2026-01-05 23:30:42.943000+00:00
레싸,2026-01-07,11:08,150000,11,2,teescan,2026-01-05 12:30:56.486000+00:00
레싸,2026-01-07,11:15,100000,11,2,golfpang,2025-12-29 06:31:56.360000+00:00
레싸,2026-01-07,11:29,130000,11,2,teescan,2026-01-05 23:30:42.943000+00:00
레싸,2026-01-07,11:57,130000,11,2,teescan,2025-12-25 00:02:24.709000+00:00
레싸,2026-01-07,12:04,150000,12,2,teescan,2026-01-02 00:01:15.874000+00:00
로얄포레,2026-01-07,10:35,40000,10,2,golfpang,2026-01-06 04:00:40.878000+00:00
로얄포레,2026-01-07,11:52,50000,11,2,golfpang,2026-01-06 05:00:57.985000+00:00
로얄포레,2026-01-07,12:06,40000,12,2,golfpang,2026-01-06 03:30:41.064000+00:00
리베라,2026-01-07,09:09,110000,9,2,teescan,2025-12-31 04:01:45.170000+00:00
리베라,2026-01-07,09:16,110000,9,2,teescan,2025-12-31 04:01:45.170000+00:00
리베라,2026-01-07,09:23,110000,9,2,teescan,2025-12-31 04:01:45.170000+00:00
리베라,2026-01-07,09:30,110000,9,2,teescan,2025-12-27 02:02:02.097000+00:00
리베라,2026-01-07,09:37,110000,9,2,teescan,2025-12-31 04:01:45.170000+00:00
리베라,2026-01-07,09:44,110000,9,2,teescan,2025-12-27 02:02:02.097000+00:00
리베라,2026-01-07,09:51,110000,9,2,teescan,2025-12-27 02:02:02.097000+00:00
리베라,2026-01-07,09:58,110000,9,2,teescan,2025-12-27 02:02:02.097000+00:00
리베라,2026-01-07,10:05,110000,10,2,teescan,2026-01-02 06:01:19.655000+00:00
리베라,2026-01-07,10:12,110000,10,2,teescan,2026-01-06 04:00:40.878000+00:00
리베라,2026-01-07,10:19,110000,10,2,teescan,2025-12-27 02:02:02.097000+00:00
리베라,2026-01-07,10:47,110000,10,2,teescan,2025-12-27 02:02:02.097000+00:00
리베라,2026-01-07,10:54,110000,10,2,teescan,2025-12-27 02:02:02.097000+00:00
리베라,2026-01-07,11:01,110000,11,2,teescan,2025-12-27 02:02:02.097000+00:00
리베라,2026-01-07,11:08,110000,11,2,teescan,2025-12-31 04:01:45.170000+00:00
리베라,2026-01-07,11:15,110000,11,2,teescan,2025-12-31 04:01:45.170000+00:00
마이다스,2026-01-07,09:30,60000,9,2,golfpang,2026-01-06 05:00:57.985000+00:00
마이다스,2026-01-07,10:03,70000,10,2,golfpang,2026-01-05 00:30:53.126000+00:00
마이다스,2026-01-07,10:19,60000,10,2,teescan,2026-01-04 08:30:57.039000+00:00
마이다스,2026-01-07,10:26,60000,10,2,teescan,2026-01-05 07:30:53.636000+00:00
마이다스,2026-01-07,10:41,60000,10,2,golfpang,2026-01-06 05:00:57.985000+00:00
마이다스,2026-01-07,11:01,70000,11,2,golfpang,2026-01-05 03:30:41.033000+00:00
마이다스,2026-01-07,11:08,59000,11,2,golfpang,2026-01-06 03:00:54.833000+00:00
마이다스,2026-01-07,11:15,60000,11,2,golfpang,2026-01-04 09:00:59.973000+00:00
모나크,2026-01-07,09:40,70000,9,2,golfpang,2026-01-06 05:00:57.985000+00:00
모나크,2026-01-07,09:54,120000,9,2,golfpang,2026-01-06 05:00:57.985000+00:00
모나크,2026-01-07,10:22,70000,10,2,golfpang,2026-01-06 05:00:57.985000+00:00
모나크,2026-01-07,10:29,120000,10,2,golfpang,2026-01-06 05:00:57.985000+00:00
모나크,2026-01-07,11:18,70000,11,2,golfpang,2025-12-25 00:02:24.709000+00:00
벨라스톤,2026-01-07,09:30,49000,9,2,teescan,2026-01-05 02:00:46.531000+00:00
벨라스톤,2026-01-07,09:37,49000,9,2,teescan,2026-01-05 02:00:46.531000+00:00
벨라스톤,2026-01-07,09:44,49000,9,2,teescan,2026-01-05 02:00:46.531000+00:00
벨라스톤,2026-01-07,09:51,49000,9,2,teescan,2026-01-05 02:00:46.531000+00:00
벨라스톤,2026-01-07,09:58,49000,9,2,teescan,2026-01-05 02:00:46.531000+00:00
벨라스톤,2026-01-07,10:05,49000,10,2,teescan,2026-01-05 02:00:46.531000+00:00
벨라스톤,2026-01-07,10:12,49000,10,2,teescan,2026-01-05 02:00:46.531000+00:00
벨라스톤,2026-01-07,10:19,49000,10,2,teescan,2026-01-05 02:00:46.531000+00:00
벨라스톤,2026-01-07,10:26,49000,10,2,teescan,2026-01-05 02:00:46.531000+00:00
벨라스톤,2026-01-07,10:33,40000,10,2,golfpang,2026-01-06 05:00:57.985000+00:00
벨라스톤,2026-01-07,10:47,49000,10,2,teescan,2026-01-05 02:00:46.531000+00:00
벨라스톤,2026-01-07,10:49,45000,10,2,golfpang,2026-01-04 05:30:54.613000+00:00
벨라스톤,2026-01-07,10:54,49000,10,2,teescan,2026-01-05 02:00:46.531000+00:00
벨라스톤,2026-01-07,10:57,55000,10,2,golfpang,2026-01-05 08:00:43.872000+00:00
벨라스톤,2026-01-07,11:01,49000,11,2,teescan,2026-01-05 02:00:46.531000+00:00
벨라스톤,2026-01-07,11:08,50000,11,2,golfpang,2026-01-06 05:00:57.985000+00:00
벨라스톤,2026-01-07,11:15,49000,11,2,teescan,2026-01-05 02:00:46.531000+00:00
벨라스톤,2026-01-07,11:22,49000,11,2,teescan,2026-01-05 02:00:46.531000+00:00
벨라스톤,2026-01-07,11:29,49000,11,2,teescan,2026-01-05 02:00:46.531000+00:00
벨라스톤,2026-01-07,11:36,49000,11,2,teescan,2026-01-05 02:00:46.531000+00:00
벨라스톤,2026-01-07,11:43,49000,11,2,teescan,2026-01-05 02:00:46.531000+00:00
벨라스톤,2026-01-07,11:50,49000,11,2,teescan,2026-01-05 02:00:46.531000+00:00
세현,2026-01-07,09:30,70000,9,2,teescan,2026-01-02 01:01:21.621000+00:00
세현,2026-01-07,09:37,70000,9,2,teescan,2026-01-02 01:01:21.621000+00:00
세현,2026-01-07,09:44,70000,9,2,teescan,2026-01-02 01:01:21.621000+00:00
세현,2026-01-07,09:51,70000,9,2,teescan,2026-01-02 01:01:21.621000+00:00
세현,2026-01-07,09:58,70000,9,2,teescan,2026-01-02 01:01:21.621000+00:00
세현,2026-01-07,10:05,70000,10,2,teescan,2026-01-02 01:01:21.621000+00:00
세현,2026-01-07,10:12,70000,10,2,teescan,2026-01-02 01:01:21.621000+00:00
세현,2026-01-07,10:19,70000,10,2,teescan,2026-01-02 01:01:21.621000+00:00
세현,2026-01-07,10:26,70000,10,2,teescan,2026-01-02 01:01:21.621000+00:00
세현,2026-01-07,10:40,70000,10,2,teescan,2026-01-02 01:01:21.621000+00:00
세현,2026-01-07,10:47,70000,10,2,teescan,2026-01-02 01:01:21.621000+00:00
세현,2026-01-07,10:54,70000,10,2,teescan,2026-01-02 01:01:21.621000+00:00
세현,2026-01-07,11:15,70000,11,2,teescan,2026-01-02 01:01:21.621000+00:00
세현,2026-01-07,11:22,70000,11,2,teescan,2026-01-02 01:01:21.621000+00:00
세현,2026-01-07,11:29,70000,11,2,teescan,2026-01-02 01:01:21.621000+00:00
세현,2026-01-07,11:36,70000,11,2,teescan,2026-01-02 01:01:21.621000+00:00
세현,2026-01-07,11:43,70000,11,2,teescan,2026-01-02 01:01:21.621000+00:00
세현,2026-01-07,11:50,70000,11,2,teescan,2026-01-02 01:01:21.621000+00:00
수원,2026-01-07,10:12,150000,10,2,teescan,2026-01-02 03:01:18.464000+00:00
수원,2026-01-07,10:40,150000,10,2,teescan,2026-01-02 03:01:18.464000+00:00
수원,2026-01-07,11:22,150000,11,2,teescan,2026-01-02 03:01:18.464000+00:00
신라,2026-01-07,09:34,60000,9,2,teescan,2026-01-05 07:00:45.675000+00:00
신라,2026-01-07,09:41,60000,9,2,teescan,2026-01-04 00:31:10.393000+00:00
신라,2026-01-07,09:48,60000,9,2,teescan,2026-01-05 03:30:41.033000+00:00
신라,2026-01-07,09:50,57000,9,2,golfpang,2026-01-04 11:01:00.028000+00:00
신라,2026-01-07,09:55,60000,9,2,golfpang,2026-01-06 00:00:45.819000+00:00
신라,2026-01-07,09:59,77000,9,2,golfpang,2026-01-04 09:30:50.868000+00:00
신라,2026-01-07,10:37,57000,10,2,golfpang,2026-01-06 04:31:02.618000+00:00
신라,2026-01-07,10:40,85000,10,2,golfpang,2026-01-05 06:00:50.690000+00:00
신라,2026-01-07,10:44,70000,10,2,golfpang,2026-01-06 00:30:52.722000+00:00
신라,2026-01-07,11:00,67000,11,2,golfpang,2026-01-06 00:30:52.722000+00:00
신라,2026-01-07,11:05,70000,11,2,golfpang,2026-01-06 03:30:41.064000+00:00
신라,2026-01-07,11:30,77000,11,2,golfpang,2026-01-04 09:30:50.868000+00:00
신라,2026-01-07,11:40,57000,11,2,golfpang,2026-01-06 04:00:40.878000+00:00
신라,2026-01-07,11:47,60000,11,2,teescan,2026-01-06 00:00:45.819000+00:00
신라,2026-01-07,11:54,60000,11,2,teescan,2026-01-05 08:00:43.872000+00:00
신라,2026-01-07,12:01,60000,12,2,golfpang,2026-01-04 00:31:10.393000+00:00
신라,2026-01-07,12:08,60000,12,2,teescan,2026-01-06 00:00:45.819000+00:00
써닝포인트,2026-01-07,10:05,75000,10,2,golfpang,2026-01-06 04:31:02.618000+00:00
써닝포인트,2026-01-07,10:50,85000,10,2,golfpang,2026-01-06 03:30:41.064000+00:00
써닝포인트,2026-01-07,11:01,75000,11,2,teescan,2025-12-30 01:01:45.749000+00:00
써닝포인트,2026-01-07,11:36,85000,11,2,golfpang,2026-01-06 04:00:40.878000+00:00
써닝포인트,2026-01-07,12:04,75000,12,2,teescan,2025-12-30 01:01:45.749000+00:00
썬밸리,2026-01-07,10:30,70000,10,2,golfpang,2026-01-05 02:00:46.531000+00:00
알프스대영,2026-01-07,09:58,40000,9,2,teescan,2025-12-25 00:02:24.709000+00:00
알프스대영,2026-01-07,10:05,40000,10,2,golfpang,2026-01-06 04:00:40.878000+00:00
알프스대영,2026-01-07,10:48,30000,10,2,golfpang,2026-01-06 02:30:51.769000+00:00
알프스대영,2026-01-07,11:00,30000,11,2,golfpang,2026-01-06 03:00:54.833000+00:00
알프스대영,2026-01-07,11:01,40000,11,2,golfpang,2026-01-05 05:00:45.737000+00:00
알프스대영,2026-01-07,12:04,40000,12,2,teescan,2025-12-25 00:02:25.305000+00:00
양지파인,2026-01-07,09:30,60000,9,2,golfpang,2026-01-06 05:00:57.985000+00:00
양지파인,2026-01-07,10:33,60000,10,2,golfpang,2026-01-06 05:00:57.985000+00:00
양지파인,2026-01-07,11:06,47500,11,2,golfpang,2026-01-05 23:00:36.704000+00:00
양지파인,2026-01-07,11:29,48000,11,2,golfpang,2026-01-06 04:31:02.618000+00:00
양지파인,2026-01-07,11:30,60000,11,2,golfpang,2026-01-06 05:00:57.985000+00:00
올데이,2026-01-07,10:07,40000,10,2,golfpang,2026-01-06 04:31:02.618000+00:00
올데이,2026-01-07,10:42,45000,10,2,golfpang,2026-01-06 05:00:57.985000+00:00
올데이,2026-01-07,11:10,45000,11,2,golfpang,2026-01-06 05:00:57.985000+00:00
올데이,2026-01-07,11:31,40000,11,2,golfpang,2026-01-06 05:00:57.985000+00:00
올데이,2026-01-07,12:06,40000,12,2,teescan,2025-12-25 00:02:24.709000+00:00
윈체스트,2026-01-07,09:34,60000,9,2,teescan,2026-01-05 07:00:45.675000+00:00
윈체스트,2026-01-07,09:41,60000,9,2,teescan,2026-01-04 00:31:10.393000+00:00
윈체스트,2026-01-07,09:48,60000,9,2,teescan,2026-01-05 03:30:41.033000+00:00
윈체스트,2026-01-07,09:55,60000,9,2,teescan,2026-01-06 00:30:52.722000+00:00
윈체스트,2026-01-07,11:47,60000,11,2,teescan,2026-01-06 00:00:45.819000+00:00
윈체스트,2026-01-07,11:54,60000,11,2,teescan,2026-01-05 08:00:43.872000+00:00
윈체스트,2026-01-07,12:01,60000,12,2,teescan,2026-01-06 00:00:45.819000+00:00
윈체스트,2026-01-07,12:08,60000,12,2,teescan,2026-01-06 00:00:45.819000+00:00
은화삼,2026-01-07,09:30,100000,9,2,teescan,2026-01-02 01:31:14.220000+00:00
은화삼,2026-01-07,09:51,100000,9,2,teescan,2025-12-25 00:02:24.709000+00:00
은화삼,2026-01-07,10:19,100000,10,2,teescan,2025-12-30 23:31:36.453000+00:00
은화삼,2026-01-07,10:40,100000,10,2,teescan,2025-12-25 00:02:24.709000+00:00
은화삼,2026-01-07,11:01,100000,11,2,teescan,2025-12-25 00:02:24.709000+00:00
은화삼,2026-01-07,11:29,100000,11,2,teescan,2025-12-31 23:31:36.879000+00:00
은화삼,2026-01-07,11:50,100000,11,2,teescan,2025-12-25 00:02:24.709000+00:00
이글몬트,2026-01-07,09:44,65000,9,2,golfpang,2026-01-06 04:31:02.618000+00:00
이글몬트,2026-01-07,10:12,69000,10,2,golfpang,2026-01-06 04:31:02.618000+00:00
이글몬트,2026-01-07,10:33,80000,10,2,golfpang,2026-01-06 04:31:02.618000+00:00
이글몬트,2026-01-07,10:40,64000,10,2,golfpang,2026-01-06 04:31:02.618000+00:00
이글몬트,2026-01-07,10:54,65000,10,2,golfpang,2026-01-06 04:31:02.618000+00:00
이글몬트,2026-01-07,11:00,69000,11,2,golfpang,2026-01-04 00:00:58.713000+00:00
이글몬트,2026-01-07,11:01,80000,11,2,golfpang,2026-01-06 04:31:02.618000+00:00
이글몬트,2026-01-07,11:08,65000,11,2,golfpang,2026-01-06 05:00:57.985000+00:00
일레븐,2026-01-07,10:40,40000,10,2,golfpang,2026-01-06 05:00:57.985000+00:00
일레븐,2026-01-07,11:15,40000,11,2,golfpang,2026-01-06 05:00:57.985000+00:00
일레븐,2026-01-07,12:04,40000,12,2,golfpang,2026-01-04 08:01:01.290000+00:00
진양밸리,2026-01-07,09:30,60000,9,2,teescan,2025-12-25 00:02:25.305000+00:00
진양밸리,2026-01-07,09:37,60000,9,2,teescan,2025-12-25 00:02:25.305000+00:00
진양밸리,2026-01-07,09:44,60000,9,2,teescan,2025-12-25 00:02:25.305000+00:00
진양밸리,2026-01-07,09:51,60000,9,2,teescan,2025-12-25 00:02:25.305000+00:00
진양밸리,2026-01-07,09:58,60000,9,2,teescan,2025-12-25 00:02:25.305000+00:00
진양밸리,2026-01-07,10:05,60000,10,2,teescan,2025-12-25 00:02:25.305000+00:00
진양밸리,2026-01-07,10:12,60000,10,2,teescan,2025-12-25 00:02:25.305000+00:00
진양밸리,2026-01-07,10:19,60000,10,2,teescan,2025-12-25 00:02:25.305000+00:00
진양밸리,2026-01-07,10:26,60000,10,2,teescan,2025-12-25 00:02:25.305000+00:00
진양밸리,2026-01-07,10:33,60000,10,2,teescan,2025-12-25 00:02:25.305000+00:00
진양밸리,2026-01-07,10:40,60000,10,2,teescan,2025-12-25 00:02:25.305000+00:00
진양밸리,2026-01-07,10:47,60000,10,2,teescan,2025-12-25 00:02:25.305000+00:00
진양밸리,2026-01-07,10:54,60000,10,2,teescan,2025-12-25 00:02:25.305000+00:00
진양밸리,2026-01-07,10:58,60000,10,2,golfpang,2026-01-06 04:31:02.618000+00:00
진양밸리,2026-01-07,11:01,60000,11,2,teescan,2025-12-25 00:02:25.305000+00:00
진양밸리,2026-01-07,11:15,60000,11,2,teescan,2025-12-25 00:02:25.305000+00:00
진양밸리,2026-01-07,11:22,60000,11,2,teescan,2025-12-25 00:02:25.305000+00:00
진양밸리,2026-01-07,11:29,60000,11,2,teescan,2025-12-25 00:02:25.305000+00:00
진양밸리,2026-01-07,11:36,60000,11,2,teescan,2025-12-25 00:02:25.305000+00:00
진양밸리,2026-01-07,11:43,60000,11,2,teescan,2025-12-25 00:02:25.305000+00:00
진양밸리,2026-01-07,11:50,60000,11,2,teescan,2025-12-25 00:02:25.305000+00:00
코리아,2026-01-07,09:30,160000,9,2,golfpang,2026-01-04 23:00:55.261000+00:00
코리아,2026-01-07,09:58,99000,9,2,golfpang,2026-01-04 06:00:52.908000+00:00
코리아,2026-01-07,10:26,99000,10,2,golfpang,2026-01-04 06:00:52.908000+00:00
코리아,2026-01-07,11:43,99000,11,2,golfpang,2026-01-04 07:30:45.061000+00:00
태광,2026-01-07,09:20,150000,9,2,teescan,2026-01-05 00:00:56.555000+00:00
태광,2026-01-07,09:41,150000,9,2,teescan,2025-12-25 00:02:24.709000+00:00
태광,2026-01-07,09:48,150000,9,2,teescan,2025-12-25 00:02:24.709000+00:00
태광,2026-01-07,10:09,150000,10,2,teescan,2025-12-25 00:02:24.709000+00:00
태광,2026-01-07,10:23,150000,10,2,teescan,2025-12-25 00:02:24.709000+00:00
태광,2026-01-07,10:44,150000,10,2,teescan,2025-12-25 00:02:24.709000+00:00
태광,2026-01-07,10:51,150000,10,2,teescan,2025-12-25 00:02:24.709000+00:00
태광,2026-01-07,10:58,150000,10,2,teescan,2025-12-25 00:02:24.709000+00:00
태광,2026-01-07,11:05,150000,11,2,teescan,2025-12-25 00:02:24.709000+00:00
태광,2026-01-07,11:19,150000,11,2,teescan,2025-12-25 00:02:24.709000+00:00
태광,2026-01-07,11:26,150000,11,2,teescan,2025-12-25 00:02:24.709000+00:00
태광,2026-01-07,11:47,150000,11,2,teescan,2025-12-25 00:02:24.709000+00:00
태광,2026-01-07,11:54,150000,11,2,teescan,2025-12-25 00:02:24.709000+00:00
파인크리,2026-01-07,09:30,80000,9,2,teescan,2025-12-25 00:02:24.709000+00:00
파인크리,2026-01-07,09:44,80000,9,2,teescan,2025-12-25 00:02:24.709000+00:00
파인크리,2026-01-07,09:51,80000,9,2,teescan,2025-12-25 00:02:24.709000+00:00
파인크리,2026-01-07,09:58,80000,9,2,teescan,2025-12-25 00:02:24.709000+00:00
파인크리,2026-01-07,10:05,80000,10,2,teescan,2025-12-25 00:02:24.709000+00:00
파인크리,2026-01-07,10:12,80000,10,2,teescan,2025-12-25 00:02:24.709000+00:00
파인크리,2026-01-07,10:19,80000,10,2,teescan,2025-12-25 00:02:24.709000+00:00
파인크리,2026-01-07,10:26,80000,10,2,teescan,2025-12-25 00:02:24.709000+00:00
파인크리,2026-01-07,10:33,80000,10,2,teescan,2025-12-25 00:02:24.709000+00:00
파인크리,2026-01-07,10:40,80000,10,2,teescan,2025-12-25 00:02:24.709000+00:00
파인크리,2026-01-07,10:47,80000,10,2,teescan,2025-12-25 00:02:24.709000+00:00
파인크리,2026-01-07,10:54,80000,10,2,teescan,2026-01-05 23:00:36.704000+00:00
파인크리,2026-01-07,11:01,70000,11,2,golfpang,2026-01-06 05:00:57.985000+00:00
파인크리,2026-01-07,11:08,80000,11,2,teescan,2026-01-05 23:00:36.704000+00:00
파인크리,2026-01-07,11:15,80000,11,2,teescan,2026-01-05 23:00:36.704000+00:00
파인크리,2026-01-07,11:22,80000,11,2,teescan,2025-12-25 00:02:24.709000+00:00
파인크리,2026-01-07,11:29,80000,11,2,teescan,2025-12-25 00:02:24.709000+00:00
파인크리,2026-01-07,11:36,80000,11,2,teescan,2025-12-25 00:02:24.709000+00:00
파인크리,2026-01-07,11:43,80000,11,2,teescan,2025-12-25 00:02:24.709000+00:00
포웰,2026-01-07,08:29,40000,8,2,golfpang,2025-12-29 03:31:39.795000+00:00
포웰,2026-01-07,09:42,40000,9,2,golfpang,2026-01-06 04:00:40.878000+00:00
포웰,2026-01-07,10:00,40000,10,2,golfpang,2026-01-06 00:30:52.722000+00:00
포웰,2026-01-07,10:45,50000,10,2,golfpang,2026-01-06 05:00:57.985000+00:00
포웰,2026-01-07,11:13,50000,11,2,golfpang,2026-01-06 05:00:57.985000+00:00
포웰,2026-01-07,12:02,50000,12,2,golfpang,2026-01-06 02:30:51.769000+00:00
포웰,2026-01-07,14:12,50000,14,2,golfpang,2026-01-06 05:00:57.985000+00:00
포웰,2026-01-07,14:54,40000,14,2,golfpang,2026-01-06 04:31:02.618000+00:00
포웰,2026-01-07,15:01,40000,15,2,golfpang,2026-01-06 03:30:41.064000+00:00
플라자용인,2026-01-07,09:27,100000,9,2,teescan,2025-12-31 06:01:40.856000+00:00
플라자용인,2026-01-07,09:28,100000,9,2,teescan,2025-12-31 06:01:40.856000+00:00
플라자용인,2026-01-07,09:29,100000,9,2,teescan,2025-12-31 06:01:40.856000+00:00
플라자용인,2026-01-07,09:30,100000,9,2,teescan,2026-01-01 07:01:22.277000+00:00
플라자용인,2026-01-07,09:34,100000,9,2,teescan,2025-12-31 06:01:40.856000+00:00
플라자용인,2026-01-07,09:35,100000,9,2,teescan,2025-12-31 06:01:40.856000+00:00
플라자용인,2026-01-07,09:36,100000,9,2,teescan,2025-12-31 06:01:40.856000+00:00
플라자용인,2026-01-07,09:37,100000,9,2,teescan,2025-12-31 06:01:40.856000+00:00
플라자용인,2026-01-07,09:41,100000,9,2,teescan,2025-12-31 06:01:40.856000+00:00
플라자용인,2026-01-07,09:42,100000,9,2,teescan,2025-12-31 06:01:40.856000+00:00
플라자용인,2026-01-07,09:43,100000,9,2,teescan,2025-12-31 06:01:40.856000+00:00
플라자용인,2026-01-07,09:48,100000,9,2,teescan,2025-12-31 06:01:40.856000+00:00
플라자용인,2026-01-07,09:49,100000,9,2,teescan,2025-12-31 06:01:40.856000+00:00
플라자용인,2026-01-07,09:50,100000,9,2,teescan,2025-12-31 06:01:40.856000+00:00
플라자용인,2026-01-07,09:51,100000,9,2,teescan,2025-12-31 06:01:40.856000+00:00
플라자용인,2026-01-07,09:55,100000,9,2,teescan,2025-12-31 06:01:40.856000+00:00
플라자용인,2026-01-07,09:56,100000,9,2,teescan,2025-12-31 06:01:40.856000+00:00
플라자용인,2026-01-07,09:57,100000,9,2,teescan,2025-12-31 06:01:40.856000+00:00
플라자용인,2026-01-07,09:58,100000,9,2,teescan,2025-12-31 06:01:40.856000+00:00
플라자용인,2026-01-07,10:02,100000,10,2,teescan,2025-12-31 06:01:40.856000+00:00
플라자용인,2026-01-07,10:05,100000,10,2,teescan,2025-12-31 06:01:40.856000+00:00
플라자용인,2026-01-07,10:09,100000,10,2,teescan,2025-12-31 06:01:40.856000+00:00
플라자용인,2026-01-07,10:10,100000,10,2,teescan,2025-12-31 06:01:40.856000+00:00
플라자용인,2026-01-07,10:11,100000,10,2,teescan,2025-12-31 06:01:40.856000+00:00
플라자용인,2026-01-07,10:12,100000,10,2,teescan,2025-12-31 06:01:40.856000+00:00
플라자용인,2026-01-07,10:16,100000,10,2,teescan,2025-12-31 06:01:40.856000+00:00
플라자용인,2026-01-07,10:17,100000,10,2,teescan,2025-12-31 06:01:40.856000+00:00
플라자용인,2026-01-07,10:18,100000,10,2,teescan,2025-12-31 06:01:40.856000+00:00
플라자용인,2026-01-07,10:19,100000,10,2,teescan,2025-12-31 06:01:40.856000+00:00
플라자용인,2026-01-07,10:23,100000,10,2,teescan,2025-12-31 06:01:40.856000+00:00
플라자용인,2026-01-07,10:24,100000,10,2,teescan,2025-12-31 06:01:40.856000+00:00
플라자용인,2026-01-07,10:25,100000,10,2,teescan,2026-01-02 07:31:14.239000+00:00
플라자용인,2026-01-07,10:30,100000,10,2,golfpang,2026-01-06 03:30:41.064000+00:00
플라자용인,2026-01-07,10:31,100000,10,2,teescan,2025-12-31 06:01:40.856000+00:00
플라자용인,2026-01-07,10:33,100000,10,2,teescan,2025-12-31 06:01:40.856000+00:00
플라자용인,2026-01-07,10:37,100000,10,2,teescan,2025-12-31 06:01:40.856000+00:00
플라자용인,2026-01-07,10:38,100000,10,2,teescan,2025-12-31 06:01:40.856000+00:00
플라자용인,2026-01-07,10:39,100000,10,2,teescan,2026-01-02 15:01:27.254000+00:00
플라자용인,2026-01-07,10:44,100000,10,2,teescan,2025-12-31 06:01:40.856000+00:00
플라자용인,2026-01-07,10:45,100000,10,2,teescan,2025-12-31 06:01:40.856000+00:00
플라자용인,2026-01-07,10:46,100000,10,2,teescan,2025-12-31 06:01:40.856000+00:00
플라자용인,2026-01-07,10:47,100000,10,2,teescan,2025-12-31 06:01:40.856000+00:00
플라자용인,2026-01-07,10:51,100000,10,2,teescan,2025-12-31 06:01:40.856000+00:00
플라자용인,2026-01-07,10:52,100000,10,2,teescan,2025-12-31 06:01:40.856000+00:00
플라자용인,2026-01-07,10:58,100000,10,2,teescan,2025-12-31 06:01:40.856000+00:00
플라자용인,2026-01-07,10:59,100000,10,2,teescan,2025-12-31 06:01:40.856000+00:00
플라자용인,2026-01-07,11:00,100000,11,2,golfpang,2026-01-06 03:30:41.064000+00:00
플라자용인,2026-01-07,11:01,100000,11,2,teescan,2025-12-31 06:01:40.856000+00:00
플라자용인,2026-01-07,11:05,100000,11,2,teescan,2025-12-31 06:01:40.856000+00:00
플라자용인,2026-01-07,11:06,100000,11,2,teescan,2025-12-31 06:01:40.856000+00:00
플라자용인,2026-01-07,11:07,100000,11,2,teescan,2026-01-02 03:31:17.458000+00:00
플라자용인,2026-01-07,11:08,100000,11,2,teescan,2025-12-31 06:01:40.856000+00:00
플라자용인,2026-01-07,11:12,100000,11,2,teescan,2025-12-31 06:01:40.856000+00:00
플라자용인,2026-01-07,11:13,100000,11,2,teescan,2025-12-31 06:01:40.856000+00:00
플라자용인,2026-01-07,11:14,100000,11,2,teescan,2025-12-31 06:01:40.856000+00:00
플라자용인,2026-01-07,11:15,100000,11,2,teescan,2025-12-31 06:01:40.856000+00:00
플라자용인,2026-01-07,11:19,100000,11,2,teescan,2025-12-31 06:01:40.856000+00:00
플라자용인,2026-01-07,11:20,100000,11,2,teescan,2025-12-31 06:01:40.856000+00:00
플라자용인,2026-01-07,11:21,100000,11,2,teescan,2025-12-31 06:01:40.856000+00:00
플라자용인,2026-01-07,11:22,100000,11,2,teescan,2025-12-31 06:01:40.856000+00:00
플라자용인,2026-01-07,11:26,100000,11,2,teescan,2025-12-31 06:01:40.856000+00:00
플라자용인,2026-01-07,11:27,100000,11,2,teescan,2025-12-31 06:01:40.856000+00:00
플라자용인,2026-01-07,11:29,100000,11,2,teescan,2026-01-02 02:31:15.534000+00:00
플라자용인,2026-01-07,11:33,100000,11,2,teescan,2025-12-31 06:01:40.856000+00:00
플라자용인,2026-01-07,11:34,100000,11,2,teescan,2025-12-31 06:01:40.856000+00:00
플라자용인,2026-01-07,11:36,100000,11,2,teescan,2026-01-03 08:31:14.106000+00:00
플라자용인,2026-01-07,11:40,100000,11,2,teescan,2025-12-31 06:01:40.856000+00:00
플라자용인,2026-01-07,11:41,100000,11,2,teescan,2025-12-31 06:01:40.856000+00:00
한림용인,2026-01-07,09:30,80000,9,2,teescan,2026-01-01 00:31:34.826000+00:00
한림용인,2026-01-07,09:37,80000,9,2,teescan,2026-01-01 00:31:34.826000+00:00
한림용인,2026-01-07,09:44,80000,9,2,teescan,2026-01-01 00:31:34.826000+00:00
한림용인,2026-01-07,09:51,80000,9,2,teescan,2026-01-01 00:31:34.826000+00:00
한림용인,2026-01-07,09:58,80000,9,2,teescan,2026-01-01 00:31:34.826000+00:00
한림용인,2026-01-07,10:05,80000,10,2,teescan,2026-01-01 00:31:34.826000+00:00
한림용인,2026-01-07,10:12,80000,10,2,teescan,2026-01-01 00:31:34.826000+00:00
한림용인,2026-01-07,10:19,80000,10,2,teescan,2026-01-01 00:31:34.826000+00:00
한림용인,2026-01-07,10:26,80000,10,2,teescan,2026-01-01 00:31:34.826000+00:00
한림용인,2026-01-07,10:33,90000,10,2,teescan,2026-01-01 00:31:34.826000+00:00
한림용인,2026-01-07,10:35,89000,10,2,golfpang,2026-01-06 04:31:02.618000+00:00
한림용인,2026-01-07,10:40,90000,10,2,teescan,2026-01-01 00:31:34.826000+00:00
한림용인,2026-01-07,10:47,90000,10,2,teescan,2026-01-01 00:31:34.826000+00:00
한림용인,2026-01-07,10:54,90000,10,2,teescan,2026-01-01 00:31:34.826000+00:00
한림용인,2026-01-07,11:01,90000,11,2,teescan,2026-01-01 00:31:34.826000+00:00
한림용인,2026-01-07,11:07,89000,11,2,golfpang,2026-01-05 10:00:54.793000+00:00
한림용인,2026-01-07,11:08,90000,11,2,teescan,2026-01-01 00:31:34.826000+00:00
한림용인,2026-01-07,11:15,90000,11,2,teescan,2026-01-01 00:31:34.826000+00:00
한림용인,2026-01-07,11:22,90000,11,2,teescan,2026-01-01 00:31:34.826000+00:00
한림용인,2026-01-07,11:29,90000,11,2,teescan,2026-01-01 00:31:34.826000+00:00
한림용인,2026-01-07,11:36,90000,11,2,teescan,2026-01-01 00:31:34.826000+00:00
한림용인,2026-01-07,11:43,90000,11,2,teescan,2026-01-01 00:31:34.826000+00:00
한림용인,2026-01-07,11:50,90000,11,2,teescan,2026-01-01 00:31:34.826000+00:00
한림용인,2026-01-07,11:57,90000,11,2,teescan,2026-01-01 00:31:34.826000+00:00
해솔리아,2026-01-07,09:00,80000,9,2,teescan,2025-12-30 06:31:28.491000+00:00
해솔리아,2026-01-07,09:07,80000,9,2,teescan,2025-12-30 06:31:28.491000+00:00
해솔리아,2026-01-07,09:14,80000,9,2,teescan,2025-12-30 06:31:28.491000+00:00
해솔리아,2026-01-07,09:21,80000,9,2,teescan,2025-12-30 06:31:28.491000+00:00
해솔리아,2026-01-07,09:28,80000,9,2,teescan,2025-12-30 06:31:28.491000+00:00
해솔리아,2026-01-07,09:35,80000,9,2,teescan,2025-12-30 06:31:28.491000+00:00
해솔리아,2026-01-07,09:42,80000,9,2,teescan,2025-12-30 06:31:28.491000+00:00
해솔리아,2026-01-07,09:49,80000,9,2,teescan,2025-12-30 06:31:28.491000+00:00
해솔리아,2026-01-07,09:56,80000,9,2,teescan,2025-12-30 06:31:28.491000+00:00
해솔리아,2026-01-07,10:03,80000,10,2,teescan,2025-12-30 06:31:28.491000+00:00
해솔리아,2026-01-07,10:10,80000,10,2,teescan,2025-12-30 06:31:28.491000+00:00
해솔리아,2026-01-07,10:17,80000,10,2,teescan,2025-12-30 06:31:28.491000+00:00
해솔리아,2026-01-07,10:24,80000,10,2,teescan,2025-12-30 06:31:28.491000+00:00
해솔리아,2026-01-07,10:31,80000,10,2,teescan,2025-12-30 06:31:28.491000+00:00
해솔리아,2026-01-07,10:38,80000,10,2,teescan,2025-12-30 06:31:28.491000+00:00
해솔리아,2026-01-07,10:45,80000,10,2,teescan,2025-12-30 06:31:28.491000+00:00
해솔리아,2026-01-07,10:52,80000,10,2,teescan,2025-12-30 06:31:28.491000+00:00
해솔리아,2026-01-07,10:59,80000,10,2,teescan,2025-12-30 06:31:28.491000+00:00
해솔리아,2026-01-07,11:06,80000,11,2,teescan,2025-12-30 06:31:28.491000+00:00
해솔리아,2026-01-07,11:13,80000,11,2,teescan,2025-12-30 06:31:28.491000+00:00
해솔리아,2026-01-07,11:20,80000,11,2,teescan,2025-12-30 06:31:28.491000+00:00
해솔리아,2026-01-07,11:27,80000,11,2,teescan,2025-12-30 06:31:28.491000+00:00
화성상록,2026-01-07,10:12,100000,10,2,teescan,2026-01-06 01:00:46.295000+00:00
화성상록,2026-01-07,10:50,100000,10,2,golfpang,2026-01-06 01:30:41.368000+00:00
화성상록,2026-01-07,11:08,100000,11,2,teescan,2026-01-06 04:31:02.618000+00:00
힐데스,2026-01-07,09:37,45000,9,2,teescan,2026-01-06 00:30:52.722000+00:00
힐데스,2026-01-07,09:44,40000,9,2,golfpang,2026-01-06 03:30:41.064000+00:00
힐데스,2026-01-07,10:52,40000,10,2,golfpang,2026-01-06 02:00:46.576000+00:00
힐데스,2026-01-07,11:00,30000,11,2,golfpang,2026-01-05 05:00:45.737000+00:00
힐데스,2026-01-07,11:14,40000,11,2,golfpang,2026-01-06 02:00:46.576000+00:00
힐데스,2026-01-07,11:52,50000,11,2,teescan,2026-01-05 04:30:50.485000+00:00
힐데스,2026-01-07,11:59,35000,11,2,golfpang,2026-01-05 03:30:41.033000+00:00
힐데스,2026-01-07,12:00,50000,12,2,golfpang,2026-01-06 03:30:41.064000+00:00
감곡,2026-01-08,09:30,50000,9,3,teescan,2025-12-29 09:31:43.878000+00:00
감곡,2026-01-08,09:37,50000,9,3,teescan,2025-12-29 09:31:43.878000+00:00
감곡,2026-01-08,09:44,50000,9,3,teescan,2025-12-29 09:31:43.878000+00:00
감곡,2026-01-08,09:51,50000,9,3,teescan,2025-12-29 09:31:43.878000+00:00
감곡,2026-01-08,09:58,50000,9,3,teescan,2025-12-29 09:31:43.878000+00:00
감곡,2026-01-08,10:05,50000,10,3,teescan,2025-12-29 09:31:43.878000+00:00
감곡,2026-01-08,10:12,50000,10,3,teescan,2025-12-29 09:31:43.878000+00:00
감곡,2026-01-08,10:19,50000,10,3,teescan,2025-12-29 09:31:43.878000+00:00
감곡,2026-01-08,10:26,50000,10,3,teescan,2025-12-29 09:31:43.878000+00:00
감곡,2026-01-08,10:33,50000,10,3,teescan,2025-12-29 09:31:43.878000+00:00
감곡,2026-01-08,10:40,50000,10,3,teescan,2025-12-29 09:31:43.878000+00:00
감곡,2026-01-08,10:47,50000,10,3,teescan,2025-12-29 09:31:43.878000+00:00
감곡,2026-01-08,10:54,50000,10,3,teescan,2025-12-29 09:31:43.878000+00:00
감곡,2026-01-08,11:01,50000,11,3,teescan,2025-12-29 09:31:43.878000+00:00
감곡,2026-01-08,11:08,50000,11,3,teescan,2025-12-29 09:31:43.878000+00:00
감곡,2026-01-08,11:15,50000,11,3,teescan,2025-12-29 09:31:43.878000+00:00
감곡,2026-01-08,11:22,50000,11,3,teescan,2025-12-29 09:31:43.878000+00:00
감곡,2026-01-08,11:29,50000,11,3,teescan,2026-01-01 09:31:48.647000+00:00
감곡,2026-01-08,11:36,50000,11,3,teescan,2025-12-29 09:31:43.878000+00:00
감곡,2026-01-08,11:43,50000,11,3,teescan,2025-12-29 09:31:43.878000+00:00
감곡,2026-01-08,11:50,50000,11,3,teescan,2025-12-29 09:31:43.878000+00:00
골프존H,2026-01-08,09:43,60000,9,3,golfpang,2026-01-06 05:00:45.178000+00:00
골프존H,2026-01-08,10:11,60000,10,3,golfpang,2026-01-06 05:00:45.178000+00:00
골프존H,2026-01-08,10:32,59000,10,3,golfpang,2026-01-06 05:00:45.178000+00:00
골프존H,2026-01-08,11:00,59000,11,3,golfpang,2026-01-06 05:00:45.178000+00:00
골프존H,2026-01-08,11:28,60000,11,3,golfpang,2026-01-06 05:00:45.178000+00:00
골프존H,2026-01-08,12:03,60000,12,3,golfpang,2026-01-06 05:00:45.178000+00:00
골프존화랑,2026-01-08,09:50,40000,9,3,teescan,2026-01-04 08:01:12.833000+00:00
골프존화랑,2026-01-08,09:57,40000,9,3,teescan,2026-01-04 08:01:12.833000+00:00
골프존화랑,2026-01-08,10:04,55000,10,3,golfpang,2026-01-05 08:30:48.072000+00:00
골프존화랑,2026-01-08,10:11,40000,10,3,teescan,2026-01-04 08:01:12.833000+00:00
골프존화랑,2026-01-08,10:18,40000,10,3,teescan,2026-01-04 08:01:12.833000+00:00
골프존화랑,2026-01-08,10:25,40000,10,3,teescan,2026-01-04 08:01:12.833000+00:00
골프존화랑,2026-01-08,10:32,40000,10,3,teescan,2026-01-04 08:01:12.833000+00:00
골프존화랑,2026-01-08,10:39,40000,10,3,teescan,2026-01-04 08:01:12.833000+00:00
골프존화랑,2026-01-08,10:46,40000,10,3,teescan,2026-01-04 08:01:12.833000+00:00
골프존화랑,2026-01-08,10:53,40000,10,3,teescan,2026-01-04 08:01:12.833000+00:00
골프존화랑,2026-01-08,11:00,40000,11,3,teescan,2026-01-04 08:01:12.833000+00:00
골프존화랑,2026-01-08,11:07,40000,11,3,teescan,2026-01-04 08:01:12.833000+00:00
골프존화랑,2026-01-08,11:14,40000,11,3,teescan,2026-01-04 08:01:12.833000+00:00
골프존화랑,2026-01-08,11:28,40000,11,3,teescan,2026-01-04 08:01:12.833000+00:00
골프존화랑,2026-01-08,11:29,65000,11,3,golfpang,2026-01-05 03:00:50.010000+00:00
골프존화랑,2026-01-08,11:42,40000,11,3,teescan,2026-01-04 08:01:12.833000+00:00
골프존화랑,2026-01-08,11:49,55000,11,3,golfpang,2026-01-05 15:00:55.990000+00:00
골프존화랑,2026-01-08,11:50,50000,11,3,golfpang,2026-01-06 04:30:43.374000+00:00
골프존화랑,2026-01-08,11:56,40000,11,3,teescan,2026-01-04 08:01:12.833000+00:00
골프존화랑,2026-01-08,12:03,50000,12,3,golfpang,2026-01-06 04:30:43.374000+00:00
골프존화랑,2026-01-08,12:10,40000,12,3,teescan,2026-01-04 08:01:12.833000+00:00
기흥,2026-01-08,09:51,110000,9,3,golfpang,2026-01-04 02:31:11.256000+00:00
기흥,2026-01-08,10:00,100000,10,3,golfpang,2026-01-05 07:31:00.140000+00:00
기흥,2026-01-08,10:30,110000,10,3,golfpang,2026-01-06 04:30:43.374000+00:00
기흥,2026-01-08,11:00,110000,11,3,golfpang,2026-01-06 04:30:43.374000+00:00
남여주,2026-01-08,09:20,50000,9,3,teescan,2025-12-26 00:02:37.894000+00:00
남여주,2026-01-08,09:27,50000,9,3,teescan,2025-12-26 00:02:37.894000+00:00
남여주,2026-01-08,09:34,50000,9,3,teescan,2025-12-26 00:02:37.894000+00:00
남여주,2026-01-08,09:41,50000,9,3,teescan,2025-12-26 00:02:37.894000+00:00
남여주,2026-01-08,09:48,50000,9,3,teescan,2025-12-26 00:02:37.894000+00:00
남여주,2026-01-08,09:55,50000,9,3,teescan,2025-12-26 00:02:37.894000+00:00
남여주,2026-01-08,10:02,50000,10,3,teescan,2025-12-26 00:02:37.894000+00:00
남여주,2026-01-08,10:09,50000,10,3,teescan,2025-12-26 00:02:37.894000+00:00
남여주,2026-01-08,10:16,50000,10,3,teescan,2025-12-26 00:02:37.894000+00:00
남여주,2026-01-08,10:23,50000,10,3,teescan,2025-12-26 00:02:37.894000+00:00
남여주,2026-01-08,10:30,50000,10,3,teescan,2025-12-26 00:02:37.894000+00:00
남여주,2026-01-08,10:37,50000,10,3,teescan,2025-12-26 00:02:37.894000+00:00
남여주,2026-01-08,10:44,50000,10,3,teescan,2025-12-26 00:02:37.894000+00:00
남여주,2026-01-08,10:51,50000,10,3,teescan,2025-12-26 00:02:37.894000+00:00
남여주,2026-01-08,10:58,50000,10,3,teescan,2025-12-26 00:02:37.894000+00:00
남여주,2026-01-08,11:05,50000,11,3,teescan,2025-12-28 00:01:42.270000+00:00
남여주,2026-01-08,11:19,50000,11,3,teescan,2025-12-26 00:02:38.535000+00:00
남여주,2026-01-08,11:26,50000,11,3,teescan,2025-12-26 00:02:38.535000+00:00
남여주,2026-01-08,11:33,50000,11,3,teescan,2025-12-26 00:02:38.535000+00:00
남여주,2026-01-08,11:40,50000,11,3,teescan,2025-12-26 00:02:38.535000+00:00
남여주,2026-01-08,11:47,50000,11,3,teescan,2025-12-26 00:02:38.535000+00:00
대영베이스,2026-01-08,09:34,40000,9,3,golfpang,2026-01-06 04:00:45.604000+00:00
대영베이스,2026-01-08,10:16,40000,10,3,golfpang,2026-01-06 05:00:45.178000+00:00
대영베이스,2026-01-08,11:26,40000,11,3,golfpang,2026-01-06 05:00:45.178000+00:00
대영베이스,2026-01-08,12:08,40000,12,3,teescan,2025-12-27 00:32:00.976000+00:00
대영힐스,2026-01-08,10:51,40000,10,3,golfpang,2026-01-06 04:30:43.374000+00:00
대영힐스,2026-01-08,11:05,40000,11,3,golfpang,2026-01-04 23:31:17.839000+00:00
대영힐스,2026-01-08,12:01,40000,12,3,teescan,2025-12-26 00:02:37.894000+00:00
더크로스비,2026-01-08,10:00,64000,10,3,golfpang,2026-01-05 03:30:56.155000+00:00
더크로스비,2026-01-08,10:05,70000,10,3,teescan,2026-01-05 15:30:57.391000+00:00
더크로스비,2026-01-08,10:12,70000,10,3,teescan,2026-01-05 15:30:57.391000+00:00
더크로스비,2026-01-08,10:19,70000,10,3,teescan,2026-01-05 15:30:57.391000+00:00
더크로스비,2026-01-08,10:26,70000,10,3,teescan,2026-01-05 15:30:57.391000+00:00
더크로스비,2026-01-08,10:33,70000,10,3,teescan,2026-01-05 15:30:57.391000+00:00
더크로스비,2026-01-08,10:40,70000,10,3,teescan,2026-01-05 15:30:57.391000+00:00
더크로스비,2026-01-08,10:47,70000,10,3,teescan,2026-01-05 15:30:57.391000+00:00
더크로스비,2026-01-08,10:54,65000,10,3,golfpang,2026-01-06 05:00:45.178000+00:00
더크로스비,2026-01-08,11:00,64000,11,3,golfpang,2026-01-06 04:30:43.374000+00:00
더크로스비,2026-01-08,11:01,70000,11,3,teescan,2026-01-05 15:30:57.391000+00:00
더크로스비,2026-01-08,11:08,70000,11,3,teescan,2026-01-05 15:30:57.391000+00:00
더크로스비,2026-01-08,11:09,65000,11,3,golfpang,2026-01-06 05:00:45.178000+00:00
더크로스비,2026-01-08,11:15,70000,11,3,teescan,2026-01-06 01:30:47.860000+00:00
더크로스비,2026-01-08,11:36,70000,11,3,teescan,2026-01-05 15:30:57.391000+00:00
더크로스비,2026-01-08,11:43,70000,11,3,teescan,2026-01-05 15:30:57.391000+00:00
더크로스비,2026-01-08,11:50,70000,11,3,teescan,2026-01-05 15:30:57.391000+00:00
더크로스비,2026-01-08,11:57,70000,11,3,teescan,2026-01-05 15:30:57.391000+00:00
동촌,2026-01-08,09:37,55000,9,3,teescan,2026-01-01 01:31:17.974000+00:00
동촌,2026-01-08,09:44,55000,9,3,teescan,2026-01-01 01:31:17.974000+00:00
동촌,2026-01-08,09:51,55000,9,3,teescan,2026-01-01 01:31:17.974000+00:00
동촌,2026-01-08,09:58,55000,9,3,teescan,2026-01-01 01:31:17.974000+00:00
동촌,2026-01-08,10:19,60000,10,3,teescan,2025-12-29 15:01:58.239000+00:00
동촌,2026-01-08,10:40,60000,10,3,teescan,2025-12-29 15:01:58.239000+00:00
동촌,2026-01-08,10:47,60000,10,3,teescan,2025-12-31 00:31:33.402000+00:00
동촌,2026-01-08,10:54,60000,10,3,teescan,2025-12-29 15:01:58.239000+00:00
동촌,2026-01-08,11:00,55000,11,3,golfpang,2026-01-06 05:00:45.178000+00:00
동촌,2026-01-08,11:08,60000,11,3,teescan,2025-12-31 03:31:37.716000+00:00
동촌,2026-01-08,11:15,60000,11,3,teescan,2025-12-29 15:01:58.239000+00:00
동촌,2026-01-08,11:36,60000,11,3,teescan,2026-01-02 07:01:34.316000+00:00
동촌,2026-01-08,11:43,60000,11,3,teescan,2025-12-29 15:01:58.239000+00:00
동촌,2026-01-08,11:50,60000,11,3,teescan,2025-12-30 00:31:52.775000+00:00
떼제베,2026-01-08,10:00,50000,10,3,teescan,2025-12-28 23:01:59.663000+00:00
떼제베,2026-01-08,10:07,50000,10,3,teescan,2025-12-28 23:01:59.663000+00:00
떼제베,2026-01-08,10:21,50000,10,3,teescan,2025-12-28 23:01:59.663000+00:00
떼제베,2026-01-08,10:28,50000,10,3,teescan,2025-12-28 23:01:59.663000+00:00
떼제베,2026-01-08,10:35,50000,10,3,teescan,2026-01-04 23:31:17.839000+00:00
떼제베,2026-01-08,10:49,50000,10,3,teescan,2026-01-04 23:31:17.839000+00:00
떼제베,2026-01-08,10:50,50000,10,3,golfpang,2026-01-06 05:00:45.178000+00:00
떼제베,2026-01-08,10:56,50000,10,3,teescan,2026-01-06 05:00:45.178000+00:00
떼제베,2026-01-08,11:10,50000,11,3,teescan,2025-12-31 01:01:33.257000+00:00
떼제베,2026-01-08,11:17,50000,11,3,teescan,2026-01-03 00:31:16.025000+00:00
떼제베,2026-01-08,11:38,50000,11,3,teescan,2026-01-04 23:31:17.839000+00:00
떼제베,2026-01-08,11:45,50000,11,3,teescan,2025-12-28 23:01:59.663000+00:00
떼제베,2026-01-08,11:52,50000,11,3,teescan,2025-12-28 23:01:59.663000+00:00
떼제베,2026-01-08,12:06,50000,12,3,teescan,2025-12-31 01:01:33.257000+00:00
떼제베,2026-01-08,12:13,50000,12,3,teescan,2025-12-28 23:01:59.663000+00:00
떼제베,2026-01-08,12:20,50000,12,3,teescan,2025-12-28 23:01:59.663000+00:00
레싸,2026-01-08,09:58,130000,9,3,teescan,2025-12-26 23:31:55.476000+00:00
레싸,2026-01-08,10:12,130000,10,3,teescan,2026-01-05 23:30:51.887000+00:00
레싸,2026-01-08,10:19,130000,10,3,teescan,2026-01-05 23:30:51.887000+00:00
레싸,2026-01-08,10:54,130000,10,3,teescan,2026-01-05 23:30:51.887000+00:00
레싸,2026-01-08,11:08,130000,11,3,teescan,2025-12-26 23:31:55.476000+00:00
레싸,2026-01-08,11:15,100000,11,3,golfpang,2025-12-29 07:01:57.630000+00:00
레싸,2026-01-08,11:22,130000,11,3,teescan,2026-01-05 07:00:55.154000+00:00
레싸,2026-01-08,11:43,130000,11,3,teescan,2026-01-05 23:30:51.887000+00:00
로얄포레,2026-01-08,10:28,50000,10,3,golfpang,2026-01-06 05:00:45.178000+00:00
로얄포레,2026-01-08,10:42,40000,10,3,golfpang,2026-01-06 05:00:45.178000+00:00
로얄포레,2026-01-08,11:38,40000,11,3,golfpang,2026-01-06 05:00:45.178000+00:00
로얄포레,2026-01-08,12:06,40000,12,3,golfpang,2025-12-29 07:31:42.501000+00:00
리베라,2026-01-08,09:16,110000,9,3,teescan,2025-12-31 04:31:43.619000+00:00
리베라,2026-01-08,09:23,110000,9,3,teescan,2025-12-27 02:01:58.500000+00:00
리베라,2026-01-08,09:37,110000,9,3,teescan,2026-01-04 06:31:02.284000+00:00
리베라,2026-01-08,09:44,110000,9,3,teescan,2026-01-04 06:31:02.284000+00:00
리베라,2026-01-08,09:51,110000,9,3,teescan,2025-12-27 02:01:58.500000+00:00
리베라,2026-01-08,09:58,110000,9,3,teescan,2025-12-27 02:01:58.500000+00:00
리베라,2026-01-08,10:05,110000,10,3,teescan,2025-12-27 02:01:58.500000+00:00
리베라,2026-01-08,10:12,110000,10,3,teescan,2025-12-27 02:01:58.500000+00:00
리베라,2026-01-08,10:26,120000,10,3,golfpang,2026-01-06 05:00:45.178000+00:00
리베라,2026-01-08,10:33,110000,10,3,teescan,2025-12-27 02:01:58.500000+00:00
리베라,2026-01-08,10:47,110000,10,3,teescan,2025-12-27 02:01:58.500000+00:00
리베라,2026-01-08,11:01,110000,11,3,teescan,2025-12-27 02:01:58.500000+00:00
리베라,2026-01-08,11:08,110000,11,3,teescan,2025-12-27 02:01:58.500000+00:00
리베라,2026-01-08,11:15,110000,11,3,teescan,2025-12-27 02:01:58.500000+00:00
리베라,2026-01-08,11:22,110000,11,3,teescan,2025-12-27 02:01:58.500000+00:00
마이다스,2026-01-08,09:30,60000,9,3,golfpang,2026-01-06 03:30:38.177000+00:00
마이다스,2026-01-08,10:26,60000,10,3,teescan,2026-01-06 00:30:50.325000+00:00
마이다스,2026-01-08,10:33,60000,10,3,golfpang,2026-01-06 05:00:45.178000+00:00
마이다스,2026-01-08,11:15,60000,11,3,golfpang,2026-01-06 04:30:43.374000+00:00
모나크,2026-01-08,09:40,60000,9,3,teescan,2025-12-26 00:02:37.894000+00:00
모나크,2026-01-08,09:47,60000,9,3,teescan,2025-12-26 00:02:38.535000+00:00
모나크,2026-01-08,09:54,60000,9,3,teescan,2025-12-26 00:02:38.535000+00:00
모나크,2026-01-08,10:01,60000,10,3,teescan,2025-12-26 00:02:38.535000+00:00
모나크,2026-01-08,10:08,60000,10,3,teescan,2025-12-26 00:02:37.894000+00:00
모나크,2026-01-08,10:15,60000,10,3,teescan,2025-12-26 00:02:38.535000+00:00
모나크,2026-01-08,10:22,60000,10,3,teescan,2025-12-26 00:02:38.535000+00:00
모나크,2026-01-08,10:29,60000,10,3,teescan,2025-12-26 00:02:38.535000+00:00
모나크,2026-01-08,11:18,70000,11,3,golfpang,2025-12-26 00:02:37.894000+00:00
벨라스톤,2026-01-08,09:30,49000,9,3,teescan,2026-01-05 02:01:01.224000+00:00
벨라스톤,2026-01-08,09:37,49000,9,3,teescan,2026-01-05 02:01:01.224000+00:00
벨라스톤,2026-01-08,09:44,49000,9,3,teescan,2026-01-05 02:01:01.224000+00:00
벨라스톤,2026-01-08,09:51,49000,9,3,teescan,2026-01-05 02:01:01.224000+00:00
벨라스톤,2026-01-08,09:58,49000,9,3,teescan,2026-01-05 02:01:01.224000+00:00
벨라스톤,2026-01-08,10:05,49000,10,3,teescan,2026-01-05 02:01:01.224000+00:00
벨라스톤,2026-01-08,10:19,49000,10,3,teescan,2026-01-05 02:01:01.224000+00:00
벨라스톤,2026-01-08,10:26,49000,10,3,teescan,2026-01-05 02:01:01.224000+00:00
벨라스톤,2026-01-08,10:33,49000,10,3,teescan,2026-01-05 02:01:01.224000+00:00
벨라스톤,2026-01-08,10:47,50000,10,3,golfpang,2026-01-05 08:00:52.574000+00:00
벨라스톤,2026-01-08,10:49,45000,10,3,golfpang,2026-01-04 05:31:25.250000+00:00
벨라스톤,2026-01-08,10:54,49000,10,3,teescan,2026-01-05 02:01:01.224000+00:00
벨라스톤,2026-01-08,11:08,49000,11,3,teescan,2026-01-05 02:01:01.224000+00:00
벨라스톤,2026-01-08,11:15,49000,11,3,teescan,2026-01-05 02:01:01.224000+00:00
벨라스톤,2026-01-08,11:22,49000,11,3,teescan,2026-01-05 02:01:01.224000+00:00
벨라스톤,2026-01-08,11:29,49000,11,3,teescan,2026-01-05 02:01:01.224000+00:00
벨라스톤,2026-01-08,11:36,49000,11,3,teescan,2026-01-05 02:01:01.224000+00:00
벨라스톤,2026-01-08,11:43,49000,11,3,teescan,2026-01-05 02:01:01.224000+00:00
벨라스톤,2026-01-08,11:50,49000,11,3,teescan,2026-01-05 02:01:01.224000+00:00
세현,2026-01-08,09:30,70000,9,3,teescan,2026-01-02 01:01:23.122000+00:00
세현,2026-01-08,09:37,70000,9,3,teescan,2026-01-02 01:01:23.122000+00:00
세현,2026-01-08,09:44,70000,9,3,teescan,2026-01-02 01:01:23.122000+00:00
세현,2026-01-08,09:51,70000,9,3,teescan,2026-01-02 01:01:23.122000+00:00
세현,2026-01-08,09:58,70000,9,3,teescan,2026-01-02 01:01:23.122000+00:00
세현,2026-01-08,10:05,70000,10,3,teescan,2026-01-02 01:01:23.122000+00:00
세현,2026-01-08,10:12,70000,10,3,teescan,2026-01-02 01:01:23.122000+00:00
세현,2026-01-08,10:19,70000,10,3,teescan,2026-01-02 01:01:23.122000+00:00
세현,2026-01-08,10:26,70000,10,3,teescan,2026-01-02 01:01:23.122000+00:00
세현,2026-01-08,10:33,70000,10,3,teescan,2026-01-02 01:01:23.122000+00:00
세현,2026-01-08,10:40,70000,10,3,teescan,2026-01-02 01:01:23.122000+00:00
세현,2026-01-08,10:47,70000,10,3,teescan,2026-01-02 01:01:23.122000+00:00
세현,2026-01-08,10:54,70000,10,3,teescan,2026-01-02 01:01:23.122000+00:00
세현,2026-01-08,11:01,70000,11,3,teescan,2026-01-02 01:01:23.122000+00:00
세현,2026-01-08,11:08,70000,11,3,teescan,2026-01-02 01:01:23.122000+00:00
세현,2026-01-08,11:15,70000,11,3,teescan,2026-01-02 01:01:23.122000+00:00
세현,2026-01-08,11:22,70000,11,3,teescan,2026-01-02 01:01:23.122000+00:00
세현,2026-01-08,11:29,70000,11,3,teescan,2026-01-02 01:01:23.122000+00:00
세현,2026-01-08,11:36,70000,11,3,teescan,2026-01-02 01:01:23.122000+00:00
세현,2026-01-08,11:43,70000,11,3,teescan,2026-01-02 01:01:23.122000+00:00
세현,2026-01-08,11:50,70000,11,3,teescan,2026-01-02 01:01:23.122000+00:00
신라,2026-01-08,09:41,60000,9,3,teescan,2025-12-29 00:31:49.343000+00:00
신라,2026-01-08,09:55,60000,9,3,teescan,2026-01-03 07:31:21.292000+00:00
신라,2026-01-08,10:02,60000,10,3,teescan,2026-01-03 07:31:21.292000+00:00
신라,2026-01-08,10:23,60000,10,3,teescan,2026-01-04 00:31:20.458000+00:00
신라,2026-01-08,10:27,72000,10,3,golfpang,2026-01-04 05:31:25.250000+00:00
신라,2026-01-08,10:30,70000,10,3,golfpang,2026-01-05 23:00:53.510000+00:00
신라,2026-01-08,10:37,60000,10,3,teescan,2026-01-04 00:31:20.458000+00:00
신라,2026-01-08,10:40,80000,10,3,golfpang,2026-01-04 02:01:18.073000+00:00
신라,2026-01-08,10:58,60000,10,3,teescan,2026-01-04 00:31:20.458000+00:00
신라,2026-01-08,11:00,57000,11,3,golfpang,2026-01-06 02:31:05.106000+00:00
신라,2026-01-08,11:05,70000,11,3,golfpang,2026-01-05 10:30:54.584000+00:00
신라,2026-01-08,11:12,60000,11,3,teescan,2026-01-06 03:00:42.342000+00:00
신라,2026-01-08,11:26,60000,11,3,teescan,2026-01-04 00:31:20.458000+00:00
신라,2026-01-08,12:01,60000,12,3,teescan,2026-01-03 07:31:21.292000+00:00
써닝포인트,2026-01-08,10:05,75000,10,3,teescan,2025-12-30 01:01:54.863000+00:00
써닝포인트,2026-01-08,10:40,85000,10,3,golfpang,2026-01-06 02:31:05.106000+00:00
써닝포인트,2026-01-08,11:01,75000,11,3,teescan,2025-12-30 01:01:54.863000+00:00
써닝포인트,2026-01-08,12:04,75000,12,3,teescan,2025-12-30 01:01:54.863000+00:00
썬밸리,2026-01-08,10:30,70000,10,3,golfpang,2026-01-05 02:01:01.224000+00:00
알프스대영,2026-01-08,09:58,40000,9,3,teescan,2025-12-26 00:02:38.535000+00:00
알프스대영,2026-01-08,10:05,40000,10,3,golfpang,2026-01-06 05:00:45.178000+00:00
알프스대영,2026-01-08,11:00,30000,11,3,golfpang,2026-01-06 04:00:45.604000+00:00
알프스대영,2026-01-08,11:01,40000,11,3,golfpang,2026-01-05 05:00:59.122000+00:00
알프스대영,2026-01-08,12:04,40000,12,3,teescan,2025-12-26 00:02:38.535000+00:00
양지파인,2026-01-08,09:51,60000,9,3,golfpang,2026-01-05 05:30:55.961000+00:00
양지파인,2026-01-08,10:40,60000,10,3,golfpang,2026-01-06 04:30:43.374000+00:00
양지파인,2026-01-08,11:01,60000,11,3,golfpang,2026-01-06 04:30:43.374000+00:00
올데이,2026-01-08,10:00,40000,10,3,teescan,2025-12-26 00:02:38.535000+00:00
올데이,2026-01-08,10:07,40000,10,3,teescan,2025-12-26 00:02:38.535000+00:00
올데이,2026-01-08,10:35,45000,10,3,teescan,2025-12-26 00:02:37.894000+00:00
올데이,2026-01-08,10:42,45000,10,3,teescan,2025-12-26 00:02:37.894000+00:00
올데이,2026-01-08,11:03,45000,11,3,teescan,2025-12-26 00:02:38.535000+00:00
올데이,2026-01-08,11:10,45000,11,3,teescan,2025-12-26 00:02:37.894000+00:00
올데이,2026-01-08,11:31,40000,11,3,teescan,2025-12-26 00:02:38.535000+00:00
올데이,2026-01-08,11:38,40000,11,3,teescan,2025-12-26 00:02:38.535000+00:00
올데이,2026-01-08,11:59,40000,11,3,teescan,2025-12-26 00:02:38.535000+00:00
올데이,2026-01-08,12:06,40000,12,3,teescan,2025-12-26 00:02:37.894000+00:00
윈체스트,2026-01-08,09:41,60000,9,3,teescan,2025-12-29 00:31:49.343000+00:00
윈체스트,2026-01-08,09:55,60000,9,3,teescan,2026-01-03 07:31:21.292000+00:00
윈체스트,2026-01-08,10:02,60000,10,3,teescan,2026-01-03 07:31:21.292000+00:00
윈체스트,2026-01-08,10:23,60000,10,3,teescan,2026-01-04 00:31:20.458000+00:00
윈체스트,2026-01-08,10:37,60000,10,3,teescan,2026-01-04 00:31:20.458000+00:00
윈체스트,2026-01-08,10:58,60000,10,3,teescan,2026-01-04 00:31:20.458000+00:00
윈체스트,2026-01-08,11:12,60000,11,3,teescan,2026-01-06 03:00:42.342000+00:00
윈체스트,2026-01-08,11:26,60000,11,3,teescan,2026-01-04 00:31:20.458000+00:00
윈체스트,2026-01-08,12:01,60000,12,3,teescan,2026-01-03 07:31:21.292000+00:00
은화삼,2026-01-08,09:30,100000,9,3,teescan,2025-12-26 00:02:37.894000+00:00
은화삼,2026-01-08,09:51,100000,9,3,teescan,2025-12-26 00:02:37.894000+00:00
은화삼,2026-01-08,10:12,100000,10,3,teescan,2025-12-26 00:02:37.894000+00:00
은화삼,2026-01-08,10:33,100000,10,3,teescan,2025-12-26 00:02:37.894000+00:00
은화삼,2026-01-08,10:54,100000,10,3,teescan,2025-12-26 00:02:37.894000+00:00
은화삼,2026-01-08,11:15,100000,11,3,teescan,2026-01-02 02:01:19.825000+00:00
은화삼,2026-01-08,11:36,100000,11,3,teescan,2026-01-05 00:01:10.801000+00:00
은화삼,2026-01-08,11:57,100000,11,3,teescan,2025-12-26 00:02:37.894000+00:00
이글몬트,2026-01-08,09:51,70000,9,3,golfpang,2026-01-06 05:00:45.178000+00:00
이글몬트,2026-01-08,10:12,69000,10,3,golfpang,2026-01-06 05:00:45.178000+00:00
이글몬트,2026-01-08,10:33,80000,10,3,golfpang,2026-01-06 05:00:45.178000+00:00
이글몬트,2026-01-08,10:54,70000,10,3,golfpang,2026-01-06 05:00:45.178000+00:00
이글몬트,2026-01-08,11:00,69000,11,3,golfpang,2026-01-06 03:00:42.342000+00:00
이글몬트,2026-01-08,11:01,80000,11,3,golfpang,2026-01-06 05:00:45.178000+00:00
이글몬트,2026-01-08,11:08,70000,11,3,golfpang,2026-01-06 05:00:45.178000+00:00
일레븐,2026-01-08,10:40,40000,10,3,golfpang,2026-01-06 04:30:43.374000+00:00
일레븐,2026-01-08,11:15,40000,11,3,golfpang,2026-01-06 05:00:45.178000+00:00
일레븐,2026-01-08,12:04,40000,12,3,golfpang,2026-01-04 08:01:12.833000+00:00
진양밸리,2026-01-08,09:30,60000,9,3,teescan,2025-12-26 00:02:38.535000+00:00
진양밸리,2026-01-08,09:37,60000,9,3,teescan,2025-12-26 00:02:38.535000+00:00
진양밸리,2026-01-08,09:44,60000,9,3,teescan,2025-12-26 00:02:38.535000+00:00
진양밸리,2026-01-08,09:51,60000,9,3,teescan,2025-12-26 00:02:38.535000+00:00
진양밸리,2026-01-08,09:58,60000,9,3,teescan,2025-12-26 00:02:38.535000+00:00
진양밸리,2026-01-08,10:05,60000,10,3,teescan,2025-12-26 00:02:38.535000+00:00
진양밸리,2026-01-08,10:12,60000,10,3,teescan,2025-12-26 00:02:38.535000+00:00
진양밸리,2026-01-08,10:19,60000,10,3,teescan,2025-12-26 00:02:38.535000+00:00
진양밸리,2026-01-08,10:26,60000,10,3,teescan,2025-12-26 00:02:38.535000+00:00
진양밸리,2026-01-08,10:33,60000,10,3,teescan,2025-12-26 00:02:38.535000+00:00
진양밸리,2026-01-08,10:34,60000,10,3,golfpang,2026-01-05 08:00:52.574000+00:00
진양밸리,2026-01-08,10:40,60000,10,3,teescan,2025-12-26 00:02:38.535000+00:00
진양밸리,2026-01-08,10:47,60000,10,3,teescan,2025-12-26 00:02:38.535000+00:00
진양밸리,2026-01-08,10:54,60000,10,3,teescan,2025-12-26 00:02:38.535000+00:00
진양밸리,2026-01-08,11:01,60000,11,3,teescan,2025-12-26 00:02:38.535000+00:00
진양밸리,2026-01-08,11:08,60000,11,3,teescan,2025-12-26 00:02:38.535000+00:00
진양밸리,2026-01-08,11:15,60000,11,3,teescan,2025-12-26 00:02:38.535000+00:00
진양밸리,2026-01-08,11:22,60000,11,3,teescan,2025-12-26 00:02:38.535000+00:00
진양밸리,2026-01-08,11:29,60000,11,3,teescan,2025-12-26 00:02:38.535000+00:00
진양밸리,2026-01-08,11:36,60000,11,3,teescan,2025-12-26 00:02:38.535000+00:00
진양밸리,2026-01-08,11:43,60000,11,3,teescan,2025-12-26 00:02:38.535000+00:00
진양밸리,2026-01-08,11:50,60000,11,3,teescan,2025-12-26 00:02:38.535000+00:00
코리아,2026-01-08,09:30,160000,9,3,golfpang,2026-01-04 23:01:01.549000+00:00
코리아,2026-01-08,09:58,99000,9,3,golfpang,2026-01-04 06:01:10.954000+00:00
코리아,2026-01-08,10:26,99000,10,3,golfpang,2026-01-04 06:01:10.954000+00:00
코리아,2026-01-08,11:43,99000,11,3,golfpang,2026-01-04 07:31:13.681000+00:00
태광,2026-01-08,09:20,150000,9,3,teescan,2025-12-30 04:31:34.308000+00:00
태광,2026-01-08,09:34,150000,9,3,teescan,2025-12-26 00:02:37.894000+00:00
태광,2026-01-08,09:41,150000,9,3,teescan,2025-12-26 00:02:37.894000+00:00
태광,2026-01-08,09:48,150000,9,3,teescan,2025-12-26 00:02:37.894000+00:00
태광,2026-01-08,09:55,150000,9,3,teescan,2025-12-26 00:02:37.894000+00:00
태광,2026-01-08,10:02,150000,10,3,teescan,2025-12-30 04:31:34.308000+00:00
태광,2026-01-08,10:23,150000,10,3,teescan,2025-12-26 00:02:37.894000+00:00
태광,2026-01-08,10:58,150000,10,3,teescan,2025-12-30 04:31:34.308000+00:00
태광,2026-01-08,11:05,150000,11,3,teescan,2026-01-01 01:31:17.974000+00:00
태광,2026-01-08,11:19,150000,11,3,teescan,2025-12-26 00:02:37.894000+00:00
태광,2026-01-08,11:26,150000,11,3,teescan,2025-12-26 00:02:37.894000+00:00
태광,2026-01-08,11:33,150000,11,3,teescan,2025-12-26 00:02:37.894000+00:00
태광,2026-01-08,11:47,150000,11,3,teescan,2025-12-26 00:02:37.894000+00:00
파인크리,2026-01-08,09:30,80000,9,3,teescan,2025-12-26 00:02:37.894000+00:00
파인크리,2026-01-08,09:37,80000,9,3,teescan,2025-12-26 00:02:37.894000+00:00
파인크리,2026-01-08,09:44,80000,9,3,teescan,2025-12-26 00:02:37.894000+00:00
파인크리,2026-01-08,09:51,80000,9,3,teescan,2025-12-26 00:02:37.894000+00:00
파인크리,2026-01-08,09:58,80000,9,3,teescan,2025-12-26 00:02:37.894000+00:00
파인크리,2026-01-08,10:05,80000,10,3,teescan,2025-12-26 00:02:37.894000+00:00
파인크리,2026-01-08,10:12,80000,10,3,teescan,2025-12-26 00:02:37.894000+00:00
파인크리,2026-01-08,10:19,80000,10,3,teescan,2025-12-26 00:02:37.894000+00:00
파인크리,2026-01-08,10:26,80000,10,3,teescan,2026-01-05 23:30:51.887000+00:00
파인크리,2026-01-08,10:33,80000,10,3,teescan,2025-12-26 00:02:37.894000+00:00
파인크리,2026-01-08,10:40,80000,10,3,teescan,2025-12-26 00:02:37.894000+00:00
파인크리,2026-01-08,10:47,80000,10,3,teescan,2025-12-26 00:02:37.894000+00:00
파인크리,2026-01-08,10:50,80000,10,3,golfpang,2026-01-02 03:31:20.610000+00:00
파인크리,2026-01-08,10:54,80000,10,3,teescan,2026-01-05 23:30:51.887000+00:00
파인크리,2026-01-08,11:01,80000,11,3,golfpang,2026-01-03 00:01:10.200000+00:00
파인크리,2026-01-08,11:15,80000,11,3,teescan,2025-12-26 00:02:37.894000+00:00
파인크리,2026-01-08,11:22,80000,11,3,teescan,2025-12-26 00:02:37.894000+00:00
파인크리,2026-01-08,11:29,80000,11,3,teescan,2025-12-26 00:02:37.894000+00:00
파인크리,2026-01-08,11:36,80000,11,3,teescan,2025-12-26 00:02:37.894000+00:00
파인크리,2026-01-08,11:43,80000,11,3,teescan,2025-12-26 00:02:37.894000+00:00
포웰,2026-01-08,09:35,40000,9,3,golfpang,2026-01-06 04:30:43.374000+00:00
포웰,2026-01-08,09:49,50000,9,3,golfpang,2026-01-06 04:30:43.374000+00:00
포웰,2026-01-08,10:24,50000,10,3,golfpang,2026-01-06 05:00:45.178000+00:00
포웰,2026-01-08,10:59,60000,10,3,golfpang,2026-01-06 04:00:45.604000+00:00
포웰,2026-01-08,11:13,60000,11,3,golfpang,2026-01-06 05:00:45.178000+00:00
포웰,2026-01-08,11:27,50000,11,3,golfpang,2026-01-06 05:00:45.178000+00:00
포웰,2026-01-08,12:02,50000,12,3,golfpang,2026-01-06 04:00:45.604000+00:00
포웰,2026-01-08,14:12,50000,14,3,golfpang,2026-01-06 05:00:45.178000+00:00
포웰,2026-01-08,14:47,40000,14,3,golfpang,2026-01-06 04:30:43.374000+00:00
포웰,2026-01-08,15:01,40000,15,3,teescan,2025-12-31 02:01:39.913000+00:00
플라자용인,2026-01-08,09:27,100000,9,3,teescan,2025-12-31 06:01:47.422000+00:00
플라자용인,2026-01-08,09:28,100000,9,3,teescan,2025-12-31 06:01:47.422000+00:00
플라자용인,2026-01-08,09:29,100000,9,3,teescan,2025-12-31 06:01:47.422000+00:00
플라자용인,2026-01-08,09:34,100000,9,3,teescan,2025-12-31 06:01:47.422000+00:00
플라자용인,2026-01-08,09:35,100000,9,3,teescan,2025-12-31 06:01:47.422000+00:00
플라자용인,2026-01-08,09:36,100000,9,3,teescan,2025-12-31 06:01:47.422000+00:00
플라자용인,2026-01-08,09:37,100000,9,3,teescan,2025-12-31 06:01:47.422000+00:00
플라자용인,2026-01-08,09:41,100000,9,3,teescan,2025-12-31 06:01:47.422000+00:00
플라자용인,2026-01-08,09:42,100000,9,3,teescan,2025-12-31 06:01:47.422000+00:00
플라자용인,2026-01-08,09:43,100000,9,3,teescan,2026-01-02 05:01:20.574000+00:00
플라자용인,2026-01-08,09:44,100000,9,3,teescan,2025-12-31 06:01:47.422000+00:00
플라자용인,2026-01-08,09:48,100000,9,3,teescan,2025-12-31 06:01:47.422000+00:00
플라자용인,2026-01-08,09:49,100000,9,3,teescan,2025-12-31 06:01:47.422000+00:00
플라자용인,2026-01-08,09:50,100000,9,3,teescan,2026-01-05 02:30:50.249000+00:00
플라자용인,2026-01-08,09:51,100000,9,3,teescan,2025-12-31 06:01:47.422000+00:00
플라자용인,2026-01-08,09:55,100000,9,3,teescan,2025-12-31 06:01:47.422000+00:00
플라자용인,2026-01-08,09:56,100000,9,3,teescan,2025-12-31 06:01:47.422000+00:00
플라자용인,2026-01-08,09:57,100000,9,3,teescan,2025-12-31 06:01:47.422000+00:00
플라자용인,2026-01-08,09:58,100000,9,3,teescan,2025-12-31 06:01:47.422000+00:00
플라자용인,2026-01-08,10:02,100000,10,3,teescan,2025-12-31 06:01:47.422000+00:00
플라자용인,2026-01-08,10:03,100000,10,3,teescan,2025-12-31 06:01:47.422000+00:00
플라자용인,2026-01-08,10:05,100000,10,3,teescan,2026-01-03 08:01:24.660000+00:00
플라자용인,2026-01-08,10:09,100000,10,3,teescan,2025-12-31 06:01:47.422000+00:00
플라자용인,2026-01-08,10:10,100000,10,3,teescan,2025-12-31 06:01:47.422000+00:00
플라자용인,2026-01-08,10:11,100000,10,3,teescan,2025-12-31 09:31:33.842000+00:00
플라자용인,2026-01-08,10:12,100000,10,3,teescan,2025-12-31 06:01:47.422000+00:00
플라자용인,2026-01-08,10:16,100000,10,3,teescan,2025-12-31 06:01:47.422000+00:00
플라자용인,2026-01-08,10:17,100000,10,3,teescan,2025-12-31 06:01:47.422000+00:00
플라자용인,2026-01-08,10:18,100000,10,3,teescan,2025-12-31 06:01:47.422000+00:00
플라자용인,2026-01-08,10:19,100000,10,3,teescan,2025-12-31 06:01:47.422000+00:00
플라자용인,2026-01-08,10:23,100000,10,3,teescan,2025-12-31 06:01:47.422000+00:00
플라자용인,2026-01-08,10:24,100000,10,3,teescan,2025-12-31 06:01:47.422000+00:00
플라자용인,2026-01-08,10:25,100000,10,3,teescan,2025-12-31 06:01:47.422000+00:00
플라자용인,2026-01-08,10:26,100000,10,3,teescan,2025-12-31 06:01:47.422000+00:00
플라자용인,2026-01-08,10:30,100000,10,3,golfpang,2026-01-03 05:31:24.431000+00:00
플라자용인,2026-01-08,10:31,100000,10,3,teescan,2025-12-31 06:01:47.422000+00:00
플라자용인,2026-01-08,10:32,100000,10,3,teescan,2026-01-02 15:01:25.883000+00:00
플라자용인,2026-01-08,10:33,100000,10,3,teescan,2025-12-31 06:01:47.422000+00:00
플라자용인,2026-01-08,10:37,100000,10,3,teescan,2025-12-31 06:01:47.422000+00:00
플라자용인,2026-01-08,10:38,100000,10,3,teescan,2025-12-31 06:01:47.422000+00:00
플라자용인,2026-01-08,10:39,100000,10,3,teescan,2025-12-31 06:01:47.422000+00:00
플라자용인,2026-01-08,10:40,100000,10,3,teescan,2025-12-31 06:01:47.422000+00:00
플라자용인,2026-01-08,10:44,100000,10,3,teescan,2025-12-31 06:01:47.422000+00:00
플라자용인,2026-01-08,10:45,100000,10,3,teescan,2025-12-31 06:01:47.422000+00:00
플라자용인,2026-01-08,10:46,100000,10,3,teescan,2025-12-31 06:01:47.422000+00:00
플라자용인,2026-01-08,10:47,100000,10,3,teescan,2025-12-31 06:01:47.422000+00:00
플라자용인,2026-01-08,10:51,100000,10,3,teescan,2025-12-31 06:01:47.422000+00:00
플라자용인,2026-01-08,10:52,100000,10,3,teescan,2025-12-31 06:01:47.422000+00:00
플라자용인,2026-01-08,10:53,100000,10,3,teescan,2025-12-31 06:01:47.422000+00:00
플라자용인,2026-01-08,10:54,100000,10,3,teescan,2025-12-31 06:01:47.422000+00:00
플라자용인,2026-01-08,10:58,100000,10,3,teescan,2025-12-31 06:01:47.422000+00:00
플라자용인,2026-01-08,10:59,100000,10,3,teescan,2025-12-31 06:01:47.422000+00:00
플라자용인,2026-01-08,11:00,100000,11,3,teescan,2026-01-02 04:31:30.889000+00:00
플라자용인,2026-01-08,11:01,100000,11,3,teescan,2025-12-31 06:01:47.422000+00:00
플라자용인,2026-01-08,11:05,100000,11,3,teescan,2025-12-31 06:01:47.422000+00:00
플라자용인,2026-01-08,11:06,100000,11,3,teescan,2025-12-31 06:01:47.422000+00:00
플라자용인,2026-01-08,11:07,100000,11,3,teescan,2025-12-31 06:01:47.422000+00:00
플라자용인,2026-01-08,11:12,100000,11,3,teescan,2025-12-31 06:01:47.422000+00:00
플라자용인,2026-01-08,11:13,100000,11,3,teescan,2025-12-31 06:01:47.422000+00:00
플라자용인,2026-01-08,11:14,100000,11,3,teescan,2025-12-31 06:01:47.422000+00:00
플라자용인,2026-01-08,11:15,100000,11,3,teescan,2025-12-31 06:01:47.422000+00:00
플라자용인,2026-01-08,11:19,100000,11,3,teescan,2025-12-31 06:01:47.422000+00:00
플라자용인,2026-01-08,11:20,100000,11,3,teescan,2025-12-31 06:01:47.422000+00:00
플라자용인,2026-01-08,11:26,100000,11,3,teescan,2025-12-31 06:01:47.422000+00:00
플라자용인,2026-01-08,11:27,100000,11,3,teescan,2025-12-31 06:01:47.422000+00:00
플라자용인,2026-01-08,11:33,100000,11,3,teescan,2025-12-31 06:01:47.422000+00:00
플라자용인,2026-01-08,11:34,100000,11,3,teescan,2025-12-31 06:01:47.422000+00:00
플라자용인,2026-01-08,11:35,100000,11,3,teescan,2026-01-02 06:01:33.562000+00:00
플라자용인,2026-01-08,11:36,100000,11,3,teescan,2025-12-31 06:01:47.422000+00:00
플라자용인,2026-01-08,11:40,100000,11,3,teescan,2025-12-31 06:01:47.422000+00:00
플라자용인,2026-01-08,11:41,100000,11,3,teescan,2025-12-31 06:01:47.422000+00:00
플라자용인,2026-01-08,11:42,100000,11,3,teescan,2025-12-31 06:01:47.422000+00:00
플라자용인,2026-01-08,11:43,100000,11,3,teescan,2025-12-31 06:01:47.422000+00:00
한림용인,2026-01-08,09:30,80000,9,3,teescan,2026-01-01 00:31:31.715000+00:00
한림용인,2026-01-08,09:37,80000,9,3,teescan,2026-01-01 00:31:31.715000+00:00
한림용인,2026-01-08,09:44,80000,9,3,teescan,2026-01-01 00:31:31.715000+00:00
한림용인,2026-01-08,09:51,80000,9,3,teescan,2026-01-01 00:31:31.715000+00:00
한림용인,2026-01-08,09:58,80000,9,3,teescan,2026-01-01 00:31:31.715000+00:00
한림용인,2026-01-08,10:05,80000,10,3,teescan,2026-01-01 00:31:31.715000+00:00
한림용인,2026-01-08,10:12,80000,10,3,teescan,2026-01-01 00:31:31.715000+00:00
한림용인,2026-01-08,10:19,80000,10,3,teescan,2026-01-01 00:31:31.715000+00:00
한림용인,2026-01-08,10:26,80000,10,3,teescan,2026-01-01 00:31:31.715000+00:00
한림용인,2026-01-08,10:33,90000,10,3,teescan,2026-01-01 00:31:31.715000+00:00
한림용인,2026-01-08,10:40,90000,10,3,teescan,2026-01-01 00:31:31.715000+00:00
한림용인,2026-01-08,10:47,90000,10,3,teescan,2026-01-01 00:31:31.715000+00:00
한림용인,2026-01-08,10:54,90000,10,3,teescan,2026-01-01 00:31:31.715000+00:00
한림용인,2026-01-08,11:01,90000,11,3,teescan,2026-01-01 00:31:31.715000+00:00
한림용인,2026-01-08,11:07,89000,11,3,golfpang,2026-01-05 10:00:54.100000+00:00
한림용인,2026-01-08,11:08,90000,11,3,teescan,2026-01-01 00:31:31.715000+00:00
한림용인,2026-01-08,11:15,90000,11,3,teescan,2026-01-01 00:31:31.715000+00:00
한림용인,2026-01-08,11:22,90000,11,3,teescan,2026-01-01 00:31:31.715000+00:00
한림용인,2026-01-08,11:29,90000,11,3,teescan,2026-01-01 00:31:31.715000+00:00
한림용인,2026-01-08,11:36,90000,11,3,teescan,2026-01-01 00:31:31.715000+00:00
한림용인,2026-01-08,11:43,90000,11,3,teescan,2026-01-01 00:31:31.715000+00:00
한림용인,2026-01-08,11:50,90000,11,3,teescan,2026-01-01 00:31:31.715000+00:00
한림용인,2026-01-08,11:57,90000,11,3,teescan,2026-01-01 00:31:31.715000+00:00
한원,2026-01-08,09:35,99000,9,3,teescan,2025-12-26 00:02:37.894000+00:00
한원,2026-01-08,09:42,99000,9,3,teescan,2025-12-26 00:02:37.894000+00:00
한원,2026-01-08,09:49,99000,9,3,teescan,2025-12-26 00:02:37.894000+00:00
한원,2026-01-08,10:10,99000,10,3,teescan,2025-12-30 02:01:49.448000+00:00
한원,2026-01-08,10:24,99000,10,3,teescan,2025-12-26 00:02:37.894000+00:00
한원,2026-01-08,10:31,99000,10,3,teescan,2025-12-26 00:02:37.894000+00:00
한원,2026-01-08,10:38,99000,10,3,teescan,2025-12-26 00:02:37.894000+00:00
한원,2026-01-08,10:45,99000,10,3,teescan,2025-12-26 00:02:37.894000+00:00
한원,2026-01-08,10:52,99000,10,3,teescan,2025-12-26 00:02:37.894000+00:00
한원,2026-01-08,11:06,99000,11,3,teescan,2025-12-26 00:02:37.894000+00:00
한원,2026-01-08,11:13,99000,11,3,teescan,2025-12-26 00:02:37.894000+00:00
한원,2026-01-08,11:20,99000,11,3,teescan,2025-12-26 00:02:37.894000+00:00
한원,2026-01-08,11:27,99000,11,3,teescan,2025-12-26 00:02:37.894000+00:00
해솔리아,2026-01-08,09:00,80000,9,3,teescan,2025-12-30 06:31:40.503000+00:00
해솔리아,2026-01-08,09:07,80000,9,3,teescan,2025-12-30 06:31:40.503000+00:00
해솔리아,2026-01-08,09:14,80000,9,3,teescan,2025-12-30 06:31:40.503000+00:00
해솔리아,2026-01-08,09:21,80000,9,3,teescan,2025-12-30 06:31:40.503000+00:00
해솔리아,2026-01-08,09:28,80000,9,3,teescan,2025-12-30 06:31:40.503000+00:00
해솔리아,2026-01-08,09:35,80000,9,3,teescan,2025-12-30 06:31:40.503000+00:00
해솔리아,2026-01-08,09:42,80000,9,3,teescan,2025-12-30 06:31:40.503000+00:00
해솔리아,2026-01-08,09:49,80000,9,3,teescan,2025-12-30 06:31:40.503000+00:00
해솔리아,2026-01-08,09:56,80000,9,3,teescan,2025-12-30 06:31:40.503000+00:00
해솔리아,2026-01-08,10:03,80000,10,3,teescan,2025-12-30 06:31:40.503000+00:00
해솔리아,2026-01-08,10:10,80000,10,3,teescan,2025-12-30 06:31:40.503000+00:00
해솔리아,2026-01-08,10:17,80000,10,3,teescan,2025-12-30 06:31:40.503000+00:00
해솔리아,2026-01-08,10:24,80000,10,3,teescan,2025-12-30 06:31:40.503000+00:00
해솔리아,2026-01-08,10:31,80000,10,3,teescan,2025-12-30 06:31:40.503000+00:00
해솔리아,2026-01-08,10:38,80000,10,3,teescan,2025-12-30 06:31:40.503000+00:00
해솔리아,2026-01-08,10:45,80000,10,3,teescan,2025-12-30 06:31:40.503000+00:00
해솔리아,2026-01-08,10:52,80000,10,3,teescan,2025-12-30 06:31:40.503000+00:00
해솔리아,2026-01-08,10:59,80000,10,3,teescan,2025-12-30 06:31:40.503000+00:00
해솔리아,2026-01-08,11:06,80000,11,3,teescan,2025-12-30 06:31:40.503000+00:00
해솔리아,2026-01-08,11:13,80000,11,3,teescan,2025-12-30 06:31:40.503000+00:00
해솔리아,2026-01-08,11:20,80000,11,3,teescan,2025-12-30 06:31:40.503000+00:00
해솔리아,2026-01-08,11:27,80000,11,3,teescan,2025-12-30 06:31:40.503000+00:00
화성상록,2026-01-08,10:05,100000,10,3,teescan,2026-01-05 04:30:46.591000+00:00
화성상록,2026-01-08,10:19,100000,10,3,teescan,2026-01-05 04:30:46.591000+00:00
화성상록,2026-01-08,10:26,100000,10,3,teescan,2026-01-05 04:30:46.591000+00:00
화성상록,2026-01-08,10:33,100000,10,3,teescan,2026-01-05 04:30:46.591000+00:00
화성상록,2026-01-08,10:40,100000,10,3,teescan,2026-01-05 04:30:46.591000+00:00
화성상록,2026-01-08,10:50,100000,10,3,golfpang,2026-01-06 01:30:47.860000+00:00
화성상록,2026-01-08,11:08,100000,11,3,teescan,2026-01-05 04:30:46.591000+00:00
화성상록,2026-01-08,11:15,100000,11,3,teescan,2026-01-05 04:30:46.591000+00:00
히든밸리,2026-01-08,10:33,60000,10,3,golfpang,2026-01-06 02:00:43.696000+00:00
히든밸리,2026-01-08,11:43,50000,11,3,golfpang,2026-01-06 03:00:42.342000+00:00
힐데스,2026-01-08,09:37,30000,9,3,teescan,2025-12-31 23:31:29.258000+00:00
힐데스,2026-01-08,09:44,30000,9,3,teescan,2025-12-31 23:31:29.258000+00:00
힐데스,2026-01-08,09:52,30000,9,3,golfpang,2026-01-06 05:00:45.178000+00:00
힐데스,2026-01-08,10:07,35000,10,3,teescan,2026-01-05 06:30:57.276000+00:00
힐데스,2026-01-08,10:14,35000,10,3,teescan,2026-01-05 06:30:57.276000+00:00
힐데스,2026-01-08,10:20,30000,10,3,golfpang,2026-01-06 05:00:45.178000+00:00
힐데스,2026-01-08,10:22,35000,10,3,teescan,2026-01-05 06:30:57.276000+00:00
힐데스,2026-01-08,10:29,35000,10,3,teescan,2026-01-05 06:30:57.276000+00:00
힐데스,2026-01-08,10:37,35000,10,3,teescan,2026-01-05 06:30:57.276000+00:00
힐데스,2026-01-08,10:44,35000,10,3,teescan,2026-01-05 06:30:57.276000+00:00
힐데스,2026-01-08,10:52,35000,10,3,teescan,2026-01-05 06:30:57.276000+00:00
힐데스,2026-01-08,10:59,35000,10,3,teescan,2026-01-05 06:30:57.276000+00:00
힐데스,2026-01-08,11:07,40000,11,3,golfpang,2026-01-05 07:31:00.140000+00:00
힐데스,2026-01-08,11:14,30000,11,3,teescan,2026-01-02 04:31:30.889000+00:00
힐데스,2026-01-08,11:22,30000,11,3,teescan,2026-01-02 04:31:30.889000+00:00
힐데스,2026-01-08,11:29,30000,11,3,teescan,2026-01-02 04:31:30.889000+00:00
힐데스,2026-01-08,11:37,30000,11,3,teescan,2025-12-31 23:31:29.258000+00:00
힐데스,2026-01-08,11:52,30000,11,3,teescan,2025-12-31 23:31:29.258000+00:00
감곡,2026-01-09,09:30,50000,9,4,golfpang,2026-01-06 04:31:10.916000+00:00
감곡,2026-01-09,09:51,50000,9,4,teescan,2025-12-27 00:02:15.248000+00:00
감곡,2026-01-09,09:58,50000,9,4,teescan,2025-12-27 00:02:15.248000+00:00
감곡,2026-01-09,10:05,50000,10,4,teescan,2025-12-27 00:02:15.248000+00:00
감곡,2026-01-09,10:12,50000,10,4,teescan,2025-12-27 00:02:15.248000+00:00
감곡,2026-01-09,10:19,50000,10,4,teescan,2025-12-27 00:02:15.248000+00:00
감곡,2026-01-09,10:26,50000,10,4,teescan,2025-12-27 00:02:15.248000+00:00
감곡,2026-01-09,10:33,50000,10,4,golfpang,2026-01-06 05:00:57.874000+00:00
감곡,2026-01-09,10:40,50000,10,4,teescan,2025-12-27 00:02:15.248000+00:00
감곡,2026-01-09,10:47,50000,10,4,teescan,2025-12-27 00:02:15.248000+00:00
감곡,2026-01-09,10:54,50000,10,4,teescan,2026-01-04 06:31:22.421000+00:00
감곡,2026-01-09,11:08,50000,11,4,teescan,2025-12-27 00:02:15.248000+00:00
감곡,2026-01-09,11:15,50000,11,4,teescan,2025-12-27 00:02:15.248000+00:00
감곡,2026-01-09,11:22,50000,11,4,teescan,2025-12-27 00:02:15.248000+00:00
감곡,2026-01-09,11:29,50000,11,4,teescan,2025-12-27 00:02:15.248000+00:00
감곡,2026-01-09,11:36,50000,11,4,teescan,2025-12-27 00:02:15.248000+00:00
감곡,2026-01-09,11:43,50000,11,4,teescan,2025-12-27 00:02:15.248000+00:00
감곡,2026-01-09,11:50,50000,11,4,teescan,2026-01-03 08:01:45.001000+00:00
골프존H,2026-01-09,09:43,65000,9,4,golfpang,2026-01-06 05:00:57.874000+00:00
골프존H,2026-01-09,10:23,64000,10,4,golfpang,2026-01-05 06:31:19.716000+00:00
골프존H,2026-01-09,10:39,65000,10,4,golfpang,2026-01-06 05:00:57.874000+00:00
골프존H,2026-01-09,11:00,64000,11,4,golfpang,2026-01-06 05:00:57.874000+00:00
골프존H,2026-01-09,11:07,55000,11,4,teescan,2026-01-02 03:01:38.424000+00:00
골프존H,2026-01-09,11:14,65000,11,4,golfpang,2026-01-06 05:00:57.874000+00:00
골프존H,2026-01-09,12:03,65000,12,4,golfpang,2026-01-06 05:00:57.874000+00:00
골프존화랑,2026-01-09,09:50,45000,9,4,teescan,2026-01-05 01:31:19.730000+00:00
골프존화랑,2026-01-09,09:57,45000,9,4,teescan,2026-01-05 01:31:19.730000+00:00
골프존화랑,2026-01-09,10:04,45000,10,4,teescan,2026-01-05 01:31:19.730000+00:00
골프존화랑,2026-01-09,10:11,45000,10,4,teescan,2026-01-05 01:31:19.730000+00:00
골프존화랑,2026-01-09,10:18,45000,10,4,teescan,2026-01-05 01:31:19.730000+00:00
골프존화랑,2026-01-09,10:32,45000,10,4,teescan,2026-01-05 01:31:19.730000+00:00
골프존화랑,2026-01-09,10:39,45000,10,4,teescan,2026-01-05 01:31:19.730000+00:00
골프존화랑,2026-01-09,10:46,45000,10,4,teescan,2026-01-05 01:31:19.730000+00:00
골프존화랑,2026-01-09,11:00,45000,11,4,teescan,2026-01-06 02:01:01.898000+00:00
골프존화랑,2026-01-09,11:07,45000,11,4,teescan,2026-01-05 01:31:19.730000+00:00
골프존화랑,2026-01-09,11:14,45000,11,4,teescan,2026-01-05 01:31:19.730000+00:00
골프존화랑,2026-01-09,11:28,45000,11,4,teescan,2026-01-05 01:31:19.730000+00:00
골프존화랑,2026-01-09,11:35,45000,11,4,teescan,2026-01-05 01:31:19.730000+00:00
골프존화랑,2026-01-09,11:42,45000,11,4,teescan,2026-01-05 01:31:19.730000+00:00
골프존화랑,2026-01-09,11:56,45000,11,4,teescan,2026-01-05 01:31:19.730000+00:00
골프존화랑,2026-01-09,12:03,55000,12,4,golfpang,2026-01-06 04:31:10.916000+00:00
골프존화랑,2026-01-09,12:10,45000,12,4,teescan,2026-01-05 01:31:19.730000+00:00
기흥,2026-01-09,09:45,110000,9,4,golfpang,2026-01-05 03:01:32.305000+00:00
기흥,2026-01-09,10:15,110000,10,4,golfpang,2026-01-06 05:00:57.874000+00:00
기흥,2026-01-09,11:00,110000,11,4,golfpang,2026-01-06 04:31:10.916000+00:00
남여주,2026-01-09,09:20,50000,9,4,teescan,2025-12-30 06:02:01.489000+00:00
남여주,2026-01-09,09:27,50000,9,4,teescan,2025-12-30 06:02:01.489000+00:00
남여주,2026-01-09,09:34,50000,9,4,teescan,2025-12-30 06:02:01.489000+00:00
남여주,2026-01-09,09:41,50000,9,4,teescan,2025-12-30 06:02:01.489000+00:00
남여주,2026-01-09,09:48,50000,9,4,teescan,2025-12-30 06:02:01.489000+00:00
남여주,2026-01-09,09:55,50000,9,4,teescan,2025-12-30 06:02:01.489000+00:00
남여주,2026-01-09,10:02,50000,10,4,teescan,2025-12-30 06:02:01.489000+00:00
남여주,2026-01-09,10:09,50000,10,4,teescan,2025-12-30 06:02:01.489000+00:00
남여주,2026-01-09,10:16,50000,10,4,teescan,2025-12-30 06:02:01.489000+00:00
남여주,2026-01-09,10:23,50000,10,4,teescan,2025-12-30 06:02:01.489000+00:00
남여주,2026-01-09,10:30,50000,10,4,teescan,2025-12-30 06:02:01.489000+00:00
남여주,2026-01-09,10:37,50000,10,4,teescan,2025-12-30 06:02:01.489000+00:00
남여주,2026-01-09,10:44,50000,10,4,teescan,2025-12-30 06:02:01.489000+00:00
남여주,2026-01-09,10:50,60000,10,4,golfpang,2026-01-06 03:31:08.775000+00:00
남여주,2026-01-09,10:51,50000,10,4,teescan,2025-12-30 06:02:01.489000+00:00
남여주,2026-01-09,10:58,50000,10,4,teescan,2025-12-30 06:02:01.489000+00:00
남여주,2026-01-09,11:05,60000,11,4,golfpang,2026-01-06 04:31:10.916000+00:00
남여주,2026-01-09,11:12,50000,11,4,teescan,2025-12-30 06:02:01.489000+00:00
남여주,2026-01-09,11:19,50000,11,4,teescan,2025-12-30 06:02:01.489000+00:00
남여주,2026-01-09,11:26,50000,11,4,teescan,2025-12-30 06:02:01.489000+00:00
남여주,2026-01-09,11:33,50000,11,4,teescan,2025-12-30 06:02:01.489000+00:00
남여주,2026-01-09,11:40,50000,11,4,teescan,2025-12-30 06:02:01.489000+00:00
남여주,2026-01-09,11:47,50000,11,4,teescan,2025-12-31 05:32:14.485000+00:00
대영베이스,2026-01-09,09:27,40000,9,4,teescan,2026-01-06 03:01:05.687000+00:00
대영베이스,2026-01-09,09:34,40000,9,4,teescan,2025-12-27 00:32:05.322000+00:00
대영베이스,2026-01-09,09:41,40000,9,4,teescan,2025-12-27 00:32:05.322000+00:00
대영베이스,2026-01-09,09:48,40000,9,4,teescan,2025-12-27 00:32:05.322000+00:00
대영베이스,2026-01-09,09:55,40000,9,4,teescan,2025-12-27 00:32:05.322000+00:00
대영베이스,2026-01-09,10:02,40000,10,4,teescan,2025-12-27 00:32:05.322000+00:00
대영베이스,2026-01-09,10:09,40000,10,4,teescan,2025-12-27 00:32:05.322000+00:00
대영베이스,2026-01-09,10:16,40000,10,4,teescan,2025-12-27 00:32:05.322000+00:00
대영베이스,2026-01-09,10:23,40000,10,4,teescan,2025-12-27 00:32:05.322000+00:00
대영베이스,2026-01-09,10:30,40000,10,4,teescan,2025-12-27 00:32:05.322000+00:00
대영베이스,2026-01-09,10:37,40000,10,4,teescan,2026-01-04 02:01:33.567000+00:00
대영베이스,2026-01-09,10:44,40000,10,4,teescan,2025-12-27 00:32:05.322000+00:00
대영베이스,2026-01-09,10:51,40000,10,4,teescan,2025-12-27 00:32:05.322000+00:00
대영베이스,2026-01-09,10:58,40000,10,4,teescan,2026-01-02 00:01:40.327000+00:00
대영베이스,2026-01-09,11:12,40000,11,4,teescan,2025-12-27 00:32:05.322000+00:00
대영베이스,2026-01-09,11:19,40000,11,4,teescan,2025-12-27 00:32:05.322000+00:00
대영베이스,2026-01-09,11:26,40000,11,4,teescan,2025-12-27 00:32:05.322000+00:00
대영베이스,2026-01-09,11:33,40000,11,4,teescan,2026-01-04 01:31:26.638000+00:00
대영베이스,2026-01-09,11:40,40000,11,4,teescan,2026-01-02 08:31:45.828000+00:00
대영베이스,2026-01-09,11:47,40000,11,4,teescan,2025-12-27 00:32:05.322000+00:00
대영베이스,2026-01-09,11:54,40000,11,4,teescan,2026-01-04 02:01:33.567000+00:00
대영베이스,2026-01-09,12:01,40000,12,4,teescan,2026-01-04 01:31:26.638000+00:00
대영베이스,2026-01-09,12:08,40000,12,4,golfpang,2026-01-06 05:00:57.874000+00:00
대영힐스,2026-01-09,10:51,40000,10,4,golfpang,2026-01-06 05:00:57.874000+00:00
대영힐스,2026-01-09,11:05,40000,11,4,golfpang,2026-01-06 03:31:08.775000+00:00
대영힐스,2026-01-09,12:01,40000,12,4,teescan,2025-12-27 00:02:14.646000+00:00
더크로스비,2026-01-09,10:05,65000,10,4,teescan,2025-12-29 08:32:03.844000+00:00
더크로스비,2026-01-09,10:10,85000,10,4,golfpang,2026-01-06 04:31:10.916000+00:00
더크로스비,2026-01-09,10:12,65000,10,4,teescan,2025-12-29 08:32:03.844000+00:00
더크로스비,2026-01-09,10:19,65000,10,4,teescan,2025-12-29 08:32:03.844000+00:00
더크로스비,2026-01-09,10:26,65000,10,4,teescan,2025-12-29 08:32:03.844000+00:00
더크로스비,2026-01-09,10:33,65000,10,4,teescan,2025-12-29 08:32:03.844000+00:00
더크로스비,2026-01-09,10:40,65000,10,4,teescan,2025-12-29 08:32:03.844000+00:00
더크로스비,2026-01-09,10:47,70000,10,4,golfpang,2026-01-06 04:01:03.043000+00:00
더크로스비,2026-01-09,10:54,65000,10,4,golfpang,2026-01-06 04:01:03.043000+00:00
더크로스비,2026-01-09,11:01,85000,11,4,golfpang,2026-01-06 05:00:57.874000+00:00
더크로스비,2026-01-09,11:15,65000,11,4,teescan,2025-12-29 08:32:03.844000+00:00
더크로스비,2026-01-09,11:22,65000,11,4,teescan,2025-12-29 08:32:03.844000+00:00
더크로스비,2026-01-09,11:29,65000,11,4,golfpang,2026-01-05 23:31:14.648000+00:00
더크로스비,2026-01-09,11:50,65000,11,4,teescan,2025-12-29 08:32:03.844000+00:00
더크로스비,2026-01-09,11:57,65000,11,4,teescan,2025-12-29 08:32:03.844000+00:00
동촌,2026-01-09,09:37,55000,9,4,teescan,2026-01-01 01:31:38.789000+00:00
동촌,2026-01-09,09:44,55000,9,4,teescan,2026-01-01 01:31:38.789000+00:00
동촌,2026-01-09,09:51,55000,9,4,teescan,2026-01-01 01:31:38.789000+00:00
동촌,2026-01-09,10:19,60000,10,4,teescan,2025-12-30 15:01:57.324000+00:00
동촌,2026-01-09,10:26,60000,10,4,teescan,2026-01-02 00:01:40.327000+00:00
동촌,2026-01-09,10:40,55000,10,4,golfpang,2026-01-06 05:00:57.874000+00:00
동촌,2026-01-09,11:29,55000,11,4,golfpang,2026-01-06 05:00:57.874000+00:00
동촌,2026-01-09,11:43,60000,11,4,teescan,2025-12-30 15:01:57.324000+00:00
동촌,2026-01-09,11:50,60000,11,4,teescan,2025-12-30 15:01:57.324000+00:00
떼제베,2026-01-09,10:00,50000,10,4,teescan,2025-12-30 06:02:01.489000+00:00
떼제베,2026-01-09,10:07,50000,10,4,teescan,2025-12-30 06:02:01.489000+00:00
떼제베,2026-01-09,10:14,50000,10,4,teescan,2025-12-30 06:02:01.489000+00:00
떼제베,2026-01-09,10:28,50000,10,4,teescan,2026-01-05 09:01:30.379000+00:00
떼제베,2026-01-09,10:35,50000,10,4,golfpang,2026-01-05 01:01:14.297000+00:00
떼제베,2026-01-09,10:49,60000,10,4,teescan,2026-01-05 09:01:30.379000+00:00
떼제베,2026-01-09,10:50,50000,10,4,golfpang,2026-01-06 05:00:57.874000+00:00
떼제베,2026-01-09,11:17,60000,11,4,golfpang,2026-01-06 04:01:03.043000+00:00
떼제베,2026-01-09,11:31,50000,11,4,golfpang,2026-01-06 05:00:57.874000+00:00
떼제베,2026-01-09,11:52,50000,11,4,teescan,2026-01-04 23:31:16.706000+00:00
떼제베,2026-01-09,11:59,50000,11,4,teescan,2026-01-05 01:01:14.297000+00:00
떼제베,2026-01-09,12:06,50000,12,4,teescan,2025-12-28 23:02:00.571000+00:00
떼제베,2026-01-09,12:13,50000,12,4,teescan,2025-12-30 06:02:01.489000+00:00
떼제베,2026-01-09,12:20,50000,12,4,teescan,2026-01-03 23:31:20.255000+00:00
떼제베,2026-01-09,12:27,50000,12,4,teescan,2026-01-03 23:31:20.255000+00:00
레싸,2026-01-09,09:51,150000,9,4,teescan,2025-12-30 06:02:01.489000+00:00
레싸,2026-01-09,09:58,130000,9,4,teescan,2025-12-30 06:02:01.489000+00:00
레싸,2026-01-09,10:12,130000,10,4,teescan,2026-01-05 06:31:19.716000+00:00
레싸,2026-01-09,10:19,150000,10,4,teescan,2025-12-30 06:02:01.489000+00:00
레싸,2026-01-09,10:33,130000,10,4,teescan,2026-01-05 23:31:14.648000+00:00
레싸,2026-01-09,10:40,130000,10,4,teescan,2026-01-06 01:30:57.726000+00:00
레싸,2026-01-09,10:47,150000,10,4,teescan,2025-12-30 06:02:01.489000+00:00
레싸,2026-01-09,10:54,130000,10,4,teescan,2026-01-05 23:31:14.648000+00:00
레싸,2026-01-09,11:08,130000,11,4,teescan,2026-01-05 23:31:14.648000+00:00
레싸,2026-01-09,11:15,130000,11,4,teescan,2026-01-05 23:31:14.648000+00:00
레싸,2026-01-09,11:36,130000,11,4,teescan,2026-01-02 00:01:40.327000+00:00
레싸,2026-01-09,11:43,150000,11,4,teescan,2025-12-30 06:02:01.489000+00:00
로얄포레,2026-01-09,10:35,50000,10,4,golfpang,2026-01-06 05:00:57.874000+00:00
로얄포레,2026-01-09,10:42,40000,10,4,golfpang,2026-01-06 05:00:57.874000+00:00
로얄포레,2026-01-09,11:24,40000,11,4,golfpang,2026-01-06 05:00:57.874000+00:00
로얄포레,2026-01-09,11:31,50000,11,4,golfpang,2026-01-06 04:01:03.043000+00:00
로얄포레,2026-01-09,12:06,40000,12,4,golfpang,2025-12-29 07:31:42.802000+00:00
리베라,2026-01-09,09:09,110000,9,4,teescan,2026-01-01 23:31:43.384000+00:00
리베라,2026-01-09,09:16,110000,9,4,teescan,2026-01-01 23:31:43.384000+00:00
리베라,2026-01-09,09:23,110000,9,4,teescan,2026-01-01 23:31:43.384000+00:00
리베라,2026-01-09,09:30,110000,9,4,teescan,2026-01-01 23:31:43.384000+00:00
리베라,2026-01-09,09:37,110000,9,4,teescan,2026-01-01 23:31:43.384000+00:00
리베라,2026-01-09,09:44,110000,9,4,teescan,2026-01-01 23:31:43.384000+00:00
리베라,2026-01-09,09:51,110000,9,4,teescan,2026-01-01 23:31:43.384000+00:00
리베라,2026-01-09,09:58,110000,9,4,teescan,2026-01-01 23:31:43.384000+00:00
리베라,2026-01-09,10:05,110000,10,4,teescan,2026-01-01 23:31:43.384000+00:00
리베라,2026-01-09,10:12,110000,10,4,teescan,2026-01-01 23:31:43.384000+00:00
리베라,2026-01-09,10:19,110000,10,4,teescan,2026-01-01 23:31:43.384000+00:00
리베라,2026-01-09,10:26,110000,10,4,teescan,2026-01-01 23:31:43.384000+00:00
리베라,2026-01-09,10:33,110000,10,4,teescan,2026-01-01 23:31:43.384000+00:00
리베라,2026-01-09,10:40,110000,10,4,teescan,2026-01-01 23:31:43.384000+00:00
리베라,2026-01-09,10:47,110000,10,4,teescan,2026-01-04 06:31:22.421000+00:00
리베라,2026-01-09,11:01,130000,11,4,golfpang,2026-01-03 23:31:20.255000+00:00
리베라,2026-01-09,11:15,120000,11,4,golfpang,2026-01-06 04:31:10.916000+00:00
마이다스,2026-01-09,09:44,120000,9,4,teescan,2026-01-02 07:31:35.637000+00:00
마이다스,2026-01-09,09:56,60000,9,4,golfpang,2026-01-06 01:01:07.501000+00:00
마이다스,2026-01-09,10:41,60000,10,4,golfpang,2026-01-06 01:01:07.501000+00:00
모나크,2026-01-09,09:47,60000,9,4,teescan,2025-12-30 06:02:01.489000+00:00
모나크,2026-01-09,09:54,60000,9,4,teescan,2025-12-30 06:02:01.489000+00:00
모나크,2026-01-09,10:01,60000,10,4,teescan,2025-12-30 06:02:01.489000+00:00
모나크,2026-01-09,10:08,60000,10,4,teescan,2025-12-30 06:02:01.489000+00:00
모나크,2026-01-09,10:15,60000,10,4,teescan,2025-12-30 06:02:01.489000+00:00
모나크,2026-01-09,10:22,60000,10,4,teescan,2025-12-30 06:02:01.489000+00:00
모나크,2026-01-09,10:29,60000,10,4,teescan,2025-12-30 06:02:01.489000+00:00
모나크,2026-01-09,10:36,60000,10,4,teescan,2025-12-30 06:02:01.489000+00:00
모나크,2026-01-09,11:18,70000,11,4,golfpang,2025-12-27 00:02:14.646000+00:00
벨라스톤,2026-01-09,09:30,49000,9,4,teescan,2026-01-05 02:01:25.716000+00:00
벨라스톤,2026-01-09,09:37,49000,9,4,teescan,2026-01-05 02:01:25.716000+00:00
벨라스톤,2026-01-09,09:44,49000,9,4,teescan,2026-01-05 02:01:25.716000+00:00
벨라스톤,2026-01-09,09:51,49000,9,4,teescan,2026-01-05 02:01:25.716000+00:00
벨라스톤,2026-01-09,09:58,49000,9,4,teescan,2026-01-05 02:01:25.716000+00:00
벨라스톤,2026-01-09,10:05,49000,10,4,teescan,2026-01-05 02:01:25.716000+00:00
벨라스톤,2026-01-09,10:12,49000,10,4,teescan,2026-01-05 02:01:25.716000+00:00
벨라스톤,2026-01-09,10:19,49000,10,4,teescan,2026-01-05 02:01:25.716000+00:00
벨라스톤,2026-01-09,10:26,49000,10,4,teescan,2026-01-05 02:01:25.716000+00:00
벨라스톤,2026-01-09,10:33,49000,10,4,teescan,2026-01-05 02:01:25.716000+00:00
벨라스톤,2026-01-09,10:47,49000,10,4,teescan,2026-01-05 02:01:25.716000+00:00
벨라스톤,2026-01-09,10:49,45000,10,4,golfpang,2026-01-04 13:01:16.988000+00:00
벨라스톤,2026-01-09,10:54,49000,10,4,teescan,2026-01-05 02:01:25.716000+00:00
벨라스톤,2026-01-09,11:01,49000,11,4,teescan,2026-01-06 02:31:05.083000+00:00
벨라스톤,2026-01-09,11:08,49000,11,4,teescan,2026-01-05 02:01:25.716000+00:00
벨라스톤,2026-01-09,11:15,49000,11,4,teescan,2026-01-05 02:01:25.716000+00:00
벨라스톤,2026-01-09,11:22,49000,11,4,teescan,2026-01-05 02:01:25.716000+00:00
벨라스톤,2026-01-09,11:29,49000,11,4,teescan,2026-01-05 02:01:25.716000+00:00
벨라스톤,2026-01-09,11:36,49000,11,4,teescan,2026-01-05 02:01:25.716000+00:00
벨라스톤,2026-01-09,11:43,49000,11,4,teescan,2026-01-05 02:01:25.716000+00:00
벨라스톤,2026-01-09,11:50,49000,11,4,teescan,2026-01-05 02:01:25.716000+00:00
블루원용인,2026-01-09,11:08,100000,11,4,teescan,2026-01-01 00:01:37.665000+00:00
블루원용인,2026-01-09,11:15,90000,11,4,golfpang,2026-01-05 19:01:15.622000+00:00
블루원용인,2026-01-09,11:22,100000,11,4,teescan,2026-01-01 00:01:37.665000+00:00
블루원용인,2026-01-09,11:36,100000,11,4,teescan,2026-01-01 00:01:37.665000+00:00
블루원용인,2026-01-09,11:43,100000,11,4,teescan,2025-12-27 00:02:14.646000+00:00
블루원용인,2026-01-09,12:04,100000,12,4,teescan,2026-01-01 00:01:37.665000+00:00
블루원용인,2026-01-09,12:11,100000,12,4,teescan,2025-12-27 00:02:14.646000+00:00
블루원용인,2026-01-09,12:25,100000,12,4,teescan,2026-01-01 00:01:37.665000+00:00
세현,2026-01-09,09:30,70000,9,4,teescan,2026-01-05 00:31:20.639000+00:00
세현,2026-01-09,09:37,70000,9,4,teescan,2026-01-05 00:31:20.639000+00:00
세현,2026-01-09,09:44,70000,9,4,teescan,2026-01-05 00:31:20.639000+00:00
세현,2026-01-09,09:51,70000,9,4,teescan,2026-01-05 00:31:20.639000+00:00
세현,2026-01-09,09:58,70000,9,4,teescan,2026-01-05 00:31:20.639000+00:00
세현,2026-01-09,10:05,70000,10,4,teescan,2026-01-05 00:31:20.639000+00:00
세현,2026-01-09,10:12,70000,10,4,teescan,2026-01-05 00:31:20.639000+00:00
세현,2026-01-09,10:19,70000,10,4,teescan,2026-01-05 00:31:20.639000+00:00
세현,2026-01-09,10:26,70000,10,4,teescan,2026-01-05 00:31:20.639000+00:00
세현,2026-01-09,10:33,70000,10,4,teescan,2026-01-05 00:31:20.639000+00:00
세현,2026-01-09,10:40,70000,10,4,teescan,2026-01-05 00:31:20.639000+00:00
세현,2026-01-09,10:47,70000,10,4,teescan,2026-01-05 00:31:20.639000+00:00
세현,2026-01-09,10:54,70000,10,4,teescan,2026-01-05 00:31:20.639000+00:00
세현,2026-01-09,11:01,70000,11,4,teescan,2026-01-05 00:31:20.639000+00:00
세현,2026-01-09,11:08,70000,11,4,teescan,2026-01-05 00:31:20.639000+00:00
세현,2026-01-09,11:15,70000,11,4,teescan,2026-01-05 00:31:20.639000+00:00
세현,2026-01-09,11:22,70000,11,4,teescan,2026-01-05 00:31:20.639000+00:00
세현,2026-01-09,11:29,70000,11,4,teescan,2026-01-05 00:31:20.639000+00:00
세현,2026-01-09,11:36,70000,11,4,teescan,2026-01-05 00:31:20.639000+00:00
세현,2026-01-09,11:43,70000,11,4,teescan,2026-01-05 00:31:20.639000+00:00
세현,2026-01-09,11:50,70000,11,4,teescan,2026-01-05 00:31:20.639000+00:00
수원,2026-01-09,10:12,150000,10,4,teescan,2026-01-02 03:01:38.424000+00:00
수원,2026-01-09,10:26,150000,10,4,teescan,2026-01-02 06:31:44.475000+00:00
수원,2026-01-09,10:33,150000,10,4,teescan,2026-01-02 03:01:38.424000+00:00
수원,2026-01-09,10:47,150000,10,4,teescan,2026-01-02 03:01:38.424000+00:00
수원,2026-01-09,11:15,150000,11,4,teescan,2026-01-02 03:01:38.424000+00:00
수원,2026-01-09,11:36,150000,11,4,teescan,2026-01-02 03:01:38.424000+00:00
수원,2026-01-09,11:57,150000,11,4,teescan,2026-01-02 06:31:44.475000+00:00
신라,2026-01-09,09:40,70000,9,4,golfpang,2026-01-06 04:31:10.916000+00:00
신라,2026-01-09,09:41,60000,9,4,teescan,2026-01-06 01:30:57.726000+00:00
신라,2026-01-09,09:48,60000,9,4,teescan,2026-01-06 01:30:57.726000+00:00
신라,2026-01-09,09:55,60000,9,4,teescan,2026-01-06 01:30:57.726000+00:00
신라,2026-01-09,10:02,60000,10,4,teescan,2026-01-06 03:01:05.687000+00:00
신라,2026-01-09,10:16,60000,10,4,teescan,2026-01-06 03:01:05.687000+00:00
신라,2026-01-09,10:23,60000,10,4,teescan,2026-01-06 01:30:57.726000+00:00
신라,2026-01-09,10:30,60000,10,4,teescan,2026-01-06 01:30:57.726000+00:00
신라,2026-01-09,10:37,80000,10,4,golfpang,2026-01-06 02:01:01.898000+00:00
신라,2026-01-09,10:44,60000,10,4,teescan,2026-01-06 01:30:57.726000+00:00
신라,2026-01-09,10:51,60000,10,4,teescan,2026-01-06 01:30:57.726000+00:00
신라,2026-01-09,11:05,60000,11,4,teescan,2026-01-06 01:30:57.726000+00:00
신라,2026-01-09,11:12,77000,11,4,golfpang,2026-01-05 23:01:03.019000+00:00
신라,2026-01-09,11:33,60000,11,4,teescan,2026-01-06 02:01:01.898000+00:00
신라,2026-01-09,11:47,60000,11,4,teescan,2026-01-06 01:30:57.726000+00:00
신라,2026-01-09,11:54,60000,11,4,teescan,2026-01-06 01:30:57.726000+00:00
써닝포인트,2026-01-09,10:05,75000,10,4,teescan,2025-12-30 06:02:01.489000+00:00
써닝포인트,2026-01-09,10:10,85000,10,4,golfpang,2026-01-06 04:31:10.916000+00:00
써닝포인트,2026-01-09,10:12,75000,10,4,teescan,2025-12-30 06:02:01.489000+00:00
써닝포인트,2026-01-09,10:19,75000,10,4,teescan,2025-12-30 06:02:01.489000+00:00
써닝포인트,2026-01-09,10:26,75000,10,4,teescan,2025-12-30 06:02:01.489000+00:00
써닝포인트,2026-01-09,10:33,75000,10,4,teescan,2025-12-30 06:02:01.489000+00:00
써닝포인트,2026-01-09,10:40,75000,10,4,teescan,2025-12-30 06:02:01.489000+00:00
써닝포인트,2026-01-09,10:47,75000,10,4,teescan,2025-12-30 06:02:01.489000+00:00
써닝포인트,2026-01-09,10:54,75000,10,4,teescan,2025-12-30 06:02:01.489000+00:00
써닝포인트,2026-01-09,11:00,85000,11,4,golfpang,2026-01-03 10:01:36.768000+00:00
써닝포인트,2026-01-09,11:01,75000,11,4,teescan,2025-12-30 06:02:01.489000+00:00
써닝포인트,2026-01-09,11:08,75000,11,4,teescan,2025-12-30 06:02:01.489000+00:00
써닝포인트,2026-01-09,11:15,75000,11,4,teescan,2025-12-30 06:02:01.489000+00:00
써닝포인트,2026-01-09,11:22,75000,11,4,teescan,2025-12-30 06:02:01.489000+00:00
써닝포인트,2026-01-09,11:29,75000,11,4,teescan,2025-12-30 06:02:01.489000+00:00
써닝포인트,2026-01-09,11:36,75000,11,4,teescan,2025-12-30 06:02:01.489000+00:00
써닝포인트,2026-01-09,11:43,75000,11,4,teescan,2025-12-30 06:02:01.489000+00:00
써닝포인트,2026-01-09,11:50,75000,11,4,teescan,2025-12-30 06:02:01.489000+00:00
써닝포인트,2026-01-09,11:57,75000,11,4,teescan,2025-12-30 06:02:01.489000+00:00
써닝포인트,2026-01-09,12:04,75000,12,4,teescan,2025-12-30 06:02:01.489000+00:00
써닝포인트,2026-01-09,12:11,75000,12,4,teescan,2025-12-30 06:02:01.489000+00:00
써닝포인트,2026-01-09,12:18,75000,12,4,teescan,2025-12-30 06:02:01.489000+00:00
썬밸리,2026-01-09,10:30,70000,10,4,golfpang,2026-01-05 02:01:25.716000+00:00
알프스대영,2026-01-09,09:30,40000,9,4,teescan,2025-12-30 06:02:01.489000+00:00
알프스대영,2026-01-09,09:37,40000,9,4,teescan,2025-12-30 06:02:01.489000+00:00
알프스대영,2026-01-09,09:44,40000,9,4,teescan,2025-12-30 06:02:01.489000+00:00
알프스대영,2026-01-09,09:51,40000,9,4,teescan,2025-12-30 06:02:01.489000+00:00
알프스대영,2026-01-09,09:58,40000,9,4,teescan,2025-12-30 06:02:01.489000+00:00
알프스대영,2026-01-09,10:05,40000,10,4,teescan,2025-12-30 06:02:01.489000+00:00
알프스대영,2026-01-09,10:12,40000,10,4,teescan,2025-12-27 00:02:15.248000+00:00
알프스대영,2026-01-09,10:19,40000,10,4,teescan,2025-12-31 00:01:55.890000+00:00
알프스대영,2026-01-09,10:26,40000,10,4,teescan,2025-12-30 06:02:01.489000+00:00
알프스대영,2026-01-09,10:33,40000,10,4,teescan,2026-01-03 05:01:35.265000+00:00
알프스대영,2026-01-09,10:40,40000,10,4,teescan,2026-01-03 05:01:35.265000+00:00
알프스대영,2026-01-09,10:47,40000,10,4,teescan,2025-12-30 06:02:01.489000+00:00
알프스대영,2026-01-09,10:54,40000,10,4,teescan,2025-12-30 06:02:01.489000+00:00
알프스대영,2026-01-09,11:01,40000,11,4,teescan,2025-12-30 06:02:01.489000+00:00
알프스대영,2026-01-09,11:08,40000,11,4,teescan,2025-12-30 06:02:01.489000+00:00
알프스대영,2026-01-09,11:15,40000,11,4,teescan,2025-12-30 06:02:01.489000+00:00
알프스대영,2026-01-09,11:22,40000,11,4,teescan,2025-12-27 00:02:15.248000+00:00
알프스대영,2026-01-09,11:29,40000,11,4,teescan,2025-12-30 06:02:01.489000+00:00
알프스대영,2026-01-09,11:36,40000,11,4,teescan,2025-12-30 06:02:01.489000+00:00
알프스대영,2026-01-09,11:43,40000,11,4,teescan,2025-12-30 06:02:01.489000+00:00
알프스대영,2026-01-09,11:50,40000,11,4,teescan,2026-01-02 00:01:40.327000+00:00
알프스대영,2026-01-09,11:57,40000,11,4,teescan,2025-12-30 06:02:01.489000+00:00
알프스대영,2026-01-09,12:04,40000,12,4,teescan,2025-12-30 06:02:01.489000+00:00
양지파인,2026-01-09,09:30,55000,9,4,teescan,2025-12-27 00:02:14.646000+00:00
양지파인,2026-01-09,09:37,55000,9,4,teescan,2025-12-27 00:02:14.646000+00:00
양지파인,2026-01-09,09:44,55000,9,4,teescan,2025-12-27 00:02:14.646000+00:00
양지파인,2026-01-09,09:51,55000,9,4,teescan,2025-12-27 00:02:14.646000+00:00
양지파인,2026-01-09,09:58,55000,9,4,teescan,2025-12-27 00:02:14.646000+00:00
양지파인,2026-01-09,10:05,55000,10,4,teescan,2025-12-27 00:02:14.646000+00:00
양지파인,2026-01-09,10:12,55000,10,4,teescan,2025-12-27 00:02:14.646000+00:00
양지파인,2026-01-09,10:19,55000,10,4,teescan,2025-12-27 00:02:14.646000+00:00
양지파인,2026-01-09,10:26,55000,10,4,teescan,2025-12-27 00:02:14.646000+00:00
양지파인,2026-01-09,10:33,55000,10,4,teescan,2025-12-27 00:02:14.646000+00:00
양지파인,2026-01-09,10:40,55000,10,4,teescan,2025-12-27 00:02:14.646000+00:00
양지파인,2026-01-09,10:47,55000,10,4,teescan,2025-12-27 00:02:14.646000+00:00
양지파인,2026-01-09,10:54,55000,10,4,teescan,2025-12-27 00:02:14.646000+00:00
양지파인,2026-01-09,11:00,60000,11,4,golfpang,2026-01-06 05:00:57.874000+00:00
양지파인,2026-01-09,11:08,55000,11,4,teescan,2025-12-27 00:02:14.646000+00:00
양지파인,2026-01-09,11:15,55000,11,4,teescan,2025-12-27 00:02:14.646000+00:00
양지파인,2026-01-09,11:22,55000,11,4,teescan,2025-12-27 00:02:14.646000+00:00
양지파인,2026-01-09,11:29,55000,11,4,teescan,2025-12-27 00:02:14.646000+00:00
양지파인,2026-01-09,11:43,55000,11,4,teescan,2025-12-27 00:02:14.646000+00:00
양지파인,2026-01-09,11:50,55000,11,4,teescan,2025-12-27 00:02:14.646000+00:00
올데이,2026-01-09,10:00,40000,10,4,teescan,2025-12-27 00:02:15.248000+00:00
올데이,2026-01-09,10:07,40000,10,4,teescan,2025-12-27 00:02:15.248000+00:00
올데이,2026-01-09,10:35,45000,10,4,teescan,2025-12-27 00:02:15.248000+00:00
올데이,2026-01-09,10:42,45000,10,4,teescan,2025-12-27 00:02:15.248000+00:00
올데이,2026-01-09,11:03,45000,11,4,teescan,2025-12-27 00:02:15.248000+00:00
올데이,2026-01-09,11:10,45000,11,4,teescan,2025-12-27 00:02:14.646000+00:00
올데이,2026-01-09,11:31,40000,11,4,teescan,2025-12-27 00:02:15.248000+00:00
올데이,2026-01-09,11:38,40000,11,4,teescan,2025-12-27 00:02:15.248000+00:00
올데이,2026-01-09,11:59,40000,11,4,teescan,2025-12-27 00:02:15.248000+00:00
올데이,2026-01-09,12:06,40000,12,4,teescan,2025-12-27 00:02:14.646000+00:00
윈체스트,2026-01-09,09:41,60000,9,4,teescan,2026-01-06 01:30:57.726000+00:00
윈체스트,2026-01-09,09:48,60000,9,4,teescan,2026-01-06 01:30:57.726000+00:00
윈체스트,2026-01-09,09:55,60000,9,4,teescan,2026-01-06 01:30:57.726000+00:00
윈체스트,2026-01-09,10:02,60000,10,4,teescan,2026-01-06 03:01:05.687000+00:00
윈체스트,2026-01-09,10:16,60000,10,4,teescan,2026-01-06 03:01:05.687000+00:00
윈체스트,2026-01-09,10:23,60000,10,4,teescan,2026-01-06 01:30:57.726000+00:00
윈체스트,2026-01-09,10:30,60000,10,4,teescan,2026-01-06 01:30:57.726000+00:00
윈체스트,2026-01-09,10:44,60000,10,4,teescan,2026-01-06 01:30:57.726000+00:00
윈체스트,2026-01-09,10:51,60000,10,4,teescan,2026-01-06 01:30:57.726000+00:00
윈체스트,2026-01-09,11:05,60000,11,4,teescan,2026-01-06 01:30:57.726000+00:00
윈체스트,2026-01-09,11:33,60000,11,4,teescan,2026-01-06 02:01:01.898000+00:00
윈체스트,2026-01-09,11:47,60000,11,4,teescan,2026-01-06 01:30:57.726000+00:00
윈체스트,2026-01-09,11:54,60000,11,4,teescan,2026-01-06 01:30:57.726000+00:00
은화삼,2026-01-09,09:30,100000,9,4,teescan,2025-12-30 06:02:01.489000+00:00
은화삼,2026-01-09,09:51,100000,9,4,teescan,2026-01-05 04:01:17.012000+00:00
은화삼,2026-01-09,10:12,100000,10,4,teescan,2026-01-05 04:01:17.012000+00:00
은화삼,2026-01-09,10:33,100000,10,4,teescan,2026-01-05 03:31:15.624000+00:00
은화삼,2026-01-09,10:40,110000,10,4,golfpang,2026-01-06 02:31:05.083000+00:00
은화삼,2026-01-09,10:54,100000,10,4,teescan,2026-01-05 04:01:17.012000+00:00
은화삼,2026-01-09,11:15,100000,11,4,teescan,2026-01-05 04:01:17.012000+00:00
은화삼,2026-01-09,11:29,110000,11,4,golfpang,2026-01-06 05:00:57.874000+00:00
은화삼,2026-01-09,11:36,100000,11,4,teescan,2026-01-05 06:01:27.174000+00:00
은화삼,2026-01-09,11:57,100000,11,4,teescan,2025-12-30 14:01:59.420000+00:00
이글몬트,2026-01-09,09:30,60000,9,4,teescan,2026-01-02 03:31:45.011000+00:00
이글몬트,2026-01-09,09:37,60000,9,4,teescan,2026-01-02 03:31:45.011000+00:00
이글몬트,2026-01-09,09:44,60000,9,4,teescan,2026-01-02 03:31:45.011000+00:00
이글몬트,2026-01-09,09:51,60000,9,4,teescan,2026-01-02 03:31:45.011000+00:00
이글몬트,2026-01-09,09:58,60000,9,4,teescan,2026-01-02 03:31:45.011000+00:00
이글몬트,2026-01-09,10:05,60000,10,4,teescan,2026-01-02 03:31:45.011000+00:00
이글몬트,2026-01-09,10:12,60000,10,4,teescan,2026-01-02 03:31:45.011000+00:00
이글몬트,2026-01-09,10:19,60000,10,4,teescan,2026-01-02 03:31:45.011000+00:00
이글몬트,2026-01-09,10:26,60000,10,4,teescan,2026-01-02 03:31:45.011000+00:00
이글몬트,2026-01-09,10:33,60000,10,4,teescan,2026-01-02 03:31:45.011000+00:00
이글몬트,2026-01-09,10:40,60000,10,4,teescan,2026-01-02 03:31:45.011000+00:00
이글몬트,2026-01-09,10:47,60000,10,4,teescan,2026-01-02 03:31:45.011000+00:00
이글몬트,2026-01-09,10:54,60000,10,4,teescan,2026-01-02 03:31:45.011000+00:00
이글몬트,2026-01-09,11:00,70000,11,4,golfpang,2026-01-06 05:00:57.874000+00:00
이글몬트,2026-01-09,11:01,60000,11,4,teescan,2026-01-02 03:31:45.011000+00:00
이글몬트,2026-01-09,11:08,60000,11,4,teescan,2026-01-02 03:31:45.011000+00:00
이글몬트,2026-01-09,11:15,60000,11,4,teescan,2026-01-02 03:31:45.011000+00:00
이글몬트,2026-01-09,11:22,60000,11,4,teescan,2026-01-02 03:31:45.011000+00:00
이글몬트,2026-01-09,11:29,60000,11,4,teescan,2026-01-02 03:31:45.011000+00:00
이글몬트,2026-01-09,11:36,60000,11,4,teescan,2026-01-02 03:31:45.011000+00:00
이글몬트,2026-01-09,11:43,60000,11,4,teescan,2026-01-02 03:31:45.011000+00:00
이글몬트,2026-01-09,11:50,60000,11,4,teescan,2026-01-02 03:31:45.011000+00:00
일레븐,2026-01-09,10:40,40000,10,4,golfpang,2026-01-06 04:31:10.916000+00:00
일레븐,2026-01-09,11:01,40000,11,4,golfpang,2026-01-06 04:31:10.916000+00:00
일레븐,2026-01-09,12:04,40000,12,4,golfpang,2026-01-04 08:01:24.742000+00:00
진양밸리,2026-01-09,09:30,60000,9,4,teescan,2025-12-30 06:02:01.489000+00:00
진양밸리,2026-01-09,09:37,60000,9,4,teescan,2025-12-30 06:02:01.489000+00:00
진양밸리,2026-01-09,09:44,60000,9,4,teescan,2025-12-30 06:02:01.489000+00:00
진양밸리,2026-01-09,09:51,60000,9,4,teescan,2025-12-30 06:02:01.489000+00:00
진양밸리,2026-01-09,09:58,60000,9,4,teescan,2025-12-30 06:02:01.489000+00:00
진양밸리,2026-01-09,10:05,60000,10,4,teescan,2025-12-30 06:02:01.489000+00:00
진양밸리,2026-01-09,10:12,60000,10,4,teescan,2025-12-30 06:02:01.489000+00:00
진양밸리,2026-01-09,10:19,60000,10,4,teescan,2025-12-30 06:02:01.489000+00:00
진양밸리,2026-01-09,10:26,60000,10,4,teescan,2025-12-30 06:02:01.489000+00:00
진양밸리,2026-01-09,10:32,60000,10,4,golfpang,2026-01-05 08:01:18.720000+00:00
진양밸리,2026-01-09,10:33,60000,10,4,teescan,2025-12-30 06:02:01.489000+00:00
진양밸리,2026-01-09,10:40,60000,10,4,teescan,2025-12-30 06:02:01.489000+00:00
진양밸리,2026-01-09,10:47,60000,10,4,teescan,2025-12-30 06:02:01.489000+00:00
진양밸리,2026-01-09,10:54,60000,10,4,teescan,2025-12-30 06:02:01.489000+00:00
진양밸리,2026-01-09,11:01,60000,11,4,teescan,2025-12-30 06:02:01.489000+00:00
진양밸리,2026-01-09,11:08,60000,11,4,teescan,2025-12-30 06:02:01.489000+00:00
진양밸리,2026-01-09,11:15,60000,11,4,teescan,2025-12-30 06:02:01.489000+00:00
진양밸리,2026-01-09,11:22,60000,11,4,teescan,2025-12-30 06:02:01.489000+00:00
진양밸리,2026-01-09,11:29,60000,11,4,teescan,2025-12-30 06:02:01.489000+00:00
진양밸리,2026-01-09,11:36,60000,11,4,teescan,2025-12-30 06:02:01.489000+00:00
진양밸리,2026-01-09,11:43,60000,11,4,teescan,2025-12-30 06:02:01.489000+00:00
코리아,2026-01-09,09:37,150000,9,4,teescan,2025-12-29 10:02:02.488000+00:00
코리아,2026-01-09,09:58,150000,9,4,teescan,2025-12-30 03:02:01.573000+00:00
코리아,2026-01-09,10:05,150000,10,4,teescan,2025-12-29 10:02:02.488000+00:00
코리아,2026-01-09,10:26,150000,10,4,teescan,2026-01-05 04:01:17.012000+00:00
코리아,2026-01-09,10:40,150000,10,4,teescan,2025-12-29 10:02:02.488000+00:00
코리아,2026-01-09,10:54,99000,10,4,golfpang,2026-01-06 04:31:10.916000+00:00
코리아,2026-01-09,11:01,150000,11,4,teescan,2025-12-29 10:02:02.488000+00:00
코리아,2026-01-09,11:22,150000,11,4,teescan,2025-12-29 10:02:02.488000+00:00
코리아,2026-01-09,11:36,150000,11,4,teescan,2026-01-02 05:31:52.608000+00:00
태광,2026-01-09,09:34,150000,9,4,teescan,2025-12-30 06:02:01.489000+00:00
태광,2026-01-09,09:55,150000,9,4,teescan,2025-12-30 06:02:01.489000+00:00
태광,2026-01-09,10:02,150000,10,4,teescan,2025-12-30 06:02:01.489000+00:00
태광,2026-01-09,10:23,150000,10,4,teescan,2025-12-30 06:02:01.489000+00:00
태광,2026-01-09,10:51,150000,10,4,teescan,2025-12-30 06:02:01.489000+00:00
태광,2026-01-09,10:58,150000,10,4,teescan,2025-12-30 06:02:01.489000+00:00
태광,2026-01-09,11:12,150000,11,4,teescan,2026-01-02 05:31:52.608000+00:00
태광,2026-01-09,11:26,150000,11,4,teescan,2025-12-30 06:02:01.489000+00:00
태광,2026-01-09,11:33,150000,11,4,teescan,2025-12-31 01:32:00.899000+00:00
태광,2026-01-09,11:47,150000,11,4,teescan,2025-12-30 08:32:02.741000+00:00
태광,2026-01-09,12:01,150000,12,4,teescan,2025-12-30 08:32:02.741000+00:00
파인크리,2026-01-09,09:30,80000,9,4,teescan,2025-12-27 00:02:14.646000+00:00
파인크리,2026-01-09,09:37,80000,9,4,teescan,2025-12-27 00:02:14.646000+00:00
파인크리,2026-01-09,09:44,80000,9,4,teescan,2025-12-27 00:02:14.646000+00:00
파인크리,2026-01-09,09:51,80000,9,4,teescan,2025-12-27 00:02:14.646000+00:00
파인크리,2026-01-09,09:58,80000,9,4,teescan,2025-12-27 00:02:14.646000+00:00
파인크리,2026-01-09,10:05,80000,10,4,teescan,2025-12-27 00:02:14.646000+00:00
파인크리,2026-01-09,10:12,80000,10,4,teescan,2025-12-27 00:02:14.646000+00:00
파인크리,2026-01-09,10:19,80000,10,4,teescan,2025-12-27 00:02:14.646000+00:00
파인크리,2026-01-09,10:26,80000,10,4,teescan,2025-12-27 00:02:14.646000+00:00
파인크리,2026-01-09,10:33,80000,10,4,teescan,2025-12-27 00:02:14.646000+00:00
파인크리,2026-01-09,10:40,80000,10,4,teescan,2025-12-27 00:02:14.646000+00:00
파인크리,2026-01-09,10:47,80000,10,4,teescan,2025-12-27 00:02:14.646000+00:00
파인크리,2026-01-09,10:50,80000,10,4,golfpang,2026-01-03 00:01:35.866000+00:00
파인크리,2026-01-09,10:54,75000,10,4,golfpang,2026-01-06 05:00:57.874000+00:00
파인크리,2026-01-09,11:01,80000,11,4,golfpang,2026-01-02 03:01:38.424000+00:00
파인크리,2026-01-09,11:15,80000,11,4,teescan,2025-12-27 00:02:14.646000+00:00
파인크리,2026-01-09,11:22,80000,11,4,teescan,2025-12-27 00:02:14.646000+00:00
파인크리,2026-01-09,11:29,80000,11,4,teescan,2025-12-27 00:02:14.646000+00:00
파인크리,2026-01-09,11:36,80000,11,4,teescan,2025-12-27 00:02:14.646000+00:00
파인크리,2026-01-09,11:43,80000,11,4,teescan,2025-12-27 00:02:14.646000+00:00
포웰,2026-01-09,09:35,40000,9,4,golfpang,2026-01-06 05:00:57.874000+00:00
포웰,2026-01-09,10:17,40000,10,4,golfpang,2026-01-06 03:31:08.775000+00:00
포웰,2026-01-09,10:45,50000,10,4,golfpang,2026-01-06 04:31:10.916000+00:00
포웰,2026-01-09,11:06,50000,11,4,golfpang,2026-01-06 04:31:10.916000+00:00
포웰,2026-01-09,12:09,50000,12,4,golfpang,2026-01-06 04:01:03.043000+00:00
포웰,2026-01-09,14:12,50000,14,4,golfpang,2026-01-06 03:31:08.775000+00:00
포웰,2026-01-09,14:30,40000,14,4,golfpang,2026-01-06 02:31:05.083000+00:00
포웰,2026-01-09,15:01,40000,15,4,golfpang,2026-01-05 06:01:27.174000+00:00
플라자용인,2026-01-09,09:27,100000,9,4,teescan,2025-12-31 06:01:55.013000+00:00
플라자용인,2026-01-09,09:28,100000,9,4,teescan,2025-12-31 06:01:55.013000+00:00
플라자용인,2026-01-09,09:29,100000,9,4,teescan,2026-01-03 00:31:34.303000+00:00
플라자용인,2026-01-09,09:30,100000,9,4,teescan,2025-12-31 06:01:55.013000+00:00
플라자용인,2026-01-09,09:34,100000,9,4,teescan,2025-12-31 06:01:55.013000+00:00
플라자용인,2026-01-09,09:35,100000,9,4,teescan,2025-12-31 06:01:55.013000+00:00
플라자용인,2026-01-09,09:37,100000,9,4,teescan,2025-12-31 06:01:55.013000+00:00
플라자용인,2026-01-09,09:41,100000,9,4,teescan,2025-12-31 06:01:55.013000+00:00
플라자용인,2026-01-09,09:42,100000,9,4,teescan,2025-12-31 06:01:55.013000+00:00
플라자용인,2026-01-09,09:43,100000,9,4,teescan,2025-12-31 06:01:55.013000+00:00
플라자용인,2026-01-09,09:44,100000,9,4,teescan,2025-12-31 06:01:55.013000+00:00
플라자용인,2026-01-09,09:48,100000,9,4,teescan,2025-12-31 06:01:55.013000+00:00
플라자용인,2026-01-09,09:49,100000,9,4,teescan,2025-12-31 06:01:55.013000+00:00
플라자용인,2026-01-09,09:50,100000,9,4,teescan,2026-01-05 05:01:20+00:00
플라자용인,2026-01-09,09:51,100000,9,4,teescan,2025-12-31 06:01:55.013000+00:00
플라자용인,2026-01-09,09:55,100000,9,4,teescan,2025-12-31 06:01:55.013000+00:00
플라자용인,2026-01-09,09:56,100000,9,4,teescan,2025-12-31 06:01:55.013000+00:00
플라자용인,2026-01-09,09:57,100000,9,4,teescan,2025-12-31 06:01:55.013000+00:00
플라자용인,2026-01-09,09:58,100000,9,4,teescan,2025-12-31 06:01:55.013000+00:00
플라자용인,2026-01-09,10:02,100000,10,4,teescan,2025-12-31 06:01:55.013000+00:00
플라자용인,2026-01-09,10:03,100000,10,4,teescan,2025-12-31 06:01:55.013000+00:00
플라자용인,2026-01-09,10:04,100000,10,4,teescan,2025-12-31 06:01:55.013000+00:00
플라자용인,2026-01-09,10:05,100000,10,4,teescan,2025-12-31 06:01:55.013000+00:00
플라자용인,2026-01-09,10:09,100000,10,4,teescan,2025-12-31 06:01:55.013000+00:00
플라자용인,2026-01-09,10:10,100000,10,4,teescan,2025-12-31 06:01:55.013000+00:00
플라자용인,2026-01-09,10:11,100000,10,4,teescan,2026-01-05 01:01:14.297000+00:00
플라자용인,2026-01-09,10:12,100000,10,4,teescan,2025-12-31 06:01:55.013000+00:00
플라자용인,2026-01-09,10:16,100000,10,4,teescan,2025-12-31 06:01:55.013000+00:00
플라자용인,2026-01-09,10:17,100000,10,4,teescan,2025-12-31 06:01:55.013000+00:00
플라자용인,2026-01-09,10:18,100000,10,4,teescan,2025-12-31 06:01:55.013000+00:00
플라자용인,2026-01-09,10:19,100000,10,4,teescan,2025-12-31 06:01:55.013000+00:00
플라자용인,2026-01-09,10:23,100000,10,4,teescan,2025-12-31 06:01:55.013000+00:00
플라자용인,2026-01-09,10:24,100000,10,4,teescan,2025-12-31 06:01:55.013000+00:00
플라자용인,2026-01-09,10:26,100000,10,4,teescan,2026-01-01 02:31:38.867000+00:00
플라자용인,2026-01-09,10:30,100000,10,4,teescan,2025-12-31 06:01:55.013000+00:00
플라자용인,2026-01-09,10:31,100000,10,4,teescan,2025-12-31 06:01:55.013000+00:00
플라자용인,2026-01-09,10:32,100000,10,4,teescan,2026-01-02 04:31:44.457000+00:00
플라자용인,2026-01-09,10:37,100000,10,4,teescan,2025-12-31 06:01:55.013000+00:00
플라자용인,2026-01-09,10:38,100000,10,4,teescan,2025-12-31 06:01:55.013000+00:00
플라자용인,2026-01-09,10:39,100000,10,4,teescan,2025-12-31 06:01:55.013000+00:00
플라자용인,2026-01-09,10:44,100000,10,4,teescan,2025-12-31 06:01:55.013000+00:00
플라자용인,2026-01-09,10:45,100000,10,4,teescan,2025-12-31 06:01:55.013000+00:00
플라자용인,2026-01-09,10:51,100000,10,4,teescan,2025-12-31 06:01:55.013000+00:00
플라자용인,2026-01-09,10:52,100000,10,4,teescan,2025-12-31 06:01:55.013000+00:00
플라자용인,2026-01-09,10:53,100000,10,4,teescan,2025-12-31 06:01:55.013000+00:00
플라자용인,2026-01-09,10:54,100000,10,4,teescan,2025-12-31 06:01:55.013000+00:00
플라자용인,2026-01-09,10:58,100000,10,4,teescan,2025-12-31 06:01:55.013000+00:00
플라자용인,2026-01-09,10:59,100000,10,4,teescan,2025-12-31 06:01:55.013000+00:00
플라자용인,2026-01-09,11:00,100000,11,4,golfpang,2026-01-06 03:31:08.775000+00:00
플라자용인,2026-01-09,11:01,100000,11,4,teescan,2025-12-31 06:01:55.013000+00:00
플라자용인,2026-01-09,11:05,100000,11,4,teescan,2025-12-31 06:01:55.013000+00:00
플라자용인,2026-01-09,11:06,100000,11,4,teescan,2025-12-31 06:01:55.013000+00:00
플라자용인,2026-01-09,11:08,100000,11,4,teescan,2025-12-31 06:01:55.013000+00:00
플라자용인,2026-01-09,11:12,100000,11,4,teescan,2025-12-31 06:01:55.013000+00:00
플라자용인,2026-01-09,11:13,100000,11,4,teescan,2025-12-31 06:01:55.013000+00:00
플라자용인,2026-01-09,11:14,100000,11,4,teescan,2026-01-02 02:31:41.193000+00:00
플라자용인,2026-01-09,11:15,100000,11,4,teescan,2025-12-31 06:01:55.013000+00:00
플라자용인,2026-01-09,11:19,100000,11,4,teescan,2025-12-31 06:01:55.013000+00:00
플라자용인,2026-01-09,11:20,100000,11,4,teescan,2025-12-31 06:01:55.013000+00:00
플라자용인,2026-01-09,11:21,100000,11,4,teescan,2025-12-31 06:01:55.013000+00:00
플라자용인,2026-01-09,11:22,100000,11,4,teescan,2025-12-31 06:01:55.013000+00:00
플라자용인,2026-01-09,11:26,100000,11,4,teescan,2025-12-31 06:01:55.013000+00:00
플라자용인,2026-01-09,11:27,100000,11,4,teescan,2025-12-31 06:01:55.013000+00:00
플라자용인,2026-01-09,11:28,100000,11,4,teescan,2025-12-31 06:01:55.013000+00:00
플라자용인,2026-01-09,11:33,100000,11,4,teescan,2025-12-31 06:01:55.013000+00:00
플라자용인,2026-01-09,11:34,100000,11,4,teescan,2025-12-31 06:01:55.013000+00:00
플라자용인,2026-01-09,11:35,100000,11,4,teescan,2025-12-31 06:01:55.013000+00:00
플라자용인,2026-01-09,11:36,100000,11,4,teescan,2026-01-02 21:01:42.548000+00:00
플라자용인,2026-01-09,11:40,100000,11,4,teescan,2025-12-31 06:01:55.013000+00:00
플라자용인,2026-01-09,11:41,100000,11,4,teescan,2025-12-31 06:01:55.013000+00:00
플라자용인,2026-01-09,11:42,100000,11,4,teescan,2025-12-31 06:01:55.013000+00:00
플라자용인,2026-01-09,11:43,100000,11,4,teescan,2026-01-01 22:31:36.295000+00:00
한림용인,2026-01-09,09:30,80000,9,4,teescan,2026-01-01 00:31:33.813000+00:00
한림용인,2026-01-09,09:37,80000,9,4,teescan,2026-01-01 00:31:33.813000+00:00
한림용인,2026-01-09,09:44,80000,9,4,teescan,2026-01-01 00:31:33.813000+00:00
한림용인,2026-01-09,09:51,80000,9,4,teescan,2026-01-01 00:31:33.813000+00:00
한림용인,2026-01-09,09:58,80000,9,4,teescan,2026-01-01 00:31:33.813000+00:00
한림용인,2026-01-09,10:05,80000,10,4,teescan,2026-01-01 00:31:33.813000+00:00
한림용인,2026-01-09,10:12,80000,10,4,teescan,2026-01-01 00:31:33.813000+00:00
한림용인,2026-01-09,10:19,80000,10,4,teescan,2026-01-01 00:31:33.813000+00:00
한림용인,2026-01-09,10:26,80000,10,4,teescan,2026-01-01 00:31:33.813000+00:00
한림용인,2026-01-09,10:33,90000,10,4,teescan,2026-01-01 00:31:33.813000+00:00
한림용인,2026-01-09,10:40,90000,10,4,teescan,2026-01-01 00:31:33.813000+00:00
한림용인,2026-01-09,10:47,90000,10,4,teescan,2026-01-01 00:31:33.813000+00:00
한림용인,2026-01-09,10:54,90000,10,4,teescan,2026-01-01 00:31:33.813000+00:00
한림용인,2026-01-09,11:01,90000,11,4,teescan,2026-01-01 00:31:33.813000+00:00
한림용인,2026-01-09,11:07,89000,11,4,golfpang,2026-01-05 10:01:19.406000+00:00
한림용인,2026-01-09,11:08,90000,11,4,teescan,2026-01-01 00:31:33.813000+00:00
한림용인,2026-01-09,11:15,90000,11,4,teescan,2026-01-01 00:31:33.813000+00:00
한림용인,2026-01-09,11:22,90000,11,4,teescan,2026-01-01 00:31:33.813000+00:00
한림용인,2026-01-09,11:29,90000,11,4,teescan,2026-01-01 00:31:33.813000+00:00
한림용인,2026-01-09,11:36,90000,11,4,teescan,2026-01-01 00:31:33.813000+00:00
한림용인,2026-01-09,11:43,90000,11,4,teescan,2026-01-01 00:31:33.813000+00:00
한림용인,2026-01-09,11:50,90000,11,4,teescan,2026-01-01 00:31:33.813000+00:00
한림용인,2026-01-09,11:57,90000,11,4,teescan,2026-01-01 00:31:33.813000+00:00
한원,2026-01-09,09:35,99000,9,4,teescan,2025-12-30 06:02:01.489000+00:00
한원,2026-01-09,09:42,99000,9,4,teescan,2025-12-30 06:02:01.489000+00:00
한원,2026-01-09,09:49,99000,9,4,teescan,2025-12-30 06:02:01.489000+00:00
한원,2026-01-09,09:56,99000,9,4,teescan,2025-12-30 06:02:01.489000+00:00
한원,2026-01-09,10:24,99000,10,4,teescan,2025-12-30 06:02:01.489000+00:00
한원,2026-01-09,10:31,99000,10,4,teescan,2025-12-30 06:02:01.489000+00:00
한원,2026-01-09,10:38,99000,10,4,teescan,2025-12-30 06:02:01.489000+00:00
한원,2026-01-09,10:45,99000,10,4,teescan,2025-12-30 06:02:01.489000+00:00
한원,2026-01-09,10:52,99000,10,4,teescan,2025-12-30 06:02:01.489000+00:00
한원,2026-01-09,10:59,99000,10,4,teescan,2025-12-30 06:02:01.489000+00:00
한원,2026-01-09,11:06,99000,11,4,teescan,2025-12-30 06:02:01.489000+00:00
한원,2026-01-09,11:20,99000,11,4,teescan,2025-12-30 06:02:01.489000+00:00
한원,2026-01-09,11:27,99000,11,4,teescan,2025-12-30 06:02:01.489000+00:00
해솔리아,2026-01-09,09:00,80000,9,4,teescan,2025-12-30 06:31:46.496000+00:00
해솔리아,2026-01-09,09:07,80000,9,4,teescan,2025-12-30 06:31:46.496000+00:00
해솔리아,2026-01-09,09:14,80000,9,4,teescan,2025-12-30 06:31:46.496000+00:00
해솔리아,2026-01-09,09:21,80000,9,4,teescan,2025-12-30 06:31:46.496000+00:00
해솔리아,2026-01-09,09:28,80000,9,4,teescan,2025-12-30 06:31:46.496000+00:00
해솔리아,2026-01-09,09:35,80000,9,4,teescan,2025-12-30 06:31:46.496000+00:00
해솔리아,2026-01-09,09:42,80000,9,4,teescan,2025-12-30 06:31:46.496000+00:00
해솔리아,2026-01-09,09:49,80000,9,4,teescan,2025-12-30 06:31:46.496000+00:00
해솔리아,2026-01-09,09:56,80000,9,4,teescan,2025-12-30 06:31:46.496000+00:00
해솔리아,2026-01-09,10:03,80000,10,4,teescan,2025-12-30 06:31:46.496000+00:00
해솔리아,2026-01-09,10:10,80000,10,4,teescan,2025-12-30 06:31:46.496000+00:00
해솔리아,2026-01-09,10:17,80000,10,4,teescan,2025-12-30 06:31:46.496000+00:00
해솔리아,2026-01-09,10:24,80000,10,4,teescan,2025-12-30 06:31:46.496000+00:00
해솔리아,2026-01-09,10:31,80000,10,4,teescan,2025-12-30 06:31:46.496000+00:00
해솔리아,2026-01-09,10:38,80000,10,4,teescan,2025-12-30 06:31:46.496000+00:00
해솔리아,2026-01-09,10:45,80000,10,4,teescan,2025-12-30 06:31:46.496000+00:00
해솔리아,2026-01-09,10:52,80000,10,4,teescan,2025-12-30 06:31:46.496000+00:00
해솔리아,2026-01-09,10:59,80000,10,4,teescan,2025-12-30 06:31:46.496000+00:00
해솔리아,2026-01-09,11:06,80000,11,4,teescan,2025-12-30 06:31:46.496000+00:00
해솔리아,2026-01-09,11:13,80000,11,4,teescan,2025-12-30 06:31:46.496000+00:00
해솔리아,2026-01-09,11:20,80000,11,4,teescan,2025-12-30 06:31:46.496000+00:00
해솔리아,2026-01-09,11:27,80000,11,4,teescan,2025-12-30 06:31:46.496000+00:00
화성상록,2026-01-09,10:26,100000,10,4,golfpang,2026-01-06 02:31:05.083000+00:00
화성상록,2026-01-09,10:40,100000,10,4,teescan,2026-01-05 04:31:25.791000+00:00
화성상록,2026-01-09,11:01,100000,11,4,teescan,2026-01-05 04:31:25.791000+00:00
화성상록,2026-01-09,11:08,100000,11,4,teescan,2026-01-05 04:31:25.791000+00:00
히든밸리,2026-01-09,09:44,50000,9,4,teescan,2025-12-29 02:31:47.936000+00:00
히든밸리,2026-01-09,09:51,50000,9,4,teescan,2025-12-30 06:02:01.489000+00:00
히든밸리,2026-01-09,09:58,50000,9,4,teescan,2025-12-30 06:02:01.489000+00:00
히든밸리,2026-01-09,10:05,50000,10,4,teescan,2025-12-30 06:02:01.489000+00:00
히든밸리,2026-01-09,10:12,50000,10,4,teescan,2025-12-30 06:02:01.489000+00:00
히든밸리,2026-01-09,10:19,50000,10,4,teescan,2025-12-29 02:31:47.936000+00:00
히든밸리,2026-01-09,10:26,50000,10,4,teescan,2026-01-04 01:31:26.638000+00:00
히든밸리,2026-01-09,10:33,60000,10,4,teescan,2025-12-27 00:02:15.248000+00:00
히든밸리,2026-01-09,10:40,60000,10,4,teescan,2025-12-30 06:02:01.489000+00:00
히든밸리,2026-01-09,10:47,60000,10,4,teescan,2025-12-30 06:02:01.489000+00:00
히든밸리,2026-01-09,10:54,60000,10,4,teescan,2025-12-30 06:02:01.489000+00:00
히든밸리,2026-01-09,11:01,60000,11,4,teescan,2025-12-30 06:02:01.489000+00:00
히든밸리,2026-01-09,11:08,60000,11,4,teescan,2025-12-30 06:02:01.489000+00:00
히든밸리,2026-01-09,11:15,60000,11,4,teescan,2025-12-27 00:02:15.248000+00:00
히든밸리,2026-01-09,11:29,60000,11,4,teescan,2025-12-30 06:02:01.489000+00:00
히든밸리,2026-01-09,11:36,50000,11,4,teescan,2026-01-04 01:31:26.638000+00:00
히든밸리,2026-01-09,11:43,50000,11,4,teescan,2025-12-30 06:02:01.489000+00:00
히든밸리,2026-01-09,11:50,50000,11,4,teescan,2025-12-29 02:31:47.936000+00:00
히든밸리,2026-01-09,11:57,50000,11,4,teescan,2025-12-30 06:02:01.489000+00:00
히든밸리,2026-01-09,12:04,50000,12,4,teescan,2025-12-30 06:02:01.489000+00:00
히든밸리,2026-01-09,12:11,50000,12,4,teescan,2025-12-30 06:02:01.489000+00:00
히든밸리,2026-01-09,12:18,50000,12,4,teescan,2025-12-30 06:02:01.489000+00:00
힐데스,2026-01-09,09:37,40000,9,4,teescan,2026-01-05 03:01:32.305000+00:00
힐데스,2026-01-09,09:44,40000,9,4,teescan,2026-01-05 03:01:32.305000+00:00
힐데스,2026-01-09,09:59,35000,9,4,golfpang,2026-01-06 03:31:08.775000+00:00
힐데스,2026-01-09,10:00,35000,10,4,golfpang,2026-01-06 04:01:03.043000+00:00
힐데스,2026-01-09,10:07,45000,10,4,teescan,2026-01-02 06:31:44.475000+00:00
힐데스,2026-01-09,10:14,45000,10,4,teescan,2026-01-02 06:31:44.475000+00:00
힐데스,2026-01-09,10:22,45000,10,4,teescan,2026-01-02 06:31:44.475000+00:00
힐데스,2026-01-09,10:30,50000,10,4,golfpang,2026-01-06 02:01:01.898000+00:00
힐데스,2026-01-09,10:37,40000,10,4,golfpang,2026-01-06 04:01:03.043000+00:00
힐데스,2026-01-09,10:44,45000,10,4,teescan,2026-01-02 06:31:44.475000+00:00
힐데스,2026-01-09,10:52,45000,10,4,teescan,2026-01-02 06:31:44.475000+00:00
힐데스,2026-01-09,10:59,45000,10,4,teescan,2026-01-02 06:31:44.475000+00:00
힐데스,2026-01-09,11:00,35000,11,4,golfpang,2026-01-06 04:01:03.043000+00:00
힐데스,2026-01-09,11:07,40000,11,4,teescan,2026-01-05 03:01:32.305000+00:00
힐데스,2026-01-09,11:14,50000,11,4,golfpang,2026-01-05 07:01:23.133000+00:00
힐데스,2026-01-09,11:22,40000,11,4,teescan,2026-01-05 03:01:32.305000+00:00
힐데스,2026-01-09,11:44,40000,11,4,teescan,2026-01-05 03:01:32.305000+00:00
힐데스,2026-01-09,11:59,40000,11,4,teescan,2026-01-05 03:01:32.305000+00:00
감곡,2026-01-10,09:30,60000,9,5,teescan,2025-12-28 00:01:55.544000+00:00
감곡,2026-01-10,09:37,60000,9,5,teescan,2025-12-28 00:01:55.544000+00:00
감곡,2026-01-10,09:44,60000,9,5,teescan,2025-12-28 00:01:55.544000+00:00
감곡,2026-01-10,09:51,60000,9,5,teescan,2025-12-28 00:01:55.544000+00:00
감곡,2026-01-10,09:58,60000,9,5,teescan,2025-12-28 00:01:56.129000+00:00
감곡,2026-01-10,10:05,60000,10,5,teescan,2025-12-28 00:01:56.129000+00:00
감곡,2026-01-10,10:12,60000,10,5,teescan,2025-12-28 00:01:56.129000+00:00
감곡,2026-01-10,10:19,60000,10,5,teescan,2025-12-28 00:01:56.129000+00:00
감곡,2026-01-10,10:40,60000,10,5,teescan,2026-01-05 23:31:14.824000+00:00
감곡,2026-01-10,10:47,50000,10,5,teescan,2026-01-05 05:01:20.154000+00:00
감곡,2026-01-10,11:50,60000,11,5,golfpang,2026-01-06 05:01:22.665000+00:00
골드,2026-01-10,09:30,150000,9,5,teescan,2026-01-05 07:01:37.946000+00:00
골드,2026-01-10,09:37,150000,9,5,teescan,2025-12-31 00:31:52.811000+00:00
골드,2026-01-10,09:51,150000,9,5,teescan,2025-12-31 00:31:52.811000+00:00
골드,2026-01-10,09:58,99000,9,5,golfpang,2026-01-06 03:31:21.675000+00:00
골드,2026-01-10,10:26,99000,10,5,golfpang,2026-01-06 04:31:18.559000+00:00
골드,2026-01-10,10:33,150000,10,5,teescan,2025-12-31 00:31:52.811000+00:00
골드,2026-01-10,11:15,150000,11,5,teescan,2025-12-31 00:31:52.811000+00:00
골드,2026-01-10,11:36,99000,11,5,golfpang,2026-01-06 04:31:18.559000+00:00
골드,2026-01-10,11:57,150000,11,5,teescan,2025-12-31 00:31:52.811000+00:00
골드,2026-01-10,12:11,99000,12,5,golfpang,2026-01-05 00:01:32.547000+00:00
골프존H,2026-01-10,09:43,90000,9,5,golfpang,2026-01-06 05:01:22.665000+00:00
골프존H,2026-01-10,10:32,89000,10,5,golfpang,2026-01-06 05:01:22.665000+00:00
골프존H,2026-01-10,10:39,90000,10,5,golfpang,2026-01-06 05:01:22.665000+00:00
골프존H,2026-01-10,11:14,90000,11,5,golfpang,2026-01-06 05:01:22.665000+00:00
골프존H,2026-01-10,12:03,90000,12,5,golfpang,2026-01-06 05:01:22.665000+00:00
골프존화랑,2026-01-10,09:50,55000,9,5,teescan,2026-01-05 01:31:12.619000+00:00
골프존화랑,2026-01-10,09:57,55000,9,5,teescan,2026-01-05 01:31:12.619000+00:00
골프존화랑,2026-01-10,10:11,55000,10,5,teescan,2026-01-05 01:31:12.619000+00:00
골프존화랑,2026-01-10,10:25,55000,10,5,teescan,2026-01-05 01:31:12.619000+00:00
골프존화랑,2026-01-10,10:32,55000,10,5,teescan,2026-01-05 01:31:12.619000+00:00
골프존화랑,2026-01-10,10:39,75000,10,5,golfpang,2026-01-05 04:01:20.616000+00:00
골프존화랑,2026-01-10,10:46,65000,10,5,golfpang,2026-01-06 02:31:29.275000+00:00
골프존화랑,2026-01-10,10:53,55000,10,5,teescan,2026-01-06 02:01:19.104000+00:00
골프존화랑,2026-01-10,11:00,55000,11,5,teescan,2026-01-05 01:31:12.619000+00:00
골프존화랑,2026-01-10,11:07,55000,11,5,teescan,2026-01-05 01:31:12.619000+00:00
골프존화랑,2026-01-10,11:21,55000,11,5,teescan,2026-01-05 01:31:12.619000+00:00
골프존화랑,2026-01-10,11:28,55000,11,5,teescan,2026-01-05 01:31:12.619000+00:00
골프존화랑,2026-01-10,11:42,55000,11,5,teescan,2026-01-05 01:31:12.619000+00:00
골프존화랑,2026-01-10,11:56,75000,11,5,golfpang,2026-01-05 04:01:20.616000+00:00
골프존화랑,2026-01-10,12:03,55000,12,5,teescan,2026-01-06 04:01:22.410000+00:00
기흥,2026-01-10,09:51,130000,9,5,golfpang,2026-01-04 02:31:24.348000+00:00
기흥,2026-01-10,10:30,130000,10,5,golfpang,2026-01-06 04:31:18.559000+00:00
기흥,2026-01-10,11:00,130000,11,5,golfpang,2026-01-06 04:01:22.410000+00:00
남여주,2026-01-10,09:20,80000,9,5,teescan,2025-12-30 06:01:55.195000+00:00
남여주,2026-01-10,09:27,80000,9,5,teescan,2025-12-30 06:01:55.195000+00:00
남여주,2026-01-10,09:34,80000,9,5,teescan,2025-12-30 06:01:55.195000+00:00
남여주,2026-01-10,09:41,80000,9,5,teescan,2025-12-30 06:01:55.195000+00:00
남여주,2026-01-10,09:48,80000,9,5,teescan,2025-12-30 06:01:55.195000+00:00
남여주,2026-01-10,09:55,80000,9,5,teescan,2025-12-30 06:01:55.195000+00:00
남여주,2026-01-10,10:02,80000,10,5,teescan,2025-12-30 06:01:55.195000+00:00
남여주,2026-01-10,10:09,80000,10,5,teescan,2025-12-30 06:01:55.195000+00:00
남여주,2026-01-10,10:16,80000,10,5,teescan,2025-12-30 06:01:55.195000+00:00
남여주,2026-01-10,10:23,80000,10,5,teescan,2025-12-30 06:01:55.195000+00:00
남여주,2026-01-10,10:30,80000,10,5,teescan,2026-01-01 06:31:40.898000+00:00
남여주,2026-01-10,10:37,80000,10,5,teescan,2025-12-30 06:01:55.195000+00:00
남여주,2026-01-10,10:44,80000,10,5,teescan,2025-12-30 06:01:55.195000+00:00
남여주,2026-01-10,10:51,80000,10,5,teescan,2025-12-30 06:01:55.195000+00:00
남여주,2026-01-10,10:58,80000,10,5,teescan,2025-12-30 06:01:55.195000+00:00
남여주,2026-01-10,11:05,80000,11,5,teescan,2025-12-30 06:01:55.195000+00:00
남여주,2026-01-10,11:12,80000,11,5,teescan,2025-12-30 06:01:55.195000+00:00
남여주,2026-01-10,11:19,80000,11,5,teescan,2025-12-30 06:01:55.195000+00:00
남여주,2026-01-10,11:26,80000,11,5,teescan,2025-12-30 06:01:55.195000+00:00
남여주,2026-01-10,11:33,80000,11,5,teescan,2025-12-30 06:01:55.195000+00:00
남여주,2026-01-10,11:40,80000,11,5,teescan,2025-12-30 06:01:55.195000+00:00
남여주,2026-01-10,11:47,80000,11,5,teescan,2025-12-30 06:01:55.195000+00:00
대영베이스,2026-01-10,09:20,50000,9,5,teescan,2025-12-28 00:01:56.129000+00:00
대영베이스,2026-01-10,09:27,50000,9,5,teescan,2025-12-30 06:01:55.195000+00:00
대영베이스,2026-01-10,09:34,50000,9,5,teescan,2025-12-30 06:01:55.195000+00:00
대영베이스,2026-01-10,09:41,50000,9,5,teescan,2025-12-30 06:01:55.195000+00:00
대영베이스,2026-01-10,09:48,50000,9,5,teescan,2025-12-30 06:01:55.195000+00:00
대영베이스,2026-01-10,09:55,50000,9,5,teescan,2025-12-30 06:01:55.195000+00:00
대영베이스,2026-01-10,10:02,50000,10,5,teescan,2025-12-30 06:01:55.195000+00:00
대영베이스,2026-01-10,10:09,50000,10,5,teescan,2025-12-30 06:01:55.195000+00:00
대영베이스,2026-01-10,10:16,50000,10,5,teescan,2026-01-06 03:31:21.675000+00:00
대영베이스,2026-01-10,10:23,50000,10,5,teescan,2026-01-03 00:01:36.594000+00:00
대영베이스,2026-01-10,10:30,50000,10,5,teescan,2026-01-05 01:01:02.848000+00:00
대영베이스,2026-01-10,10:37,55000,10,5,golfpang,2026-01-03 01:31:36.390000+00:00
대영베이스,2026-01-10,10:51,50000,10,5,teescan,2026-01-03 00:01:36.594000+00:00
대영베이스,2026-01-10,10:58,50000,10,5,golfpang,2026-01-06 03:31:21.675000+00:00
대영베이스,2026-01-10,11:05,50000,11,5,golfpang,2026-01-03 23:01:27.593000+00:00
대영베이스,2026-01-10,11:12,50000,11,5,teescan,2026-01-03 00:01:36.594000+00:00
대영베이스,2026-01-10,11:19,50000,11,5,teescan,2026-01-03 00:01:36.594000+00:00
대영베이스,2026-01-10,11:26,50000,11,5,golfpang,2026-01-01 15:01:44.319000+00:00
대영베이스,2026-01-10,11:40,50000,11,5,teescan,2025-12-30 06:01:55.195000+00:00
대영베이스,2026-01-10,11:47,50000,11,5,teescan,2026-01-03 00:01:36.594000+00:00
대영베이스,2026-01-10,11:54,50000,11,5,teescan,2025-12-30 06:01:55.195000+00:00
대영베이스,2026-01-10,12:08,50000,12,5,teescan,2025-12-28 00:01:55.544000+00:00
대영힐스,2026-01-10,10:02,50000,10,5,golfpang,2026-01-06 03:31:21.675000+00:00
대영힐스,2026-01-10,11:05,50000,11,5,golfpang,2026-01-04 23:31:22.530000+00:00
대영힐스,2026-01-10,12:01,50000,12,5,teescan,2025-12-28 00:01:55.544000+00:00
더크로스비,2026-01-10,09:50,90000,9,5,golfpang,2026-01-04 04:31:30.917000+00:00
더크로스비,2026-01-10,09:51,70000,9,5,teescan,2026-01-02 02:31:49.529000+00:00
더크로스비,2026-01-10,10:05,70000,10,5,teescan,2026-01-04 01:31:23.020000+00:00
더크로스비,2026-01-10,10:12,70000,10,5,teescan,2026-01-04 01:31:23.020000+00:00
더크로스비,2026-01-10,10:40,80000,10,5,teescan,2026-01-01 00:01:50.633000+00:00
더크로스비,2026-01-10,10:47,80000,10,5,teescan,2026-01-01 00:01:50.633000+00:00
더크로스비,2026-01-10,10:54,90000,10,5,golfpang,2026-01-06 01:31:10.326000+00:00
더크로스비,2026-01-10,11:15,80000,11,5,teescan,2026-01-01 00:01:50.633000+00:00
더크로스비,2026-01-10,11:43,70000,11,5,teescan,2026-01-01 00:01:50.633000+00:00
더크로스비,2026-01-10,11:50,70000,11,5,teescan,2026-01-01 00:01:50.633000+00:00
동촌,2026-01-10,09:37,80000,9,5,teescan,2025-12-31 15:32:08.894000+00:00
동촌,2026-01-10,09:44,80000,9,5,teescan,2025-12-31 15:32:08.894000+00:00
동촌,2026-01-10,09:51,80000,9,5,teescan,2025-12-31 15:32:08.894000+00:00
동촌,2026-01-10,09:58,80000,9,5,teescan,2025-12-31 15:32:08.894000+00:00
동촌,2026-01-10,10:05,70000,10,5,golfpang,2026-01-06 03:31:21.675000+00:00
동촌,2026-01-10,10:33,90000,10,5,golfpang,2026-01-06 04:31:18.559000+00:00
동촌,2026-01-10,10:40,65000,10,5,golfpang,2026-01-06 05:01:22.665000+00:00
동촌,2026-01-10,11:00,70000,11,5,golfpang,2026-01-06 05:01:22.665000+00:00
동촌,2026-01-10,11:22,65000,11,5,golfpang,2026-01-06 05:01:22.665000+00:00
동촌,2026-01-10,11:36,80000,11,5,teescan,2025-12-31 15:32:08.894000+00:00
동촌,2026-01-10,11:43,80000,11,5,teescan,2025-12-31 15:32:08.894000+00:00
동촌,2026-01-10,11:50,80000,11,5,teescan,2025-12-31 15:32:08.894000+00:00
떼제베,2026-01-10,10:00,50000,10,5,teescan,2026-01-06 04:01:22.410000+00:00
떼제베,2026-01-10,10:07,50000,10,5,teescan,2026-01-06 05:01:22.665000+00:00
떼제베,2026-01-10,10:14,50000,10,5,teescan,2026-01-06 04:01:22.410000+00:00
떼제베,2026-01-10,10:21,50000,10,5,teescan,2026-01-06 04:01:22.410000+00:00
떼제베,2026-01-10,10:28,50000,10,5,teescan,2026-01-06 04:01:22.410000+00:00
떼제베,2026-01-10,10:35,50000,10,5,teescan,2026-01-06 04:01:22.410000+00:00
떼제베,2026-01-10,10:42,50000,10,5,teescan,2026-01-06 02:01:19.104000+00:00
떼제베,2026-01-10,10:50,70000,10,5,golfpang,2026-01-06 05:01:22.665000+00:00
떼제베,2026-01-10,10:56,50000,10,5,teescan,2026-01-06 02:01:19.104000+00:00
떼제베,2026-01-10,11:03,50000,11,5,teescan,2026-01-06 02:01:19.104000+00:00
떼제베,2026-01-10,11:10,50000,11,5,teescan,2026-01-06 04:01:22.410000+00:00
떼제베,2026-01-10,11:17,50000,11,5,teescan,2026-01-06 04:01:22.410000+00:00
떼제베,2026-01-10,11:24,50000,11,5,teescan,2026-01-06 04:01:22.410000+00:00
떼제베,2026-01-10,11:31,50000,11,5,teescan,2026-01-06 04:01:22.410000+00:00
떼제베,2026-01-10,11:38,50000,11,5,teescan,2026-01-06 04:01:22.410000+00:00
떼제베,2026-01-10,11:45,50000,11,5,teescan,2026-01-06 04:01:22.410000+00:00
떼제베,2026-01-10,11:52,50000,11,5,teescan,2026-01-06 04:01:22.410000+00:00
떼제베,2026-01-10,11:59,50000,11,5,teescan,2026-01-06 04:01:22.410000+00:00
떼제베,2026-01-10,12:06,50000,12,5,teescan,2026-01-06 04:01:22.410000+00:00
떼제베,2026-01-10,12:13,50000,12,5,teescan,2026-01-06 04:01:22.410000+00:00
떼제베,2026-01-10,12:20,50000,12,5,teescan,2026-01-06 04:01:22.410000+00:00
떼제베,2026-01-10,12:27,50000,12,5,teescan,2026-01-06 03:31:21.675000+00:00
레싸,2026-01-10,09:51,180000,9,5,teescan,2025-12-30 06:01:55.195000+00:00
레싸,2026-01-10,09:58,180000,9,5,teescan,2025-12-30 06:01:55.195000+00:00
레싸,2026-01-10,10:05,180000,10,5,teescan,2025-12-30 07:02:06.491000+00:00
레싸,2026-01-10,10:26,210000,10,5,teescan,2026-01-05 06:31:16.927000+00:00
레싸,2026-01-10,10:40,180000,10,5,teescan,2025-12-30 06:01:55.195000+00:00
레싸,2026-01-10,10:54,210000,10,5,teescan,2026-01-03 01:31:36.390000+00:00
레싸,2026-01-10,11:08,180000,11,5,teescan,2025-12-30 06:01:55.195000+00:00
레싸,2026-01-10,11:36,180000,11,5,teescan,2025-12-30 06:01:55.195000+00:00
레싸,2026-01-10,11:43,210000,11,5,teescan,2025-12-30 06:01:55.195000+00:00
레싸,2026-01-10,11:57,180000,11,5,teescan,2025-12-30 06:01:55.195000+00:00
레싸,2026-01-10,12:04,210000,12,5,teescan,2025-12-30 06:01:55.195000+00:00
로얄포레,2026-01-10,10:49,50000,10,5,golfpang,2026-01-06 03:31:21.675000+00:00
로얄포레,2026-01-10,10:56,40000,10,5,golfpang,2026-01-06 05:01:22.665000+00:00
로얄포레,2026-01-10,11:10,50000,11,5,golfpang,2026-01-06 05:01:22.665000+00:00
로얄포레,2026-01-10,11:24,40000,11,5,golfpang,2026-01-06 05:01:22.665000+00:00
로얄포레,2026-01-10,12:06,50000,12,5,golfpang,2025-12-29 07:31:45.257000+00:00
리베라,2026-01-10,09:09,130000,9,5,teescan,2026-01-01 23:31:48.120000+00:00
리베라,2026-01-10,09:16,130000,9,5,teescan,2026-01-01 23:31:48.120000+00:00
리베라,2026-01-10,09:23,140000,9,5,golfpang,2026-01-06 05:01:22.665000+00:00
리베라,2026-01-10,09:30,130000,9,5,teescan,2026-01-01 23:31:48.120000+00:00
리베라,2026-01-10,09:37,130000,9,5,teescan,2026-01-04 06:31:15.107000+00:00
리베라,2026-01-10,09:44,130000,9,5,teescan,2026-01-04 06:31:15.107000+00:00
리베라,2026-01-10,09:51,130000,9,5,teescan,2026-01-01 23:31:48.120000+00:00
리베라,2026-01-10,09:58,130000,9,5,teescan,2026-01-01 23:31:48.120000+00:00
리베라,2026-01-10,10:05,130000,10,5,teescan,2026-01-01 23:31:48.120000+00:00
리베라,2026-01-10,10:12,130000,10,5,teescan,2026-01-01 23:31:48.120000+00:00
리베라,2026-01-10,10:19,130000,10,5,teescan,2026-01-01 23:31:48.120000+00:00
리베라,2026-01-10,11:08,130000,11,5,teescan,2026-01-01 23:31:48.120000+00:00
리베라,2026-01-10,11:15,130000,11,5,teescan,2026-01-01 23:31:48.120000+00:00
리베라,2026-01-10,11:22,180000,11,5,golfpang,2026-01-06 04:31:18.559000+00:00
모나크,2026-01-10,09:40,80000,9,5,teescan,2025-12-28 00:01:55.544000+00:00
모나크,2026-01-10,09:47,80000,9,5,teescan,2025-12-28 00:01:55.544000+00:00
모나크,2026-01-10,09:54,80000,9,5,teescan,2025-12-28 00:01:56.129000+00:00
모나크,2026-01-10,10:08,80000,10,5,teescan,2025-12-28 00:01:55.544000+00:00
모나크,2026-01-10,10:15,80000,10,5,teescan,2025-12-28 00:01:55.544000+00:00
모나크,2026-01-10,10:22,80000,10,5,teescan,2025-12-28 00:01:56.129000+00:00
모나크,2026-01-10,10:29,80000,10,5,teescan,2025-12-28 00:01:56.129000+00:00
모나크,2026-01-10,10:36,80000,10,5,teescan,2026-01-06 04:31:18.559000+00:00
모나크,2026-01-10,11:18,90000,11,5,golfpang,2025-12-28 00:01:55.544000+00:00
벨라스톤,2026-01-10,09:30,69000,9,5,teescan,2026-01-05 02:01:16.138000+00:00
벨라스톤,2026-01-10,09:37,69000,9,5,teescan,2026-01-05 02:01:16.138000+00:00
벨라스톤,2026-01-10,09:44,69000,9,5,teescan,2026-01-05 02:01:16.138000+00:00
벨라스톤,2026-01-10,09:51,69000,9,5,teescan,2026-01-05 02:01:16.138000+00:00
벨라스톤,2026-01-10,09:58,69000,9,5,teescan,2026-01-05 02:01:16.138000+00:00
벨라스톤,2026-01-10,10:05,69000,10,5,teescan,2026-01-05 02:01:16.138000+00:00
벨라스톤,2026-01-10,10:12,69000,10,5,teescan,2026-01-05 02:01:16.138000+00:00
벨라스톤,2026-01-10,10:19,69000,10,5,teescan,2026-01-05 02:01:16.138000+00:00
벨라스톤,2026-01-10,10:26,69000,10,5,teescan,2026-01-05 02:01:16.138000+00:00
벨라스톤,2026-01-10,10:33,69000,10,5,teescan,2026-01-05 02:01:16.138000+00:00
벨라스톤,2026-01-10,10:47,69000,10,5,teescan,2026-01-05 02:01:16.138000+00:00
벨라스톤,2026-01-10,10:54,69000,10,5,teescan,2026-01-05 02:01:16.138000+00:00
벨라스톤,2026-01-10,11:01,69000,11,5,teescan,2026-01-05 02:01:16.138000+00:00
벨라스톤,2026-01-10,11:08,69000,11,5,teescan,2026-01-05 02:01:16.138000+00:00
벨라스톤,2026-01-10,11:22,69000,11,5,teescan,2026-01-05 02:01:16.138000+00:00
벨라스톤,2026-01-10,11:29,69000,11,5,teescan,2026-01-05 02:01:16.138000+00:00
벨라스톤,2026-01-10,11:36,69000,11,5,teescan,2026-01-05 02:01:16.138000+00:00
벨라스톤,2026-01-10,11:43,69000,11,5,teescan,2026-01-05 02:01:16.138000+00:00
벨라스톤,2026-01-10,11:50,69000,11,5,teescan,2026-01-05 02:01:16.138000+00:00
블루원용인,2026-01-10,10:26,130000,10,5,teescan,2026-01-06 03:31:21.675000+00:00
블루원용인,2026-01-10,10:47,130000,10,5,teescan,2026-01-06 03:31:21.675000+00:00
블루원용인,2026-01-10,11:01,130000,11,5,teescan,2026-01-06 03:31:21.675000+00:00
블루원용인,2026-01-10,11:08,130000,11,5,teescan,2026-01-06 03:31:21.675000+00:00
블루원용인,2026-01-10,11:15,120000,11,5,golfpang,2026-01-05 19:01:15.403000+00:00
블루원용인,2026-01-10,11:22,130000,11,5,teescan,2026-01-06 03:31:21.675000+00:00
블루원용인,2026-01-10,11:43,130000,11,5,teescan,2026-01-06 03:31:21.675000+00:00
블루원용인,2026-01-10,11:50,130000,11,5,teescan,2026-01-06 03:31:21.675000+00:00
블루원용인,2026-01-10,12:11,130000,12,5,teescan,2026-01-06 03:31:21.675000+00:00
세현,2026-01-10,09:30,100000,9,5,teescan,2026-01-06 02:01:19.104000+00:00
세현,2026-01-10,09:37,100000,9,5,teescan,2026-01-06 02:01:19.104000+00:00
세현,2026-01-10,09:44,100000,9,5,teescan,2026-01-06 02:01:19.104000+00:00
세현,2026-01-10,09:51,100000,9,5,teescan,2026-01-06 02:01:19.104000+00:00
세현,2026-01-10,09:58,100000,9,5,teescan,2026-01-06 02:01:19.104000+00:00
세현,2026-01-10,10:05,100000,10,5,teescan,2026-01-06 02:01:19.104000+00:00
세현,2026-01-10,10:12,100000,10,5,teescan,2026-01-06 02:01:19.104000+00:00
세현,2026-01-10,10:19,100000,10,5,teescan,2026-01-06 02:01:19.104000+00:00
세현,2026-01-10,10:26,100000,10,5,teescan,2026-01-06 02:01:19.104000+00:00
세현,2026-01-10,10:33,100000,10,5,teescan,2026-01-06 02:01:19.104000+00:00
세현,2026-01-10,10:40,100000,10,5,teescan,2026-01-06 02:01:19.104000+00:00
세현,2026-01-10,10:47,100000,10,5,teescan,2026-01-06 02:01:19.104000+00:00
세현,2026-01-10,10:54,100000,10,5,teescan,2026-01-06 02:01:19.104000+00:00
세현,2026-01-10,11:01,100000,11,5,teescan,2026-01-06 02:01:19.104000+00:00
세현,2026-01-10,11:08,100000,11,5,teescan,2026-01-06 02:01:19.104000+00:00
세현,2026-01-10,11:15,100000,11,5,teescan,2026-01-06 02:01:19.104000+00:00
세현,2026-01-10,11:22,100000,11,5,teescan,2026-01-06 02:01:19.104000+00:00
세현,2026-01-10,11:29,100000,11,5,teescan,2026-01-06 02:01:19.104000+00:00
세현,2026-01-10,11:36,100000,11,5,teescan,2026-01-06 02:01:19.104000+00:00
세현,2026-01-10,11:43,100000,11,5,teescan,2026-01-06 02:01:19.104000+00:00
세현,2026-01-10,11:50,100000,11,5,teescan,2026-01-06 02:01:19.104000+00:00
수원,2026-01-10,10:12,200000,10,5,teescan,2026-01-02 03:01:38.274000+00:00
수원,2026-01-10,10:26,200000,10,5,teescan,2026-01-02 03:01:38.274000+00:00
수원,2026-01-10,10:40,200000,10,5,teescan,2026-01-02 03:01:38.274000+00:00
수원,2026-01-10,10:47,200000,10,5,teescan,2026-01-02 06:31:56.778000+00:00
수원,2026-01-10,10:54,200000,10,5,teescan,2026-01-02 03:01:38.274000+00:00
수원,2026-01-10,11:22,200000,11,5,teescan,2026-01-02 03:01:38.274000+00:00
수원,2026-01-10,11:43,200000,11,5,teescan,2026-01-02 03:01:38.274000+00:00
수원,2026-01-10,11:57,200000,11,5,teescan,2026-01-02 03:01:38.274000+00:00
수원,2026-01-10,12:11,200000,12,5,teescan,2026-01-02 03:01:38.274000+00:00
수원,2026-01-10,12:18,200000,12,5,teescan,2026-01-04 01:01:25.446000+00:00
신라,2026-01-10,09:41,110000,9,5,teescan,2025-12-29 08:02:05.007000+00:00
신라,2026-01-10,09:48,110000,9,5,teescan,2025-12-29 08:02:05.007000+00:00
신라,2026-01-10,09:55,110000,9,5,teescan,2025-12-29 08:02:05.007000+00:00
신라,2026-01-10,10:23,110000,10,5,teescan,2025-12-29 08:02:05.007000+00:00
신라,2026-01-10,10:37,110000,10,5,teescan,2025-12-29 08:02:05.007000+00:00
신라,2026-01-10,10:58,110000,10,5,teescan,2026-01-02 03:01:38.274000+00:00
신라,2026-01-10,11:05,110000,11,5,teescan,2026-01-05 01:01:02.848000+00:00
신라,2026-01-10,11:47,110000,11,5,teescan,2025-12-29 08:02:05.007000+00:00
신라,2026-01-10,11:54,110000,11,5,teescan,2025-12-29 08:02:05.007000+00:00
신라,2026-01-10,12:01,110000,12,5,teescan,2025-12-29 08:02:05.007000+00:00
써닝포인트,2026-01-10,10:05,95000,10,5,teescan,2025-12-30 00:32:08.392000+00:00
써닝포인트,2026-01-10,10:12,95000,10,5,teescan,2025-12-30 00:32:08.392000+00:00
써닝포인트,2026-01-10,10:19,95000,10,5,teescan,2025-12-30 00:32:08.392000+00:00
써닝포인트,2026-01-10,10:26,95000,10,5,teescan,2025-12-30 00:32:08.392000+00:00
써닝포인트,2026-01-10,10:30,105000,10,5,golfpang,2026-01-04 04:31:30.917000+00:00
써닝포인트,2026-01-10,10:33,95000,10,5,teescan,2025-12-30 00:32:08.392000+00:00
써닝포인트,2026-01-10,10:40,95000,10,5,teescan,2025-12-30 00:32:08.392000+00:00
써닝포인트,2026-01-10,10:47,95000,10,5,teescan,2025-12-30 00:32:08.392000+00:00
써닝포인트,2026-01-10,10:54,95000,10,5,teescan,2025-12-30 00:32:08.392000+00:00
써닝포인트,2026-01-10,11:01,95000,11,5,teescan,2025-12-30 00:32:08.392000+00:00
써닝포인트,2026-01-10,11:08,95000,11,5,teescan,2025-12-30 00:32:08.392000+00:00
써닝포인트,2026-01-10,11:15,95000,11,5,teescan,2025-12-30 00:32:08.392000+00:00
써닝포인트,2026-01-10,11:22,95000,11,5,teescan,2025-12-30 00:32:08.392000+00:00
써닝포인트,2026-01-10,11:29,95000,11,5,teescan,2025-12-30 00:32:08.392000+00:00
써닝포인트,2026-01-10,11:36,95000,11,5,teescan,2025-12-30 00:32:08.392000+00:00
써닝포인트,2026-01-10,11:43,95000,11,5,teescan,2025-12-30 00:32:08.392000+00:00
써닝포인트,2026-01-10,11:50,95000,11,5,teescan,2025-12-30 00:32:08.392000+00:00
써닝포인트,2026-01-10,11:57,95000,11,5,teescan,2025-12-30 00:32:08.392000+00:00
써닝포인트,2026-01-10,12:04,95000,12,5,teescan,2025-12-30 00:32:08.392000+00:00
써닝포인트,2026-01-10,12:11,95000,12,5,teescan,2025-12-30 00:32:08.392000+00:00
써닝포인트,2026-01-10,12:18,95000,12,5,teescan,2025-12-30 00:32:08.392000+00:00
썬밸리,2026-01-10,10:30,90000,10,5,golfpang,2026-01-05 02:01:16.138000+00:00
알프스대영,2026-01-10,09:30,45000,9,5,teescan,2026-01-02 00:01:39.838000+00:00
알프스대영,2026-01-10,09:37,45000,9,5,teescan,2026-01-02 00:01:39.838000+00:00
알프스대영,2026-01-10,09:44,45000,9,5,teescan,2026-01-03 00:01:36.594000+00:00
알프스대영,2026-01-10,09:51,45000,9,5,teescan,2026-01-02 00:01:39.838000+00:00
알프스대영,2026-01-10,09:58,45000,9,5,teescan,2026-01-02 00:01:39.838000+00:00
알프스대영,2026-01-10,10:05,45000,10,5,teescan,2026-01-03 00:01:36.594000+00:00
알프스대영,2026-01-10,10:12,45000,10,5,teescan,2026-01-02 00:01:39.838000+00:00
알프스대영,2026-01-10,10:19,45000,10,5,teescan,2026-01-02 00:01:39.838000+00:00
알프스대영,2026-01-10,10:26,45000,10,5,teescan,2026-01-02 00:01:39.838000+00:00
알프스대영,2026-01-10,10:33,45000,10,5,teescan,2026-01-02 00:01:39.838000+00:00
알프스대영,2026-01-10,10:40,45000,10,5,teescan,2026-01-02 00:01:39.838000+00:00
알프스대영,2026-01-10,10:47,45000,10,5,teescan,2026-01-02 00:01:39.838000+00:00
알프스대영,2026-01-10,10:54,45000,10,5,teescan,2026-01-02 00:01:39.838000+00:00
알프스대영,2026-01-10,11:01,45000,11,5,teescan,2026-01-02 00:01:39.838000+00:00
알프스대영,2026-01-10,11:08,45000,11,5,teescan,2026-01-02 00:01:39.838000+00:00
알프스대영,2026-01-10,11:15,45000,11,5,teescan,2026-01-02 00:01:39.838000+00:00
알프스대영,2026-01-10,11:22,45000,11,5,teescan,2026-01-02 00:01:39.838000+00:00
알프스대영,2026-01-10,11:29,45000,11,5,teescan,2026-01-02 00:01:39.838000+00:00
알프스대영,2026-01-10,11:36,45000,11,5,teescan,2026-01-02 00:01:39.838000+00:00
알프스대영,2026-01-10,11:43,45000,11,5,teescan,2026-01-02 00:01:39.838000+00:00
알프스대영,2026-01-10,11:50,45000,11,5,teescan,2026-01-02 00:01:39.838000+00:00
알프스대영,2026-01-10,11:57,45000,11,5,teescan,2026-01-02 00:01:39.838000+00:00
알프스대영,2026-01-10,12:04,45000,12,5,teescan,2026-01-02 00:01:39.838000+00:00
알프스대영,2026-01-10,12:11,45000,12,5,teescan,2026-01-05 05:31:27.743000+00:00
양지파인,2026-01-10,08:00,65000,8,5,teescan,2025-12-30 06:01:55.195000+00:00
양지파인,2026-01-10,08:20,65000,8,5,teescan,2025-12-30 06:01:55.195000+00:00
양지파인,2026-01-10,08:40,65000,8,5,teescan,2025-12-30 06:01:55.195000+00:00
양지파인,2026-01-10,09:30,65000,9,5,teescan,2026-01-06 02:31:29.275000+00:00
양지파인,2026-01-10,09:37,65000,9,5,teescan,2026-01-06 02:31:29.275000+00:00
양지파인,2026-01-10,09:44,65000,9,5,teescan,2026-01-06 02:31:29.275000+00:00
양지파인,2026-01-10,09:51,65000,9,5,teescan,2026-01-06 02:31:29.275000+00:00
양지파인,2026-01-10,09:58,65000,9,5,teescan,2026-01-06 02:31:29.275000+00:00
양지파인,2026-01-10,10:05,65000,10,5,teescan,2026-01-06 02:31:29.275000+00:00
양지파인,2026-01-10,10:19,65000,10,5,teescan,2026-01-06 02:31:29.275000+00:00
양지파인,2026-01-10,10:26,65000,10,5,teescan,2026-01-06 02:31:29.275000+00:00
양지파인,2026-01-10,10:33,65000,10,5,teescan,2026-01-06 02:31:29.275000+00:00
양지파인,2026-01-10,10:47,65000,10,5,teescan,2026-01-06 02:31:29.275000+00:00
양지파인,2026-01-10,11:01,65000,11,5,teescan,2026-01-06 02:31:29.275000+00:00
양지파인,2026-01-10,11:08,65000,11,5,teescan,2026-01-06 02:31:29.275000+00:00
양지파인,2026-01-10,11:15,65000,11,5,teescan,2026-01-06 02:31:29.275000+00:00
양지파인,2026-01-10,11:22,65000,11,5,teescan,2026-01-06 02:31:29.275000+00:00
양지파인,2026-01-10,11:29,65000,11,5,teescan,2026-01-06 02:31:29.275000+00:00
양지파인,2026-01-10,11:36,65000,11,5,teescan,2026-01-06 02:31:29.275000+00:00
양지파인,2026-01-10,11:43,65000,11,5,teescan,2026-01-06 02:31:29.275000+00:00
양지파인,2026-01-10,11:50,65000,11,5,teescan,2026-01-06 02:31:29.275000+00:00
올데이,2026-01-10,10:00,59000,10,5,teescan,2025-12-28 00:01:55.544000+00:00
올데이,2026-01-10,10:07,59000,10,5,teescan,2025-12-28 00:01:56.129000+00:00
올데이,2026-01-10,10:35,59000,10,5,teescan,2025-12-28 00:01:56.129000+00:00
올데이,2026-01-10,10:42,59000,10,5,teescan,2025-12-28 00:01:56.129000+00:00
올데이,2026-01-10,11:03,59000,11,5,teescan,2025-12-28 00:01:56.129000+00:00
올데이,2026-01-10,11:10,59000,11,5,teescan,2025-12-28 00:01:56.129000+00:00
올데이,2026-01-10,11:31,59000,11,5,teescan,2025-12-28 00:01:56.129000+00:00
올데이,2026-01-10,11:38,59000,11,5,teescan,2025-12-28 00:01:55.544000+00:00
올데이,2026-01-10,11:59,59000,11,5,teescan,2025-12-28 00:01:56.129000+00:00
올데이,2026-01-10,12:06,59000,12,5,teescan,2025-12-28 00:01:55.544000+00:00
윈체스트,2026-01-10,09:41,110000,9,5,teescan,2025-12-29 08:02:05.007000+00:00
윈체스트,2026-01-10,09:48,110000,9,5,teescan,2025-12-29 08:02:05.007000+00:00
윈체스트,2026-01-10,09:55,110000,9,5,teescan,2025-12-29 08:02:05.007000+00:00
윈체스트,2026-01-10,10:23,110000,10,5,teescan,2025-12-29 08:02:05.007000+00:00
윈체스트,2026-01-10,10:37,110000,10,5,teescan,2025-12-29 08:02:05.007000+00:00
윈체스트,2026-01-10,10:58,110000,10,5,teescan,2026-01-02 03:01:38.274000+00:00
윈체스트,2026-01-10,11:05,110000,11,5,teescan,2026-01-05 01:01:02.848000+00:00
윈체스트,2026-01-10,11:47,110000,11,5,teescan,2025-12-29 08:02:05.007000+00:00
윈체스트,2026-01-10,11:54,110000,11,5,teescan,2025-12-29 08:02:05.007000+00:00
윈체스트,2026-01-10,12:01,110000,12,5,teescan,2025-12-29 08:02:05.007000+00:00
은화삼,2026-01-10,09:30,120000,9,5,teescan,2025-12-31 02:01:55.490000+00:00
은화삼,2026-01-10,09:58,120000,9,5,teescan,2025-12-31 02:01:55.490000+00:00
은화삼,2026-01-10,10:19,120000,10,5,teescan,2026-01-02 00:31:43.595000+00:00
은화삼,2026-01-10,10:40,120000,10,5,teescan,2026-01-02 00:31:43.595000+00:00
은화삼,2026-01-10,11:01,120000,11,5,teescan,2026-01-03 23:31:34.574000+00:00
은화삼,2026-01-10,11:29,130000,11,5,golfpang,2026-01-06 05:01:22.665000+00:00
은화삼,2026-01-10,11:50,120000,11,5,teescan,2026-01-02 00:31:43.595000+00:00
이글몬트,2026-01-10,09:30,80000,9,5,teescan,2026-01-02 03:31:47.734000+00:00
이글몬트,2026-01-10,09:37,80000,9,5,teescan,2026-01-02 03:31:47.734000+00:00
이글몬트,2026-01-10,09:44,80000,9,5,teescan,2026-01-02 03:31:47.734000+00:00
이글몬트,2026-01-10,09:51,80000,9,5,teescan,2026-01-02 03:31:47.734000+00:00
이글몬트,2026-01-10,09:58,80000,9,5,teescan,2026-01-02 03:31:47.734000+00:00
이글몬트,2026-01-10,10:05,80000,10,5,teescan,2026-01-02 03:31:47.734000+00:00
이글몬트,2026-01-10,10:12,80000,10,5,teescan,2026-01-02 03:31:47.734000+00:00
이글몬트,2026-01-10,10:19,80000,10,5,teescan,2026-01-02 03:31:47.734000+00:00
이글몬트,2026-01-10,10:26,80000,10,5,teescan,2026-01-02 03:31:47.734000+00:00
이글몬트,2026-01-10,10:33,80000,10,5,teescan,2026-01-02 03:31:47.734000+00:00
이글몬트,2026-01-10,10:40,80000,10,5,teescan,2026-01-02 03:31:47.734000+00:00
이글몬트,2026-01-10,10:47,80000,10,5,teescan,2026-01-02 03:31:47.734000+00:00
이글몬트,2026-01-10,10:54,80000,10,5,teescan,2026-01-02 03:31:47.734000+00:00
이글몬트,2026-01-10,11:01,80000,11,5,teescan,2026-01-02 03:31:47.734000+00:00
이글몬트,2026-01-10,11:08,80000,11,5,teescan,2026-01-02 03:31:47.734000+00:00
이글몬트,2026-01-10,11:15,80000,11,5,teescan,2026-01-02 03:31:47.734000+00:00
이글몬트,2026-01-10,11:22,80000,11,5,teescan,2026-01-02 03:31:47.734000+00:00
이글몬트,2026-01-10,11:29,80000,11,5,teescan,2026-01-02 03:31:47.734000+00:00
이글몬트,2026-01-10,11:36,80000,11,5,teescan,2026-01-02 03:31:47.734000+00:00
이글몬트,2026-01-10,11:43,80000,11,5,teescan,2026-01-02 03:31:47.734000+00:00
이글몬트,2026-01-10,11:50,80000,11,5,teescan,2026-01-02 03:31:47.734000+00:00
일레븐,2026-01-10,09:37,50000,9,5,teescan,2026-01-05 03:31:27.437000+00:00
일레븐,2026-01-10,09:44,50000,9,5,teescan,2026-01-05 03:31:27.437000+00:00
일레븐,2026-01-10,09:51,50000,9,5,teescan,2025-12-31 02:01:55.490000+00:00
일레븐,2026-01-10,09:58,50000,9,5,teescan,2025-12-31 01:32:03.974000+00:00
일레븐,2026-01-10,10:05,50000,10,5,teescan,2026-01-01 00:31:56.921000+00:00
일레븐,2026-01-10,10:12,50000,10,5,teescan,2025-12-31 01:32:03.974000+00:00
일레븐,2026-01-10,10:19,50000,10,5,teescan,2025-12-31 01:32:03.974000+00:00
일레븐,2026-01-10,10:26,50000,10,5,teescan,2025-12-31 01:32:03.974000+00:00
일레븐,2026-01-10,10:33,50000,10,5,teescan,2026-01-01 00:31:56.921000+00:00
일레븐,2026-01-10,10:40,50000,10,5,teescan,2025-12-31 01:32:03.974000+00:00
일레븐,2026-01-10,10:47,50000,10,5,teescan,2025-12-31 01:32:03.974000+00:00
일레븐,2026-01-10,10:54,50000,10,5,teescan,2025-12-31 01:32:03.974000+00:00
일레븐,2026-01-10,11:01,50000,11,5,teescan,2025-12-31 01:32:03.974000+00:00
일레븐,2026-01-10,11:08,50000,11,5,teescan,2025-12-31 01:32:03.974000+00:00
일레븐,2026-01-10,11:15,50000,11,5,teescan,2025-12-31 01:32:03.974000+00:00
일레븐,2026-01-10,11:22,50000,11,5,teescan,2025-12-31 01:32:03.974000+00:00
일레븐,2026-01-10,11:29,50000,11,5,teescan,2025-12-31 01:32:03.974000+00:00
일레븐,2026-01-10,11:36,50000,11,5,teescan,2025-12-31 01:32:03.974000+00:00
일레븐,2026-01-10,11:43,50000,11,5,teescan,2025-12-31 01:32:03.974000+00:00
일레븐,2026-01-10,11:50,50000,11,5,teescan,2025-12-31 01:32:03.974000+00:00
일레븐,2026-01-10,11:57,50000,11,5,teescan,2025-12-31 01:32:03.974000+00:00
일레븐,2026-01-10,12:04,50000,12,5,teescan,2025-12-31 01:32:03.974000+00:00
일레븐,2026-01-10,12:11,50000,12,5,golfpang,2026-01-06 05:01:22.665000+00:00
진양밸리,2026-01-10,09:30,90000,9,5,teescan,2025-12-30 06:01:55.195000+00:00
진양밸리,2026-01-10,09:37,90000,9,5,teescan,2025-12-30 06:01:55.195000+00:00
진양밸리,2026-01-10,09:44,90000,9,5,teescan,2025-12-30 06:01:55.195000+00:00
진양밸리,2026-01-10,09:51,90000,9,5,teescan,2025-12-30 06:01:55.195000+00:00
진양밸리,2026-01-10,09:58,90000,9,5,teescan,2025-12-30 06:01:55.195000+00:00
진양밸리,2026-01-10,10:05,90000,10,5,teescan,2025-12-30 06:01:55.195000+00:00
진양밸리,2026-01-10,10:12,90000,10,5,teescan,2025-12-30 06:01:55.195000+00:00
진양밸리,2026-01-10,10:19,90000,10,5,teescan,2025-12-30 06:01:55.195000+00:00
진양밸리,2026-01-10,10:26,90000,10,5,teescan,2025-12-30 06:01:55.195000+00:00
진양밸리,2026-01-10,10:33,90000,10,5,teescan,2025-12-30 06:01:55.195000+00:00
진양밸리,2026-01-10,10:34,90000,10,5,golfpang,2026-01-05 08:01:21.141000+00:00
진양밸리,2026-01-10,10:40,90000,10,5,teescan,2025-12-30 06:01:55.195000+00:00
진양밸리,2026-01-10,10:47,90000,10,5,teescan,2025-12-30 06:01:55.195000+00:00
진양밸리,2026-01-10,10:54,90000,10,5,teescan,2025-12-30 06:01:55.195000+00:00
진양밸리,2026-01-10,11:01,90000,11,5,teescan,2025-12-30 06:01:55.195000+00:00
진양밸리,2026-01-10,11:08,90000,11,5,teescan,2025-12-30 06:01:55.195000+00:00
진양밸리,2026-01-10,11:15,90000,11,5,teescan,2025-12-30 06:01:55.195000+00:00
진양밸리,2026-01-10,11:22,90000,11,5,teescan,2025-12-30 06:01:55.195000+00:00
진양밸리,2026-01-10,11:29,90000,11,5,teescan,2025-12-30 06:01:55.195000+00:00
진양밸리,2026-01-10,11:36,90000,11,5,teescan,2025-12-30 06:01:55.195000+00:00
진양밸리,2026-01-10,11:43,90000,11,5,teescan,2025-12-30 06:01:55.195000+00:00
진양밸리,2026-01-10,11:50,90000,11,5,teescan,2025-12-30 06:01:55.195000+00:00
코리아,2026-01-10,09:30,160000,9,5,teescan,2026-01-06 00:01:16.366000+00:00
코리아,2026-01-10,09:44,160000,9,5,teescan,2026-01-06 00:01:16.366000+00:00
코리아,2026-01-10,09:58,160000,9,5,teescan,2025-12-31 00:31:52.811000+00:00
코리아,2026-01-10,10:26,109000,10,5,golfpang,2026-01-06 04:31:18.559000+00:00
코리아,2026-01-10,10:40,160000,10,5,teescan,2025-12-31 00:31:52.811000+00:00
코리아,2026-01-10,11:01,160000,11,5,teescan,2025-12-31 00:31:52.811000+00:00
코리아,2026-01-10,11:36,109000,11,5,golfpang,2026-01-06 04:31:18.559000+00:00
코리아,2026-01-10,11:43,160000,11,5,teescan,2025-12-31 00:31:52.811000+00:00
태광,2026-01-10,09:48,200000,9,5,teescan,2025-12-30 06:01:55.195000+00:00
태광,2026-01-10,10:09,200000,10,5,teescan,2026-01-02 05:31:54.610000+00:00
태광,2026-01-10,10:23,200000,10,5,teescan,2026-01-05 00:01:32.547000+00:00
태광,2026-01-10,10:44,200000,10,5,teescan,2025-12-30 08:32:01.274000+00:00
태광,2026-01-10,10:58,210000,10,5,golfpang,2026-01-05 23:31:14.824000+00:00
태광,2026-01-10,11:33,200000,11,5,teescan,2025-12-30 06:01:55.195000+00:00
파인크리,2026-01-10,09:44,120000,9,5,teescan,2025-12-28 00:01:55.544000+00:00
파인크리,2026-01-10,09:51,120000,9,5,teescan,2025-12-28 00:01:55.544000+00:00
파인크리,2026-01-10,09:58,120000,9,5,teescan,2025-12-28 00:01:55.544000+00:00
파인크리,2026-01-10,10:05,120000,10,5,teescan,2025-12-28 00:01:55.544000+00:00
파인크리,2026-01-10,10:12,120000,10,5,teescan,2025-12-28 00:01:55.544000+00:00
파인크리,2026-01-10,10:19,120000,10,5,teescan,2025-12-28 00:01:55.544000+00:00
파인크리,2026-01-10,10:26,120000,10,5,teescan,2025-12-28 00:01:55.544000+00:00
파인크리,2026-01-10,10:33,120000,10,5,teescan,2025-12-28 00:01:55.544000+00:00
파인크리,2026-01-10,10:40,120000,10,5,teescan,2025-12-28 00:01:55.544000+00:00
파인크리,2026-01-10,10:47,120000,10,5,teescan,2025-12-28 00:01:55.544000+00:00
파인크리,2026-01-10,10:54,120000,10,5,golfpang,2026-01-05 02:31:25.372000+00:00
파인크리,2026-01-10,11:01,110000,11,5,golfpang,2026-01-06 05:01:22.665000+00:00
파인크리,2026-01-10,11:08,120000,11,5,teescan,2025-12-28 00:01:55.544000+00:00
파인크리,2026-01-10,11:15,120000,11,5,teescan,2025-12-28 00:01:55.544000+00:00
파인크리,2026-01-10,11:22,120000,11,5,teescan,2025-12-28 00:01:55.544000+00:00
파인크리,2026-01-10,11:29,120000,11,5,teescan,2025-12-28 00:01:55.544000+00:00
파인크리,2026-01-10,11:36,120000,11,5,teescan,2025-12-28 00:01:55.544000+00:00
파인크리,2026-01-10,11:43,120000,11,5,teescan,2025-12-28 00:01:55.544000+00:00
포웰,2026-01-10,09:28,60000,9,5,golfpang,2026-01-05 08:01:21.141000+00:00
포웰,2026-01-10,09:35,80000,9,5,golfpang,2026-01-06 02:01:19.104000+00:00
포웰,2026-01-10,09:59,70000,9,5,golfpang,2026-01-06 05:01:22.665000+00:00
포웰,2026-01-10,10:05,70000,10,5,golfpang,2026-01-06 05:01:22.665000+00:00
포웰,2026-01-10,10:31,80000,10,5,golfpang,2026-01-06 05:01:22.665000+00:00
포웰,2026-01-10,10:38,90000,10,5,golfpang,2026-01-01 02:31:45.605000+00:00
포웰,2026-01-10,11:00,80000,11,5,golfpang,2026-01-06 05:01:22.665000+00:00
포웰,2026-01-10,14:12,60000,14,5,golfpang,2026-01-06 04:31:18.559000+00:00
포웰,2026-01-10,14:47,50000,14,5,teescan,2025-12-31 02:01:55.490000+00:00
포웰,2026-01-10,15:01,50000,15,5,golfpang,2026-01-06 04:31:18.559000+00:00
플라자용인,2026-01-10,09:27,150000,9,5,teescan,2025-12-31 06:01:59.717000+00:00
플라자용인,2026-01-10,09:28,150000,9,5,teescan,2025-12-31 06:01:59.717000+00:00
플라자용인,2026-01-10,09:29,150000,9,5,teescan,2026-01-06 02:31:29.275000+00:00
플라자용인,2026-01-10,09:34,150000,9,5,teescan,2025-12-31 06:01:59.717000+00:00
플라자용인,2026-01-10,09:35,150000,9,5,teescan,2025-12-31 06:01:59.717000+00:00
플라자용인,2026-01-10,09:41,150000,9,5,teescan,2025-12-31 06:01:59.717000+00:00
플라자용인,2026-01-10,09:42,150000,9,5,teescan,2025-12-31 06:01:59.717000+00:00
플라자용인,2026-01-10,09:44,150000,9,5,teescan,2026-01-02 02:31:49.529000+00:00
플라자용인,2026-01-10,09:48,150000,9,5,teescan,2025-12-31 06:01:59.717000+00:00
플라자용인,2026-01-10,09:49,150000,9,5,teescan,2025-12-31 06:01:59.717000+00:00
플라자용인,2026-01-10,09:50,150000,9,5,teescan,2025-12-31 06:01:59.717000+00:00
플라자용인,2026-01-10,09:55,150000,9,5,teescan,2025-12-31 06:01:59.717000+00:00
플라자용인,2026-01-10,09:56,150000,9,5,teescan,2025-12-31 06:01:59.717000+00:00
플라자용인,2026-01-10,09:57,150000,9,5,teescan,2025-12-31 06:01:59.717000+00:00
플라자용인,2026-01-10,10:02,150000,10,5,teescan,2025-12-31 06:01:59.717000+00:00
플라자용인,2026-01-10,10:03,150000,10,5,teescan,2025-12-31 06:01:59.717000+00:00
플라자용인,2026-01-10,10:05,150000,10,5,teescan,2026-01-02 14:31:46.071000+00:00
플라자용인,2026-01-10,10:09,150000,10,5,teescan,2025-12-31 06:01:59.717000+00:00
플라자용인,2026-01-10,10:10,150000,10,5,teescan,2025-12-31 06:01:59.717000+00:00
플라자용인,2026-01-10,10:11,150000,10,5,teescan,2025-12-31 06:01:59.717000+00:00
플라자용인,2026-01-10,10:16,150000,10,5,teescan,2025-12-31 06:01:59.717000+00:00
플라자용인,2026-01-10,10:17,150000,10,5,teescan,2025-12-31 06:01:59.717000+00:00
플라자용인,2026-01-10,10:18,150000,10,5,teescan,2026-01-04 00:31:39.927000+00:00
플라자용인,2026-01-10,10:19,150000,10,5,teescan,2025-12-31 06:01:59.717000+00:00
플라자용인,2026-01-10,10:23,150000,10,5,teescan,2025-12-31 06:01:59.717000+00:00
플라자용인,2026-01-10,10:24,150000,10,5,teescan,2025-12-31 06:01:59.717000+00:00
플라자용인,2026-01-10,10:25,150000,10,5,teescan,2025-12-31 06:01:59.717000+00:00
플라자용인,2026-01-10,10:26,150000,10,5,teescan,2026-01-03 10:31:53.177000+00:00
플라자용인,2026-01-10,10:30,150000,10,5,teescan,2025-12-31 06:01:59.717000+00:00
플라자용인,2026-01-10,10:31,150000,10,5,teescan,2025-12-31 06:01:59.717000+00:00
플라자용인,2026-01-10,10:33,150000,10,5,teescan,2025-12-31 06:01:59.717000+00:00
플라자용인,2026-01-10,10:37,150000,10,5,teescan,2025-12-31 06:01:59.717000+00:00
플라자용인,2026-01-10,10:38,150000,10,5,teescan,2025-12-31 06:01:59.717000+00:00
플라자용인,2026-01-10,10:39,150000,10,5,teescan,2025-12-31 06:01:59.717000+00:00
플라자용인,2026-01-10,10:40,150000,10,5,teescan,2025-12-31 06:01:59.717000+00:00
플라자용인,2026-01-10,10:44,150000,10,5,teescan,2025-12-31 06:01:59.717000+00:00
플라자용인,2026-01-10,10:45,150000,10,5,teescan,2025-12-31 06:01:59.717000+00:00
플라자용인,2026-01-10,10:47,150000,10,5,teescan,2026-01-02 06:31:56.778000+00:00
플라자용인,2026-01-10,10:51,150000,10,5,teescan,2025-12-31 06:01:59.717000+00:00
플라자용인,2026-01-10,10:52,150000,10,5,teescan,2025-12-31 06:01:59.717000+00:00
플라자용인,2026-01-10,10:53,150000,10,5,teescan,2026-01-04 00:31:39.927000+00:00
플라자용인,2026-01-10,10:58,150000,10,5,teescan,2026-01-03 02:01:42.047000+00:00
플라자용인,2026-01-10,10:59,150000,10,5,teescan,2025-12-31 06:01:59.717000+00:00
플라자용인,2026-01-10,11:00,150000,11,5,golfpang,2026-01-06 03:31:21.675000+00:00
플라자용인,2026-01-10,11:05,150000,11,5,teescan,2026-01-02 15:01:47.836000+00:00
플라자용인,2026-01-10,11:06,150000,11,5,teescan,2025-12-31 06:01:59.717000+00:00
플라자용인,2026-01-10,11:12,150000,11,5,teescan,2025-12-31 06:01:59.717000+00:00
플라자용인,2026-01-10,11:13,150000,11,5,teescan,2025-12-31 06:01:59.717000+00:00
플라자용인,2026-01-10,11:14,150000,11,5,teescan,2026-01-03 07:31:37.424000+00:00
플라자용인,2026-01-10,11:15,150000,11,5,teescan,2026-01-02 01:01:43.092000+00:00
플라자용인,2026-01-10,11:19,150000,11,5,teescan,2025-12-31 06:01:59.717000+00:00
플라자용인,2026-01-10,11:20,150000,11,5,teescan,2025-12-31 06:01:59.717000+00:00
플라자용인,2026-01-10,11:22,150000,11,5,teescan,2025-12-31 06:01:59.717000+00:00
플라자용인,2026-01-10,11:26,150000,11,5,teescan,2025-12-31 06:01:59.717000+00:00
플라자용인,2026-01-10,11:27,150000,11,5,teescan,2025-12-31 06:01:59.717000+00:00
플라자용인,2026-01-10,11:28,150000,11,5,teescan,2025-12-31 06:01:59.717000+00:00
플라자용인,2026-01-10,11:29,150000,11,5,teescan,2025-12-31 06:01:59.717000+00:00
플라자용인,2026-01-10,11:33,150000,11,5,teescan,2025-12-31 06:01:59.717000+00:00
플라자용인,2026-01-10,11:34,150000,11,5,teescan,2025-12-31 06:01:59.717000+00:00
플라자용인,2026-01-10,11:35,150000,11,5,teescan,2026-01-03 00:31:32.305000+00:00
플라자용인,2026-01-10,11:36,150000,11,5,teescan,2026-01-04 00:31:39.927000+00:00
플라자용인,2026-01-10,11:40,150000,11,5,teescan,2025-12-31 06:01:59.717000+00:00
플라자용인,2026-01-10,11:41,150000,11,5,teescan,2026-01-03 08:31:38.690000+00:00
플라자용인,2026-01-10,11:42,150000,11,5,teescan,2025-12-31 06:01:59.717000+00:00
한림용인,2026-01-10,09:30,120000,9,5,teescan,2026-01-05 01:01:02.848000+00:00
한림용인,2026-01-10,09:37,120000,9,5,teescan,2026-01-05 01:01:02.848000+00:00
한림용인,2026-01-10,09:44,120000,9,5,teescan,2026-01-05 01:01:02.848000+00:00
한림용인,2026-01-10,09:51,120000,9,5,teescan,2026-01-05 01:01:02.848000+00:00
한림용인,2026-01-10,09:58,120000,9,5,teescan,2026-01-05 01:01:02.848000+00:00
한림용인,2026-01-10,10:05,130000,10,5,teescan,2026-01-05 01:01:02.848000+00:00
한림용인,2026-01-10,10:12,130000,10,5,teescan,2026-01-05 01:01:02.848000+00:00
한림용인,2026-01-10,10:19,130000,10,5,teescan,2026-01-05 01:01:02.848000+00:00
한림용인,2026-01-10,10:26,130000,10,5,teescan,2026-01-05 01:01:02.848000+00:00
한림용인,2026-01-10,10:33,130000,10,5,teescan,2026-01-05 01:01:02.848000+00:00
한림용인,2026-01-10,10:40,130000,10,5,teescan,2026-01-05 01:01:02.848000+00:00
한림용인,2026-01-10,10:47,130000,10,5,teescan,2026-01-05 01:01:02.848000+00:00
한림용인,2026-01-10,10:54,130000,10,5,teescan,2026-01-05 01:01:02.848000+00:00
한림용인,2026-01-10,11:01,130000,11,5,teescan,2026-01-05 01:01:02.848000+00:00
한림용인,2026-01-10,11:08,130000,11,5,teescan,2026-01-05 01:01:02.848000+00:00
한림용인,2026-01-10,11:15,130000,11,5,teescan,2026-01-05 01:01:02.848000+00:00
한림용인,2026-01-10,11:22,130000,11,5,teescan,2026-01-05 01:01:02.848000+00:00
한림용인,2026-01-10,11:29,130000,11,5,teescan,2026-01-05 01:01:02.848000+00:00
한림용인,2026-01-10,11:36,130000,11,5,teescan,2026-01-05 01:01:02.848000+00:00
한림용인,2026-01-10,11:43,130000,11,5,teescan,2026-01-05 01:01:02.848000+00:00
한림용인,2026-01-10,11:50,130000,11,5,teescan,2026-01-05 01:01:02.848000+00:00
한림용인,2026-01-10,11:57,130000,11,5,teescan,2026-01-05 01:01:02.848000+00:00
한원,2026-01-10,09:42,115000,9,5,teescan,2025-12-29 07:31:45.257000+00:00
한원,2026-01-10,09:49,115000,9,5,teescan,2025-12-29 07:31:45.257000+00:00
한원,2026-01-10,10:10,120000,10,5,teescan,2025-12-29 07:31:45.257000+00:00
한원,2026-01-10,10:17,120000,10,5,teescan,2025-12-29 07:31:45.257000+00:00
한원,2026-01-10,10:24,120000,10,5,teescan,2025-12-29 07:31:45.257000+00:00
한원,2026-01-10,10:31,120000,10,5,teescan,2025-12-29 07:31:45.257000+00:00
한원,2026-01-10,10:38,120000,10,5,teescan,2025-12-29 07:31:45.257000+00:00
한원,2026-01-10,10:52,120000,10,5,teescan,2025-12-29 07:31:45.257000+00:00
한원,2026-01-10,10:59,120000,10,5,teescan,2025-12-29 07:31:45.257000+00:00
한원,2026-01-10,11:13,120000,11,5,teescan,2025-12-29 07:31:45.257000+00:00
한원,2026-01-10,11:27,120000,11,5,teescan,2025-12-29 07:31:45.257000+00:00
한원,2026-01-10,11:41,120000,11,5,teescan,2025-12-29 07:31:45.257000+00:00
한원,2026-01-10,11:48,120000,11,5,teescan,2025-12-29 07:31:45.257000+00:00
해솔리아,2026-01-10,09:00,105000,9,5,teescan,2026-01-05 08:01:21.141000+00:00
해솔리아,2026-01-10,09:07,105000,9,5,teescan,2026-01-05 08:01:21.141000+00:00
해솔리아,2026-01-10,09:14,105000,9,5,teescan,2026-01-05 08:01:21.141000+00:00
해솔리아,2026-01-10,09:21,105000,9,5,teescan,2026-01-05 08:01:21.141000+00:00
해솔리아,2026-01-10,09:28,105000,9,5,teescan,2026-01-05 08:01:21.141000+00:00
해솔리아,2026-01-10,09:35,105000,9,5,teescan,2026-01-05 08:01:21.141000+00:00
해솔리아,2026-01-10,09:42,105000,9,5,teescan,2026-01-05 08:01:21.141000+00:00
해솔리아,2026-01-10,09:49,105000,9,5,teescan,2026-01-05 08:01:21.141000+00:00
해솔리아,2026-01-10,09:56,105000,9,5,teescan,2026-01-05 08:01:21.141000+00:00
해솔리아,2026-01-10,10:03,105000,10,5,teescan,2026-01-05 08:01:21.141000+00:00
해솔리아,2026-01-10,10:10,105000,10,5,teescan,2026-01-05 08:01:21.141000+00:00
해솔리아,2026-01-10,10:17,105000,10,5,teescan,2026-01-05 08:01:21.141000+00:00
해솔리아,2026-01-10,10:24,105000,10,5,teescan,2026-01-05 08:01:21.141000+00:00
해솔리아,2026-01-10,10:31,105000,10,5,teescan,2026-01-05 08:01:21.141000+00:00
해솔리아,2026-01-10,10:38,105000,10,5,teescan,2026-01-05 08:01:21.141000+00:00
해솔리아,2026-01-10,10:45,105000,10,5,teescan,2026-01-05 08:01:21.141000+00:00
해솔리아,2026-01-10,10:52,105000,10,5,teescan,2026-01-05 08:01:21.141000+00:00
해솔리아,2026-01-10,10:59,105000,10,5,teescan,2026-01-05 08:01:21.141000+00:00
해솔리아,2026-01-10,11:06,105000,11,5,teescan,2026-01-05 08:01:21.141000+00:00
해솔리아,2026-01-10,11:13,105000,11,5,teescan,2026-01-05 08:01:21.141000+00:00
해솔리아,2026-01-10,11:20,105000,11,5,teescan,2026-01-05 08:01:21.141000+00:00
해솔리아,2026-01-10,11:27,105000,11,5,teescan,2026-01-05 08:01:21.141000+00:00
화성상록,2026-01-10,10:12,120000,10,5,teescan,2026-01-05 04:31:26.460000+00:00
화성상록,2026-01-10,10:40,120000,10,5,teescan,2026-01-05 04:31:26.460000+00:00
화성상록,2026-01-10,10:54,120000,10,5,teescan,2026-01-05 04:31:26.460000+00:00
화성상록,2026-01-10,11:01,120000,11,5,teescan,2026-01-05 04:31:26.460000+00:00
화성상록,2026-01-10,11:22,120000,11,5,teescan,2026-01-05 04:31:26.460000+00:00
화성상록,2026-01-10,11:29,120000,11,5,teescan,2026-01-06 01:31:10.326000+00:00
히든밸리,2026-01-10,09:30,70000,9,5,teescan,2026-01-04 01:31:23.020000+00:00
히든밸리,2026-01-10,09:37,70000,9,5,teescan,2026-01-04 01:31:23.020000+00:00
히든밸리,2026-01-10,09:44,70000,9,5,teescan,2026-01-04 07:01:18.792000+00:00
히든밸리,2026-01-10,09:51,70000,9,5,teescan,2026-01-04 07:01:18.792000+00:00
히든밸리,2026-01-10,09:58,70000,9,5,teescan,2026-01-04 07:01:18.792000+00:00
히든밸리,2026-01-10,10:05,70000,10,5,teescan,2026-01-04 07:01:18.792000+00:00
히든밸리,2026-01-10,10:12,70000,10,5,teescan,2026-01-04 07:01:18.792000+00:00
히든밸리,2026-01-10,10:19,70000,10,5,teescan,2026-01-04 07:01:18.792000+00:00
히든밸리,2026-01-10,10:33,70000,10,5,teescan,2026-01-04 07:01:18.792000+00:00
히든밸리,2026-01-10,10:40,70000,10,5,teescan,2026-01-04 07:01:18.792000+00:00
히든밸리,2026-01-10,10:47,70000,10,5,teescan,2026-01-04 07:01:18.792000+00:00
히든밸리,2026-01-10,10:54,70000,10,5,teescan,2026-01-04 07:01:18.792000+00:00
히든밸리,2026-01-10,11:01,70000,11,5,teescan,2026-01-04 07:01:18.792000+00:00
히든밸리,2026-01-10,11:08,70000,11,5,teescan,2026-01-04 07:01:18.792000+00:00
히든밸리,2026-01-10,11:15,70000,11,5,teescan,2026-01-04 07:01:18.792000+00:00
히든밸리,2026-01-10,11:22,70000,11,5,teescan,2026-01-04 01:31:23.020000+00:00
히든밸리,2026-01-10,11:29,70000,11,5,teescan,2026-01-04 01:31:23.020000+00:00
히든밸리,2026-01-10,11:36,70000,11,5,teescan,2026-01-04 01:31:23.020000+00:00
히든밸리,2026-01-10,11:43,70000,11,5,teescan,2025-12-30 06:01:55.195000+00:00
히든밸리,2026-01-10,11:50,70000,11,5,teescan,2025-12-29 02:31:54.950000+00:00
히든밸리,2026-01-10,11:57,70000,11,5,teescan,2025-12-30 06:01:55.195000+00:00
히든밸리,2026-01-10,12:04,70000,12,5,teescan,2025-12-30 06:01:55.195000+00:00
힐데스,2026-01-10,09:37,65000,9,5,golfpang,2026-01-06 05:01:22.665000+00:00
힐데스,2026-01-10,09:59,65000,9,5,teescan,2026-01-05 02:31:25.372000+00:00
힐데스,2026-01-10,10:00,60000,10,5,golfpang,2026-01-06 05:01:22.665000+00:00
힐데스,2026-01-10,10:14,65000,10,5,teescan,2026-01-02 06:31:56.778000+00:00
힐데스,2026-01-10,10:52,65000,10,5,teescan,2026-01-02 06:31:56.778000+00:00
힐데스,2026-01-10,10:59,65000,10,5,teescan,2026-01-02 06:31:56.778000+00:00
힐데스,2026-01-10,11:14,60000,11,5,golfpang,2026-01-06 05:01:22.665000+00:00
힐데스,2026-01-10,11:29,60000,11,5,teescan,2026-01-02 06:31:56.778000+00:00
힐데스,2026-01-10,11:37,60000,11,5,teescan,2026-01-01 03:31:38.198000+00:00
힐데스,2026-01-10,11:44,60000,11,5,teescan,2026-01-01 03:31:38.198000+00:00
감곡,2026-01-11,09:37,60000,9,6,teescan,2025-12-29 00:02:06.387000+00:00
감곡,2026-01-11,09:44,60000,9,6,teescan,2025-12-29 00:02:06.387000+00:00
감곡,2026-01-11,09:51,60000,9,6,teescan,2025-12-29 00:02:06.387000+00:00
감곡,2026-01-11,09:58,60000,9,6,teescan,2025-12-29 00:02:06.387000+00:00
감곡,2026-01-11,10:05,60000,10,6,golfpang,2026-01-02 00:01:52.436000+00:00
감곡,2026-01-11,10:12,60000,10,6,teescan,2025-12-29 00:02:06.387000+00:00
감곡,2026-01-11,10:19,60000,10,6,teescan,2025-12-29 00:02:06.387000+00:00
감곡,2026-01-11,10:47,60000,10,6,teescan,2026-01-02 00:31:56.900000+00:00
감곡,2026-01-11,10:54,60000,10,6,teescan,2025-12-29 00:02:06.387000+00:00
감곡,2026-01-11,11:01,60000,11,6,teescan,2026-01-06 00:01:26.151000+00:00
감곡,2026-01-11,11:08,60000,11,6,teescan,2025-12-29 00:02:06.387000+00:00
감곡,2026-01-11,11:15,60000,11,6,teescan,2025-12-29 00:02:06.387000+00:00
감곡,2026-01-11,11:22,60000,11,6,teescan,2025-12-29 00:02:06.387000+00:00
감곡,2026-01-11,11:29,60000,11,6,teescan,2026-01-02 06:31:58.953000+00:00
감곡,2026-01-11,11:36,60000,11,6,teescan,2025-12-29 00:02:06.387000+00:00
감곡,2026-01-11,11:43,60000,11,6,teescan,2025-12-29 00:02:06.387000+00:00
감곡,2026-01-11,11:50,60000,11,6,teescan,2026-01-05 00:31:42.203000+00:00
골드,2026-01-11,09:30,150000,9,6,teescan,2025-12-31 00:32:02.613000+00:00
골드,2026-01-11,09:51,150000,9,6,teescan,2025-12-31 00:32:02.613000+00:00
골드,2026-01-11,09:58,99000,9,6,golfpang,2026-01-06 03:31:11.662000+00:00
골드,2026-01-11,10:05,150000,10,6,teescan,2026-01-05 09:31:28.360000+00:00
골드,2026-01-11,10:19,150000,10,6,teescan,2025-12-31 00:32:02.613000+00:00
골드,2026-01-11,10:26,99000,10,6,golfpang,2026-01-06 04:31:38.358000+00:00
골드,2026-01-11,11:08,99000,11,6,golfpang,2026-01-06 04:31:38.358000+00:00
골드,2026-01-11,11:22,150000,11,6,teescan,2026-01-02 09:01:56.935000+00:00
골드,2026-01-11,11:57,150000,11,6,teescan,2025-12-31 00:32:02.613000+00:00
골프존H,2026-01-11,09:43,90000,9,6,golfpang,2026-01-06 05:01:32.656000+00:00
골프존H,2026-01-11,10:39,90000,10,6,golfpang,2026-01-06 05:01:32.656000+00:00
골프존H,2026-01-11,10:40,89000,10,6,golfpang,2026-01-06 04:31:38.358000+00:00
골프존H,2026-01-11,11:00,89000,11,6,golfpang,2026-01-06 05:01:32.656000+00:00
골프존H,2026-01-11,11:14,90000,11,6,golfpang,2026-01-06 05:01:32.656000+00:00
골프존H,2026-01-11,12:03,90000,12,6,golfpang,2026-01-06 05:01:32.656000+00:00
골프존화랑,2026-01-11,09:50,50000,9,6,teescan,2026-01-05 01:31:19.304000+00:00
골프존화랑,2026-01-11,09:57,50000,9,6,teescan,2026-01-05 01:31:19.304000+00:00
골프존화랑,2026-01-11,10:04,50000,10,6,teescan,2026-01-05 01:31:19.304000+00:00
골프존화랑,2026-01-11,10:11,50000,10,6,teescan,2026-01-05 01:31:19.304000+00:00
골프존화랑,2026-01-11,10:18,50000,10,6,teescan,2026-01-05 01:31:19.304000+00:00
골프존화랑,2026-01-11,10:25,50000,10,6,teescan,2026-01-05 01:31:19.304000+00:00
골프존화랑,2026-01-11,10:32,50000,10,6,teescan,2026-01-05 01:31:19.304000+00:00
골프존화랑,2026-01-11,10:39,50000,10,6,teescan,2026-01-05 01:31:19.304000+00:00
골프존화랑,2026-01-11,10:46,60000,10,6,golfpang,2026-01-06 04:31:38.358000+00:00
골프존화랑,2026-01-11,11:00,50000,11,6,teescan,2026-01-06 03:31:11.662000+00:00
골프존화랑,2026-01-11,11:07,50000,11,6,teescan,2026-01-05 01:31:19.304000+00:00
골프존화랑,2026-01-11,11:14,60000,11,6,golfpang,2026-01-06 05:01:32.656000+00:00
골프존화랑,2026-01-11,11:21,50000,11,6,teescan,2026-01-05 01:31:19.304000+00:00
골프존화랑,2026-01-11,11:28,50000,11,6,teescan,2026-01-05 01:31:19.304000+00:00
골프존화랑,2026-01-11,11:35,50000,11,6,teescan,2026-01-05 01:31:19.304000+00:00
골프존화랑,2026-01-11,11:49,50000,11,6,teescan,2026-01-05 01:31:19.304000+00:00
골프존화랑,2026-01-11,11:56,50000,11,6,teescan,2026-01-05 01:31:19.304000+00:00
골프존화랑,2026-01-11,12:03,50000,12,6,teescan,2026-01-05 01:31:19.304000+00:00
골프존화랑,2026-01-11,12:10,50000,12,6,teescan,2026-01-05 01:31:19.304000+00:00
기흥,2026-01-11,09:52,130000,9,6,golfpang,2026-01-05 00:01:37.106000+00:00
기흥,2026-01-11,10:37,130000,10,6,golfpang,2026-01-06 05:01:32.656000+00:00
기흥,2026-01-11,11:15,130000,11,6,golfpang,2026-01-06 05:01:32.656000+00:00
남여주,2026-01-11,09:20,70000,9,6,teescan,2025-12-30 06:02:02.301000+00:00
남여주,2026-01-11,09:27,70000,9,6,teescan,2025-12-30 06:02:02.301000+00:00
남여주,2026-01-11,09:34,70000,9,6,teescan,2025-12-30 06:02:02.301000+00:00
남여주,2026-01-11,09:41,70000,9,6,teescan,2025-12-30 06:02:02.301000+00:00
남여주,2026-01-11,09:48,70000,9,6,teescan,2025-12-30 06:02:02.301000+00:00
남여주,2026-01-11,09:55,70000,9,6,teescan,2025-12-30 06:02:02.301000+00:00
남여주,2026-01-11,10:02,70000,10,6,teescan,2025-12-30 06:02:02.301000+00:00
남여주,2026-01-11,10:09,70000,10,6,teescan,2025-12-30 06:02:02.301000+00:00
남여주,2026-01-11,10:16,70000,10,6,teescan,2025-12-30 06:02:02.301000+00:00
남여주,2026-01-11,10:23,70000,10,6,teescan,2025-12-30 06:02:02.301000+00:00
남여주,2026-01-11,10:30,70000,10,6,teescan,2025-12-30 06:02:02.301000+00:00
남여주,2026-01-11,10:37,70000,10,6,teescan,2025-12-30 06:02:02.301000+00:00
남여주,2026-01-11,10:40,80000,10,6,golfpang,2026-01-06 02:01:31.220000+00:00
남여주,2026-01-11,10:44,70000,10,6,teescan,2025-12-30 06:02:02.301000+00:00
남여주,2026-01-11,10:51,70000,10,6,teescan,2025-12-30 06:02:02.301000+00:00
남여주,2026-01-11,10:58,70000,10,6,teescan,2026-01-02 05:01:50.923000+00:00
남여주,2026-01-11,11:05,70000,11,6,teescan,2025-12-30 06:02:02.301000+00:00
남여주,2026-01-11,11:12,70000,11,6,teescan,2025-12-30 06:02:02.301000+00:00
남여주,2026-01-11,11:19,70000,11,6,teescan,2025-12-30 06:02:02.301000+00:00
남여주,2026-01-11,11:26,70000,11,6,teescan,2025-12-30 06:02:02.301000+00:00
남여주,2026-01-11,11:33,70000,11,6,teescan,2025-12-30 06:02:02.301000+00:00
남여주,2026-01-11,11:40,70000,11,6,teescan,2025-12-30 06:02:02.301000+00:00
남여주,2026-01-11,11:47,70000,11,6,teescan,2025-12-30 06:02:02.301000+00:00
대영베이스,2026-01-11,09:20,50000,9,6,teescan,2025-12-29 00:02:07.169000+00:00
대영베이스,2026-01-11,09:27,50000,9,6,teescan,2025-12-29 00:02:07.169000+00:00
대영베이스,2026-01-11,09:34,50000,9,6,teescan,2025-12-29 00:02:07.169000+00:00
대영베이스,2026-01-11,09:41,50000,9,6,teescan,2025-12-29 00:02:07.169000+00:00
대영베이스,2026-01-11,09:48,50000,9,6,teescan,2025-12-29 00:02:07.169000+00:00
대영베이스,2026-01-11,09:55,50000,9,6,teescan,2025-12-29 00:02:06.387000+00:00
대영베이스,2026-01-11,10:02,50000,10,6,teescan,2025-12-29 00:02:07.169000+00:00
대영베이스,2026-01-11,10:09,50000,10,6,teescan,2025-12-29 00:02:07.169000+00:00
대영베이스,2026-01-11,10:16,50000,10,6,teescan,2026-01-06 00:01:26.151000+00:00
대영베이스,2026-01-11,10:23,50000,10,6,teescan,2025-12-29 00:02:07.169000+00:00
대영베이스,2026-01-11,10:37,50000,10,6,teescan,2026-01-02 00:01:52.436000+00:00
대영베이스,2026-01-11,10:44,50000,10,6,teescan,2026-01-02 00:01:52.436000+00:00
대영베이스,2026-01-11,10:51,50000,10,6,teescan,2026-01-03 07:01:50.974000+00:00
대영베이스,2026-01-11,10:58,50000,10,6,teescan,2025-12-29 00:02:07.169000+00:00
대영베이스,2026-01-11,11:12,50000,11,6,teescan,2025-12-29 00:02:07.169000+00:00
대영베이스,2026-01-11,11:19,50000,11,6,teescan,2025-12-29 00:02:07.169000+00:00
대영베이스,2026-01-11,11:26,50000,11,6,teescan,2025-12-29 00:02:07.169000+00:00
대영베이스,2026-01-11,11:40,50000,11,6,teescan,2025-12-29 00:02:07.169000+00:00
대영베이스,2026-01-11,11:47,50000,11,6,teescan,2026-01-02 05:32:01.796000+00:00
대영베이스,2026-01-11,11:54,50000,11,6,teescan,2026-01-02 05:32:01.796000+00:00
대영베이스,2026-01-11,12:08,50000,12,6,teescan,2025-12-29 00:02:06.387000+00:00
대영힐스,2026-01-11,10:02,50000,10,6,golfpang,2026-01-06 03:31:11.662000+00:00
대영힐스,2026-01-11,11:05,50000,11,6,golfpang,2026-01-06 03:31:11.662000+00:00
대영힐스,2026-01-11,12:01,50000,12,6,teescan,2025-12-29 00:02:06.387000+00:00
더크로스비,2026-01-11,09:51,65000,9,6,teescan,2026-01-01 06:02:08.553000+00:00
더크로스비,2026-01-11,09:58,65000,9,6,teescan,2026-01-06 02:31:44.769000+00:00
더크로스비,2026-01-11,10:00,69000,10,6,golfpang,2026-01-06 02:01:31.220000+00:00
더크로스비,2026-01-11,10:05,65000,10,6,teescan,2026-01-01 00:01:54.119000+00:00
더크로스비,2026-01-11,10:19,65000,10,6,teescan,2026-01-01 00:01:54.119000+00:00
더크로스비,2026-01-11,10:33,65000,10,6,teescan,2026-01-01 00:01:54.119000+00:00
더크로스비,2026-01-11,10:40,65000,10,6,teescan,2026-01-01 00:01:54.119000+00:00
더크로스비,2026-01-11,10:47,65000,10,6,teescan,2026-01-01 00:01:54.119000+00:00
더크로스비,2026-01-11,10:54,65000,10,6,teescan,2026-01-01 00:01:54.119000+00:00
더크로스비,2026-01-11,11:00,69000,11,6,golfpang,2026-01-06 05:01:32.656000+00:00
더크로스비,2026-01-11,11:01,65000,11,6,teescan,2026-01-02 03:31:54.512000+00:00
더크로스비,2026-01-11,11:08,65000,11,6,teescan,2026-01-01 00:01:54.119000+00:00
더크로스비,2026-01-11,11:15,65000,11,6,teescan,2026-01-01 00:01:54.119000+00:00
더크로스비,2026-01-11,11:22,70000,11,6,golfpang,2026-01-06 05:01:32.656000+00:00
더크로스비,2026-01-11,11:29,90000,11,6,golfpang,2026-01-04 10:31:40.196000+00:00
더크로스비,2026-01-11,11:43,60000,11,6,teescan,2026-01-05 09:31:28.360000+00:00
더크로스비,2026-01-11,11:50,60000,11,6,teescan,2026-01-05 09:31:28.360000+00:00
더크로스비,2026-01-11,11:57,60000,11,6,teescan,2026-01-05 09:31:28.360000+00:00
동촌,2026-01-11,09:37,70000,9,6,teescan,2026-01-01 15:01:51.264000+00:00
동촌,2026-01-11,09:44,70000,9,6,teescan,2026-01-01 15:01:51.264000+00:00
동촌,2026-01-11,09:51,70000,9,6,teescan,2026-01-01 15:01:51.264000+00:00
동촌,2026-01-11,09:58,70000,9,6,teescan,2026-01-01 15:01:51.264000+00:00
동촌,2026-01-11,10:19,70000,10,6,teescan,2026-01-01 15:01:51.264000+00:00
동촌,2026-01-11,10:26,70000,10,6,teescan,2026-01-01 15:01:51.264000+00:00
동촌,2026-01-11,10:33,80000,10,6,golfpang,2026-01-06 04:31:38.358000+00:00
동촌,2026-01-11,10:40,70000,10,6,golfpang,2026-01-06 02:31:44.769000+00:00
동촌,2026-01-11,11:00,70000,11,6,golfpang,2026-01-06 05:01:32.656000+00:00
동촌,2026-01-11,11:22,65000,11,6,golfpang,2026-01-06 05:01:32.656000+00:00
동촌,2026-01-11,11:36,70000,11,6,teescan,2026-01-01 15:01:51.264000+00:00
동촌,2026-01-11,11:43,70000,11,6,teescan,2026-01-01 15:01:51.264000+00:00
동촌,2026-01-11,11:50,70000,11,6,teescan,2026-01-01 15:01:51.264000+00:00
떼제베,2026-01-11,10:00,70000,10,6,teescan,2025-12-29 00:02:06.387000+00:00
떼제베,2026-01-11,10:07,70000,10,6,teescan,2025-12-29 00:02:06.387000+00:00
떼제베,2026-01-11,10:14,70000,10,6,teescan,2026-01-05 23:31:31.961000+00:00
떼제베,2026-01-11,10:35,70000,10,6,teescan,2025-12-29 00:02:06.387000+00:00
떼제베,2026-01-11,10:42,70000,10,6,teescan,2025-12-29 00:02:06.387000+00:00
떼제베,2026-01-11,10:49,70000,10,6,teescan,2026-01-05 23:31:31.961000+00:00
떼제베,2026-01-11,10:50,70000,10,6,golfpang,2026-01-06 05:01:32.656000+00:00
떼제베,2026-01-11,11:03,100000,11,6,golfpang,2026-01-05 12:31:37.190000+00:00
떼제베,2026-01-11,11:10,70000,11,6,teescan,2025-12-29 00:02:06.387000+00:00
떼제베,2026-01-11,11:24,70000,11,6,teescan,2025-12-29 00:02:06.387000+00:00
떼제베,2026-01-11,11:31,70000,11,6,teescan,2025-12-29 09:02:14.580000+00:00
떼제베,2026-01-11,11:38,70000,11,6,teescan,2026-01-04 23:31:50.325000+00:00
떼제베,2026-01-11,11:52,70000,11,6,teescan,2025-12-29 00:02:06.387000+00:00
떼제베,2026-01-11,11:59,70000,11,6,teescan,2025-12-29 09:02:14.580000+00:00
떼제베,2026-01-11,12:06,70000,12,6,teescan,2025-12-29 00:02:06.387000+00:00
떼제베,2026-01-11,12:13,70000,12,6,teescan,2025-12-29 00:02:07.169000+00:00
떼제베,2026-01-11,12:20,70000,12,6,teescan,2025-12-29 00:02:07.169000+00:00
떼제베,2026-01-11,12:27,70000,12,6,teescan,2025-12-29 00:02:07.169000+00:00
레싸,2026-01-11,10:05,180000,10,6,teescan,2025-12-29 00:02:06.387000+00:00
레싸,2026-01-11,10:19,180000,10,6,teescan,2025-12-29 00:02:06.387000+00:00
레싸,2026-01-11,10:33,180000,10,6,teescan,2025-12-29 00:02:06.387000+00:00
레싸,2026-01-11,10:40,210000,10,6,teescan,2025-12-29 00:02:06.387000+00:00
레싸,2026-01-11,10:47,180000,10,6,teescan,2025-12-29 00:02:06.387000+00:00
레싸,2026-01-11,11:15,180000,11,6,teescan,2025-12-29 00:02:06.387000+00:00
레싸,2026-01-11,11:36,180000,11,6,teescan,2025-12-29 00:02:06.387000+00:00
레싸,2026-01-11,11:43,210000,11,6,teescan,2025-12-29 00:02:06.387000+00:00
레싸,2026-01-11,11:57,180000,11,6,teescan,2025-12-29 00:02:06.387000+00:00
레싸,2026-01-11,12:11,210000,12,6,teescan,2025-12-29 00:02:06.387000+00:00
로얄포레,2026-01-11,10:14,70000,10,6,golfpang,2026-01-06 05:01:32.656000+00:00
로얄포레,2026-01-11,10:49,50000,10,6,golfpang,2026-01-06 05:01:32.656000+00:00
로얄포레,2026-01-11,11:31,50000,11,6,golfpang,2026-01-06 04:31:38.358000+00:00
로얄포레,2026-01-11,12:06,50000,12,6,golfpang,2025-12-29 03:02:06.454000+00:00
리베라,2026-01-11,09:23,130000,9,6,teescan,2026-01-04 06:31:32.065000+00:00
리베라,2026-01-11,09:30,130000,9,6,teescan,2026-01-04 06:31:32.065000+00:00
리베라,2026-01-11,09:37,130000,9,6,teescan,2026-01-04 06:31:32.065000+00:00
리베라,2026-01-11,09:44,130000,9,6,teescan,2026-01-04 06:31:32.065000+00:00
리베라,2026-01-11,09:51,130000,9,6,teescan,2026-01-02 00:01:52.436000+00:00
리베라,2026-01-11,09:58,130000,9,6,teescan,2026-01-02 00:01:52.436000+00:00
리베라,2026-01-11,10:05,130000,10,6,teescan,2026-01-02 00:01:52.436000+00:00
리베라,2026-01-11,10:12,130000,10,6,teescan,2026-01-02 00:01:52.436000+00:00
리베라,2026-01-11,10:19,130000,10,6,teescan,2026-01-02 00:01:52.436000+00:00
리베라,2026-01-11,10:26,130000,10,6,teescan,2026-01-02 00:01:52.436000+00:00
리베라,2026-01-11,10:40,130000,10,6,teescan,2026-01-02 00:01:52.436000+00:00
리베라,2026-01-11,10:47,130000,10,6,teescan,2026-01-02 00:01:52.436000+00:00
리베라,2026-01-11,11:01,180000,11,6,golfpang,2026-01-06 04:31:38.358000+00:00
리베라,2026-01-11,11:08,130000,11,6,teescan,2026-01-02 00:01:52.436000+00:00
리베라,2026-01-11,11:15,130000,11,6,teescan,2026-01-02 02:31:41.578000+00:00
모나크,2026-01-11,09:40,80000,9,6,teescan,2025-12-29 00:02:07.169000+00:00
모나크,2026-01-11,09:47,80000,9,6,teescan,2025-12-29 00:02:07.169000+00:00
모나크,2026-01-11,09:54,80000,9,6,teescan,2025-12-29 00:02:06.387000+00:00
모나크,2026-01-11,10:01,80000,10,6,teescan,2025-12-29 00:02:07.169000+00:00
모나크,2026-01-11,10:08,80000,10,6,teescan,2025-12-29 00:02:07.169000+00:00
모나크,2026-01-11,10:15,80000,10,6,teescan,2025-12-29 00:02:07.169000+00:00
모나크,2026-01-11,10:22,80000,10,6,teescan,2025-12-29 00:02:07.169000+00:00
모나크,2026-01-11,10:29,80000,10,6,teescan,2025-12-29 00:02:06.387000+00:00
모나크,2026-01-11,10:36,80000,10,6,teescan,2026-01-06 01:01:39.680000+00:00
모나크,2026-01-11,11:18,90000,11,6,golfpang,2025-12-29 00:02:06.387000+00:00
벨라스톤,2026-01-11,09:30,69000,9,6,teescan,2026-01-05 02:01:28.417000+00:00
벨라스톤,2026-01-11,09:37,69000,9,6,teescan,2026-01-05 02:01:28.417000+00:00
벨라스톤,2026-01-11,09:44,69000,9,6,teescan,2026-01-05 02:01:28.417000+00:00
벨라스톤,2026-01-11,09:51,69000,9,6,teescan,2026-01-05 02:01:28.417000+00:00
벨라스톤,2026-01-11,09:58,69000,9,6,teescan,2026-01-05 02:01:28.417000+00:00
벨라스톤,2026-01-11,10:05,69000,10,6,teescan,2026-01-05 02:01:28.417000+00:00
벨라스톤,2026-01-11,10:12,69000,10,6,teescan,2026-01-05 02:01:28.417000+00:00
벨라스톤,2026-01-11,10:19,69000,10,6,teescan,2026-01-05 02:01:28.417000+00:00
벨라스톤,2026-01-11,10:26,69000,10,6,teescan,2026-01-05 02:01:28.417000+00:00
벨라스톤,2026-01-11,10:33,60000,10,6,golfpang,2026-01-06 02:01:31.220000+00:00
벨라스톤,2026-01-11,10:47,69000,10,6,teescan,2026-01-05 02:01:28.417000+00:00
벨라스톤,2026-01-11,10:54,69000,10,6,teescan,2026-01-05 02:01:28.417000+00:00
벨라스톤,2026-01-11,11:01,80000,11,6,golfpang,2026-01-04 06:01:44.709000+00:00
벨라스톤,2026-01-11,11:08,69000,11,6,teescan,2026-01-05 02:01:28.417000+00:00
벨라스톤,2026-01-11,11:15,69000,11,6,teescan,2026-01-05 02:01:28.417000+00:00
벨라스톤,2026-01-11,11:22,69000,11,6,teescan,2026-01-05 02:01:28.417000+00:00
벨라스톤,2026-01-11,11:29,69000,11,6,teescan,2026-01-05 02:01:28.417000+00:00
벨라스톤,2026-01-11,11:36,69000,11,6,teescan,2026-01-05 02:01:28.417000+00:00
벨라스톤,2026-01-11,11:43,69000,11,6,teescan,2026-01-05 02:01:28.417000+00:00
벨라스톤,2026-01-11,11:50,69000,11,6,teescan,2026-01-05 02:01:28.417000+00:00
벨라스톤,2026-01-11,15:04,55000,15,6,golfpang,2026-01-06 01:01:39.680000+00:00
블루원용인,2026-01-11,10:12,130000,10,6,teescan,2026-01-06 03:31:11.662000+00:00
블루원용인,2026-01-11,10:19,130000,10,6,teescan,2026-01-06 03:31:11.662000+00:00
블루원용인,2026-01-11,10:40,130000,10,6,teescan,2026-01-06 03:31:11.662000+00:00
블루원용인,2026-01-11,10:47,130000,10,6,teescan,2026-01-06 03:31:11.662000+00:00
블루원용인,2026-01-11,11:08,130000,11,6,teescan,2026-01-06 03:31:11.662000+00:00
블루원용인,2026-01-11,11:15,120000,11,6,golfpang,2026-01-05 19:01:21.531000+00:00
블루원용인,2026-01-11,11:22,130000,11,6,teescan,2026-01-06 03:31:11.662000+00:00
블루원용인,2026-01-11,11:29,130000,11,6,teescan,2026-01-06 03:31:11.662000+00:00
블루원용인,2026-01-11,11:43,130000,11,6,teescan,2026-01-06 03:31:11.662000+00:00
블루원용인,2026-01-11,12:04,130000,12,6,teescan,2026-01-06 03:31:11.662000+00:00
세현,2026-01-11,09:30,100000,9,6,teescan,2026-01-06 02:01:31.220000+00:00
세현,2026-01-11,09:37,100000,9,6,teescan,2026-01-06 02:01:31.220000+00:00
세현,2026-01-11,09:44,100000,9,6,teescan,2026-01-06 02:01:31.220000+00:00
세현,2026-01-11,09:51,100000,9,6,teescan,2026-01-06 02:01:31.220000+00:00
세현,2026-01-11,09:58,100000,9,6,teescan,2026-01-06 02:01:31.220000+00:00
세현,2026-01-11,10:05,100000,10,6,teescan,2026-01-06 02:01:31.220000+00:00
세현,2026-01-11,10:12,100000,10,6,teescan,2026-01-06 02:01:31.220000+00:00
세현,2026-01-11,10:19,100000,10,6,teescan,2026-01-06 02:01:31.220000+00:00
세현,2026-01-11,10:26,100000,10,6,teescan,2026-01-06 02:01:31.220000+00:00
세현,2026-01-11,10:33,100000,10,6,teescan,2026-01-06 02:01:31.220000+00:00
세현,2026-01-11,10:40,100000,10,6,teescan,2026-01-06 02:01:31.220000+00:00
세현,2026-01-11,10:47,100000,10,6,teescan,2026-01-06 02:01:31.220000+00:00
세현,2026-01-11,10:54,100000,10,6,teescan,2026-01-06 02:01:31.220000+00:00
세현,2026-01-11,11:01,100000,11,6,teescan,2026-01-06 02:01:31.220000+00:00
세현,2026-01-11,11:08,100000,11,6,teescan,2026-01-06 02:01:31.220000+00:00
세현,2026-01-11,11:15,100000,11,6,teescan,2026-01-06 02:01:31.220000+00:00
세현,2026-01-11,11:22,100000,11,6,teescan,2026-01-06 02:01:31.220000+00:00
세현,2026-01-11,11:29,100000,11,6,teescan,2026-01-06 02:01:31.220000+00:00
세현,2026-01-11,11:36,100000,11,6,teescan,2026-01-06 02:01:31.220000+00:00
세현,2026-01-11,11:43,100000,11,6,teescan,2026-01-06 02:01:31.220000+00:00
세현,2026-01-11,11:50,100000,11,6,teescan,2026-01-06 02:01:31.220000+00:00
수원,2026-01-11,11:01,200000,11,6,teescan,2026-01-02 03:01:48.010000+00:00
수원,2026-01-11,11:29,200000,11,6,teescan,2026-01-02 03:01:48.010000+00:00
수원,2026-01-11,11:36,200000,11,6,teescan,2026-01-02 03:01:48.010000+00:00
수원,2026-01-11,11:57,200000,11,6,teescan,2026-01-02 03:01:48.010000+00:00
수원,2026-01-11,12:04,200000,12,6,teescan,2026-01-02 03:01:48.010000+00:00
수원,2026-01-11,12:18,200000,12,6,teescan,2026-01-02 08:32:07.445000+00:00
신라,2026-01-11,09:41,90000,9,6,teescan,2026-01-05 04:31:18.981000+00:00
신라,2026-01-11,09:48,90000,9,6,teescan,2026-01-05 04:31:18.981000+00:00
신라,2026-01-11,09:55,90000,9,6,teescan,2026-01-05 04:31:18.981000+00:00
신라,2026-01-11,10:30,90000,10,6,teescan,2026-01-05 04:31:18.981000+00:00
신라,2026-01-11,10:37,90000,10,6,teescan,2026-01-05 04:31:18.981000+00:00
신라,2026-01-11,11:05,90000,11,6,teescan,2026-01-05 04:31:18.981000+00:00
신라,2026-01-11,11:19,90000,11,6,teescan,2026-01-05 04:31:18.981000+00:00
신라,2026-01-11,11:47,90000,11,6,teescan,2026-01-05 04:31:18.981000+00:00
신라,2026-01-11,11:54,90000,11,6,teescan,2026-01-05 04:31:18.981000+00:00
써닝포인트,2026-01-11,10:00,105000,10,6,golfpang,2026-01-06 04:31:38.358000+00:00
써닝포인트,2026-01-11,10:05,95000,10,6,teescan,2025-12-30 00:32:09.683000+00:00
써닝포인트,2026-01-11,10:12,95000,10,6,teescan,2025-12-30 00:32:09.683000+00:00
써닝포인트,2026-01-11,10:19,95000,10,6,teescan,2025-12-30 00:32:09.683000+00:00
써닝포인트,2026-01-11,10:26,95000,10,6,teescan,2025-12-30 00:32:09.683000+00:00
써닝포인트,2026-01-11,10:33,95000,10,6,teescan,2025-12-30 00:32:09.683000+00:00
써닝포인트,2026-01-11,10:40,95000,10,6,teescan,2025-12-30 00:32:09.683000+00:00
써닝포인트,2026-01-11,10:47,95000,10,6,teescan,2025-12-30 00:32:09.683000+00:00
써닝포인트,2026-01-11,10:54,95000,10,6,teescan,2025-12-30 00:32:09.683000+00:00
써닝포인트,2026-01-11,11:01,95000,11,6,teescan,2025-12-30 00:32:09.683000+00:00
써닝포인트,2026-01-11,11:08,95000,11,6,teescan,2025-12-30 00:32:09.683000+00:00
써닝포인트,2026-01-11,11:15,95000,11,6,teescan,2025-12-30 00:32:09.683000+00:00
써닝포인트,2026-01-11,11:22,95000,11,6,teescan,2025-12-30 00:32:09.683000+00:00
써닝포인트,2026-01-11,11:29,95000,11,6,teescan,2025-12-30 00:32:09.683000+00:00
써닝포인트,2026-01-11,11:36,95000,11,6,teescan,2025-12-30 00:32:09.683000+00:00
써닝포인트,2026-01-11,11:43,95000,11,6,teescan,2025-12-30 00:32:09.683000+00:00
써닝포인트,2026-01-11,11:50,95000,11,6,teescan,2025-12-30 00:32:09.683000+00:00
써닝포인트,2026-01-11,11:57,95000,11,6,teescan,2025-12-30 00:32:09.683000+00:00
써닝포인트,2026-01-11,12:04,95000,12,6,teescan,2025-12-30 00:32:09.683000+00:00
써닝포인트,2026-01-11,12:11,95000,12,6,teescan,2025-12-30 00:32:09.683000+00:00
써닝포인트,2026-01-11,12:18,95000,12,6,teescan,2025-12-30 00:32:09.683000+00:00
썬밸리,2026-01-11,10:30,90000,10,6,golfpang,2026-01-05 02:01:28.417000+00:00
알프스대영,2026-01-11,09:30,49000,9,6,golfpang,2026-01-05 07:31:31.565000+00:00
알프스대영,2026-01-11,09:37,45000,9,6,teescan,2026-01-02 00:01:52.436000+00:00
알프스대영,2026-01-11,09:44,45000,9,6,teescan,2026-01-02 00:01:52.436000+00:00
알프스대영,2026-01-11,09:51,45000,9,6,teescan,2026-01-02 00:01:52.436000+00:00
알프스대영,2026-01-11,09:58,45000,9,6,teescan,2026-01-02 00:01:52.436000+00:00
알프스대영,2026-01-11,10:05,45000,10,6,teescan,2026-01-02 00:01:52.436000+00:00
알프스대영,2026-01-11,10:12,49000,10,6,teescan,2026-01-05 05:31:36.769000+00:00
알프스대영,2026-01-11,10:19,45000,10,6,teescan,2026-01-02 00:01:52.436000+00:00
알프스대영,2026-01-11,10:26,45000,10,6,teescan,2026-01-02 00:01:52.436000+00:00
알프스대영,2026-01-11,10:33,45000,10,6,teescan,2026-01-02 00:01:52.436000+00:00
알프스대영,2026-01-11,10:40,45000,10,6,teescan,2026-01-02 00:01:52.436000+00:00
알프스대영,2026-01-11,10:47,45000,10,6,teescan,2026-01-02 00:01:52.436000+00:00
알프스대영,2026-01-11,10:54,45000,10,6,teescan,2026-01-02 00:01:52.436000+00:00
알프스대영,2026-01-11,11:01,45000,11,6,golfpang,2026-01-02 05:32:01.796000+00:00
알프스대영,2026-01-11,11:08,45000,11,6,teescan,2026-01-02 00:01:52.436000+00:00
알프스대영,2026-01-11,11:15,45000,11,6,teescan,2026-01-02 00:01:52.436000+00:00
알프스대영,2026-01-11,11:22,45000,11,6,teescan,2026-01-02 00:01:52.436000+00:00
알프스대영,2026-01-11,11:29,45000,11,6,teescan,2026-01-02 00:01:52.436000+00:00
알프스대영,2026-01-11,11:36,45000,11,6,teescan,2026-01-02 00:01:52.436000+00:00
알프스대영,2026-01-11,11:43,45000,11,6,teescan,2026-01-02 00:01:52.436000+00:00
알프스대영,2026-01-11,11:50,45000,11,6,teescan,2026-01-02 00:01:52.436000+00:00
알프스대영,2026-01-11,11:57,45000,11,6,teescan,2026-01-02 00:01:52.436000+00:00
알프스대영,2026-01-11,12:04,45000,12,6,teescan,2026-01-02 00:01:52.436000+00:00
알프스대영,2026-01-11,12:11,45000,12,6,teescan,2026-01-02 00:01:52.436000+00:00
양지파인,2026-01-11,08:00,55000,8,6,teescan,2026-01-06 03:01:40.990000+00:00
양지파인,2026-01-11,08:20,55000,8,6,teescan,2026-01-06 03:01:40.990000+00:00
양지파인,2026-01-11,08:40,55000,8,6,teescan,2026-01-06 03:01:40.990000+00:00
양지파인,2026-01-11,09:30,55000,9,6,teescan,2026-01-06 03:01:40.990000+00:00
양지파인,2026-01-11,09:37,55000,9,6,teescan,2026-01-06 03:01:40.990000+00:00
양지파인,2026-01-11,09:44,55000,9,6,teescan,2026-01-06 03:01:40.990000+00:00
양지파인,2026-01-11,09:51,55000,9,6,teescan,2026-01-06 03:01:40.990000+00:00
양지파인,2026-01-11,09:58,55000,9,6,teescan,2026-01-06 03:01:40.990000+00:00
양지파인,2026-01-11,10:05,55000,10,6,teescan,2026-01-06 03:01:40.990000+00:00
양지파인,2026-01-11,10:19,55000,10,6,teescan,2026-01-06 03:01:40.990000+00:00
양지파인,2026-01-11,10:33,55000,10,6,teescan,2026-01-06 03:01:40.990000+00:00
양지파인,2026-01-11,10:40,55000,10,6,teescan,2026-01-06 03:01:40.990000+00:00
양지파인,2026-01-11,10:47,55000,10,6,teescan,2026-01-06 03:01:40.990000+00:00
양지파인,2026-01-11,11:08,55000,11,6,teescan,2026-01-06 03:01:40.990000+00:00
양지파인,2026-01-11,11:15,55000,11,6,teescan,2026-01-06 03:01:40.990000+00:00
양지파인,2026-01-11,11:22,55000,11,6,teescan,2026-01-06 03:01:40.990000+00:00
양지파인,2026-01-11,11:29,55000,11,6,teescan,2026-01-06 03:01:40.990000+00:00
양지파인,2026-01-11,11:36,55000,11,6,teescan,2026-01-06 03:01:40.990000+00:00
양지파인,2026-01-11,11:43,55000,11,6,teescan,2026-01-06 03:01:40.990000+00:00
양지파인,2026-01-11,11:50,55000,11,6,teescan,2026-01-06 03:01:40.990000+00:00
올데이,2026-01-11,10:00,50000,10,6,teescan,2025-12-30 06:02:02.301000+00:00
올데이,2026-01-11,10:07,50000,10,6,teescan,2025-12-30 06:02:02.301000+00:00
올데이,2026-01-11,10:35,50000,10,6,teescan,2025-12-29 00:02:07.169000+00:00
올데이,2026-01-11,10:42,50000,10,6,teescan,2025-12-30 06:02:02.301000+00:00
올데이,2026-01-11,11:03,50000,11,6,teescan,2025-12-30 06:02:02.301000+00:00
올데이,2026-01-11,11:10,50000,11,6,teescan,2025-12-30 06:02:02.301000+00:00
올데이,2026-01-11,11:31,50000,11,6,teescan,2025-12-30 06:02:02.301000+00:00
올데이,2026-01-11,11:38,50000,11,6,teescan,2025-12-30 06:02:02.301000+00:00
올데이,2026-01-11,11:59,50000,11,6,teescan,2025-12-30 06:02:02.301000+00:00
올데이,2026-01-11,12:06,50000,12,6,teescan,2025-12-29 00:02:06.387000+00:00
윈체스트,2026-01-11,09:41,90000,9,6,teescan,2026-01-05 04:31:18.981000+00:00
윈체스트,2026-01-11,09:48,90000,9,6,teescan,2026-01-05 04:31:18.981000+00:00
윈체스트,2026-01-11,09:55,90000,9,6,teescan,2026-01-05 04:31:18.981000+00:00
윈체스트,2026-01-11,10:30,90000,10,6,teescan,2026-01-05 04:31:18.981000+00:00
윈체스트,2026-01-11,10:37,90000,10,6,teescan,2026-01-05 04:31:18.981000+00:00
윈체스트,2026-01-11,11:05,90000,11,6,teescan,2026-01-05 04:31:18.981000+00:00
윈체스트,2026-01-11,11:19,90000,11,6,teescan,2026-01-05 04:31:18.981000+00:00
윈체스트,2026-01-11,11:47,90000,11,6,teescan,2026-01-05 04:31:18.981000+00:00
윈체스트,2026-01-11,11:54,90000,11,6,teescan,2026-01-05 04:31:18.981000+00:00
은화삼,2026-01-11,09:30,120000,9,6,teescan,2026-01-01 07:01:56.153000+00:00
은화삼,2026-01-11,09:51,120000,9,6,teescan,2026-01-03 23:31:34.714000+00:00
은화삼,2026-01-11,10:12,120000,10,6,teescan,2026-01-03 23:31:34.714000+00:00
은화삼,2026-01-11,10:33,120000,10,6,teescan,2026-01-05 04:31:18.981000+00:00
은화삼,2026-01-11,10:54,120000,10,6,teescan,2026-01-05 04:31:18.981000+00:00
은화삼,2026-01-11,11:22,120000,11,6,teescan,2026-01-06 00:01:26.151000+00:00
은화삼,2026-01-11,11:50,120000,11,6,teescan,2026-01-05 04:31:18.981000+00:00
이글몬트,2026-01-11,09:30,80000,9,6,teescan,2026-01-02 03:31:54.512000+00:00
이글몬트,2026-01-11,09:37,80000,9,6,teescan,2026-01-02 03:31:54.512000+00:00
이글몬트,2026-01-11,09:44,80000,9,6,teescan,2026-01-02 03:31:54.512000+00:00
이글몬트,2026-01-11,09:51,80000,9,6,teescan,2026-01-02 03:31:54.512000+00:00
이글몬트,2026-01-11,09:58,80000,9,6,teescan,2026-01-02 03:31:54.512000+00:00
이글몬트,2026-01-11,10:05,80000,10,6,teescan,2026-01-02 03:31:54.512000+00:00
이글몬트,2026-01-11,10:12,80000,10,6,teescan,2026-01-02 03:31:54.512000+00:00
이글몬트,2026-01-11,10:19,80000,10,6,teescan,2026-01-02 03:31:54.512000+00:00
이글몬트,2026-01-11,10:26,80000,10,6,teescan,2026-01-02 03:31:54.512000+00:00
이글몬트,2026-01-11,10:33,80000,10,6,teescan,2026-01-02 03:31:54.512000+00:00
이글몬트,2026-01-11,10:40,80000,10,6,teescan,2026-01-02 03:31:54.512000+00:00
이글몬트,2026-01-11,10:47,80000,10,6,teescan,2026-01-02 03:31:54.512000+00:00
이글몬트,2026-01-11,10:54,80000,10,6,teescan,2026-01-02 03:31:54.512000+00:00
이글몬트,2026-01-11,11:01,80000,11,6,teescan,2026-01-02 03:31:54.512000+00:00
이글몬트,2026-01-11,11:08,80000,11,6,teescan,2026-01-02 03:31:54.512000+00:00
이글몬트,2026-01-11,11:15,80000,11,6,teescan,2026-01-02 03:31:54.512000+00:00
이글몬트,2026-01-11,11:22,80000,11,6,teescan,2026-01-02 03:31:54.512000+00:00
이글몬트,2026-01-11,11:29,80000,11,6,teescan,2026-01-02 03:31:54.512000+00:00
이글몬트,2026-01-11,11:36,80000,11,6,teescan,2026-01-02 03:31:54.512000+00:00
이글몬트,2026-01-11,11:43,80000,11,6,teescan,2026-01-02 03:31:54.512000+00:00
이글몬트,2026-01-11,11:50,80000,11,6,teescan,2026-01-02 03:31:54.512000+00:00
일레븐,2026-01-11,09:37,50000,9,6,teescan,2026-01-05 03:31:35.851000+00:00
일레븐,2026-01-11,09:44,50000,9,6,teescan,2026-01-05 03:31:35.851000+00:00
일레븐,2026-01-11,09:51,50000,9,6,teescan,2025-12-31 02:01:59.083000+00:00
일레븐,2026-01-11,10:05,50000,10,6,teescan,2025-12-31 01:32:04.105000+00:00
일레븐,2026-01-11,10:12,50000,10,6,teescan,2025-12-31 01:32:04.105000+00:00
일레븐,2026-01-11,10:19,50000,10,6,teescan,2025-12-31 01:32:04.105000+00:00
일레븐,2026-01-11,10:26,50000,10,6,teescan,2025-12-31 01:32:04.105000+00:00
일레븐,2026-01-11,10:33,50000,10,6,teescan,2025-12-31 01:32:04.105000+00:00
일레븐,2026-01-11,10:40,50000,10,6,teescan,2025-12-31 01:32:04.105000+00:00
일레븐,2026-01-11,10:47,50000,10,6,teescan,2026-01-04 13:01:49.521000+00:00
일레븐,2026-01-11,10:54,50000,10,6,teescan,2025-12-31 01:32:04.105000+00:00
일레븐,2026-01-11,11:01,50000,11,6,teescan,2025-12-31 01:32:04.105000+00:00
일레븐,2026-01-11,11:08,50000,11,6,teescan,2025-12-31 01:32:04.105000+00:00
일레븐,2026-01-11,11:15,50000,11,6,teescan,2025-12-31 01:32:04.105000+00:00
일레븐,2026-01-11,11:22,50000,11,6,teescan,2025-12-31 01:32:04.105000+00:00
일레븐,2026-01-11,11:29,50000,11,6,teescan,2025-12-31 01:32:04.105000+00:00
일레븐,2026-01-11,11:36,50000,11,6,teescan,2025-12-31 01:32:04.105000+00:00
일레븐,2026-01-11,11:43,50000,11,6,teescan,2025-12-31 01:32:04.105000+00:00
일레븐,2026-01-11,11:50,50000,11,6,teescan,2025-12-31 01:32:04.105000+00:00
일레븐,2026-01-11,11:57,50000,11,6,teescan,2025-12-31 01:32:04.105000+00:00
일레븐,2026-01-11,12:04,50000,12,6,teescan,2025-12-31 01:32:04.105000+00:00
일레븐,2026-01-11,12:11,50000,12,6,golfpang,2026-01-06 05:01:32.656000+00:00
진양밸리,2026-01-11,09:30,80000,9,6,teescan,2025-12-29 00:02:07.169000+00:00
진양밸리,2026-01-11,09:37,80000,9,6,teescan,2025-12-29 00:02:07.169000+00:00
진양밸리,2026-01-11,09:44,80000,9,6,teescan,2025-12-29 00:02:07.169000+00:00
진양밸리,2026-01-11,09:51,80000,9,6,teescan,2025-12-29 00:02:07.169000+00:00
진양밸리,2026-01-11,09:58,80000,9,6,teescan,2025-12-29 00:02:07.169000+00:00
진양밸리,2026-01-11,10:05,80000,10,6,teescan,2025-12-29 00:02:07.169000+00:00
진양밸리,2026-01-11,10:12,80000,10,6,teescan,2025-12-29 00:02:07.169000+00:00
진양밸리,2026-01-11,10:19,80000,10,6,teescan,2025-12-29 00:02:07.169000+00:00
진양밸리,2026-01-11,10:26,80000,10,6,teescan,2025-12-29 00:02:07.169000+00:00
진양밸리,2026-01-11,10:32,80000,10,6,golfpang,2026-01-05 08:01:25.466000+00:00
진양밸리,2026-01-11,10:33,80000,10,6,teescan,2025-12-29 00:02:07.169000+00:00
진양밸리,2026-01-11,10:40,80000,10,6,teescan,2025-12-29 00:02:07.169000+00:00
진양밸리,2026-01-11,10:47,80000,10,6,teescan,2025-12-29 00:02:07.169000+00:00
진양밸리,2026-01-11,10:54,80000,10,6,teescan,2025-12-29 00:02:07.169000+00:00
진양밸리,2026-01-11,11:01,80000,11,6,teescan,2025-12-29 00:02:07.169000+00:00
진양밸리,2026-01-11,11:08,80000,11,6,teescan,2025-12-29 00:02:07.169000+00:00
진양밸리,2026-01-11,11:15,80000,11,6,teescan,2025-12-29 00:02:07.169000+00:00
진양밸리,2026-01-11,11:22,80000,11,6,teescan,2025-12-29 00:02:07.169000+00:00
진양밸리,2026-01-11,11:29,80000,11,6,teescan,2025-12-29 00:02:07.169000+00:00
진양밸리,2026-01-11,11:36,80000,11,6,teescan,2025-12-29 00:02:07.169000+00:00
진양밸리,2026-01-11,11:43,80000,11,6,teescan,2025-12-29 00:02:07.169000+00:00
진양밸리,2026-01-11,11:50,80000,11,6,teescan,2025-12-29 00:02:07.169000+00:00
코리아,2026-01-11,09:30,160000,9,6,teescan,2026-01-02 00:31:56.900000+00:00
코리아,2026-01-11,09:37,160000,9,6,teescan,2025-12-31 00:32:02.613000+00:00
코리아,2026-01-11,09:44,160000,9,6,teescan,2026-01-06 01:31:18.860000+00:00
코리아,2026-01-11,09:58,109000,9,6,golfpang,2026-01-06 03:31:11.662000+00:00
코리아,2026-01-11,10:26,160000,10,6,teescan,2025-12-31 00:32:02.613000+00:00
코리아,2026-01-11,10:33,160000,10,6,teescan,2025-12-31 00:32:02.613000+00:00
코리아,2026-01-11,10:40,160000,10,6,teescan,2025-12-31 00:32:02.613000+00:00
코리아,2026-01-11,11:22,160000,11,6,teescan,2025-12-31 00:32:02.613000+00:00
코리아,2026-01-11,11:29,160000,11,6,teescan,2025-12-31 00:32:02.613000+00:00
코리아,2026-01-11,11:36,109000,11,6,golfpang,2026-01-06 04:31:38.358000+00:00
코리아,2026-01-11,11:43,160000,11,6,teescan,2025-12-31 00:32:02.613000+00:00
태광,2026-01-11,09:34,200000,9,6,teescan,2025-12-30 06:02:02.301000+00:00
태광,2026-01-11,09:41,200000,9,6,teescan,2026-01-05 01:01:26.480000+00:00
태광,2026-01-11,09:55,200000,9,6,teescan,2026-01-03 08:01:51.361000+00:00
태광,2026-01-11,10:02,200000,10,6,teescan,2026-01-05 00:01:37.106000+00:00
태광,2026-01-11,10:09,200000,10,6,teescan,2026-01-05 00:01:37.106000+00:00
태광,2026-01-11,10:44,200000,10,6,teescan,2025-12-30 06:02:02.301000+00:00
태광,2026-01-11,10:51,200000,10,6,teescan,2025-12-30 06:02:02.301000+00:00
태광,2026-01-11,11:05,200000,11,6,teescan,2026-01-05 00:01:37.106000+00:00
태광,2026-01-11,11:26,200000,11,6,teescan,2025-12-30 06:02:02.301000+00:00
태광,2026-01-11,11:40,200000,11,6,teescan,2025-12-30 08:32:00.968000+00:00
태광,2026-01-11,11:54,200000,11,6,teescan,2025-12-30 08:32:00.968000+00:00
태광,2026-01-11,12:01,200000,12,6,teescan,2025-12-30 08:32:00.968000+00:00
파인크리,2026-01-11,09:44,120000,9,6,teescan,2025-12-29 00:02:06.387000+00:00
파인크리,2026-01-11,09:51,120000,9,6,teescan,2025-12-29 00:02:06.387000+00:00
파인크리,2026-01-11,09:58,120000,9,6,teescan,2025-12-29 00:02:06.387000+00:00
파인크리,2026-01-11,10:05,110000,10,6,golfpang,2026-01-06 04:31:38.358000+00:00
파인크리,2026-01-11,10:12,120000,10,6,teescan,2025-12-29 00:02:06.387000+00:00
파인크리,2026-01-11,10:19,120000,10,6,teescan,2025-12-29 00:02:06.387000+00:00
파인크리,2026-01-11,10:26,120000,10,6,teescan,2025-12-29 00:02:06.387000+00:00
파인크리,2026-01-11,10:33,120000,10,6,teescan,2025-12-29 00:02:06.387000+00:00
파인크리,2026-01-11,10:40,120000,10,6,teescan,2025-12-29 00:02:06.387000+00:00
파인크리,2026-01-11,10:47,120000,10,6,teescan,2025-12-29 00:02:06.387000+00:00
파인크리,2026-01-11,10:54,120000,10,6,golfpang,2026-01-05 02:31:26.171000+00:00
파인크리,2026-01-11,11:00,110000,11,6,golfpang,2026-01-06 04:31:38.358000+00:00
파인크리,2026-01-11,11:08,120000,11,6,teescan,2025-12-29 00:02:06.387000+00:00
파인크리,2026-01-11,11:15,120000,11,6,teescan,2025-12-29 00:02:06.387000+00:00
파인크리,2026-01-11,11:22,120000,11,6,teescan,2025-12-29 00:02:06.387000+00:00
파인크리,2026-01-11,11:29,120000,11,6,teescan,2025-12-29 00:02:06.387000+00:00
파인크리,2026-01-11,11:36,120000,11,6,teescan,2025-12-29 00:02:06.387000+00:00
파인크리,2026-01-11,11:43,120000,11,6,teescan,2025-12-29 00:02:06.387000+00:00
포웰,2026-01-11,09:00,70000,9,6,golfpang,2026-01-06 04:31:38.358000+00:00
포웰,2026-01-11,10:17,70000,10,6,golfpang,2026-01-06 04:31:38.358000+00:00
포웰,2026-01-11,10:31,80000,10,6,golfpang,2026-01-06 05:01:32.656000+00:00
포웰,2026-01-11,11:05,80000,11,6,golfpang,2026-01-06 05:01:32.656000+00:00
포웰,2026-01-11,14:26,60000,14,6,golfpang,2026-01-06 05:01:32.656000+00:00
포웰,2026-01-11,14:47,50000,14,6,golfpang,2026-01-06 04:01:15.513000+00:00
포웰,2026-01-11,15:15,50000,15,6,golfpang,2026-01-06 01:31:18.860000+00:00
플라자용인,2026-01-11,10:10,150000,10,6,golfpang,2025-12-31 14:32:12.831000+00:00
플라자용인,2026-01-11,11:10,150000,11,6,golfpang,2025-12-31 14:32:12.831000+00:00
한림용인,2026-01-11,09:30,110000,9,6,teescan,2026-01-05 01:01:26.480000+00:00
한림용인,2026-01-11,09:37,110000,9,6,teescan,2026-01-05 01:01:26.480000+00:00
한림용인,2026-01-11,09:44,110000,9,6,teescan,2026-01-05 01:01:26.480000+00:00
한림용인,2026-01-11,09:51,110000,9,6,teescan,2026-01-05 01:01:26.480000+00:00
한림용인,2026-01-11,09:58,110000,9,6,teescan,2026-01-05 01:01:26.480000+00:00
한림용인,2026-01-11,10:05,120000,10,6,teescan,2026-01-05 01:01:26.480000+00:00
한림용인,2026-01-11,10:12,120000,10,6,teescan,2026-01-05 01:01:26.480000+00:00
한림용인,2026-01-11,10:19,120000,10,6,teescan,2026-01-05 01:01:26.480000+00:00
한림용인,2026-01-11,10:26,120000,10,6,teescan,2026-01-05 01:01:26.480000+00:00
한림용인,2026-01-11,10:33,120000,10,6,teescan,2026-01-05 01:01:26.480000+00:00
한림용인,2026-01-11,10:40,120000,10,6,teescan,2026-01-05 01:01:26.480000+00:00
한림용인,2026-01-11,10:47,120000,10,6,teescan,2026-01-05 01:01:26.480000+00:00
한림용인,2026-01-11,10:54,120000,10,6,teescan,2026-01-05 01:01:26.480000+00:00
한림용인,2026-01-11,11:01,120000,11,6,teescan,2026-01-05 01:01:26.480000+00:00
한림용인,2026-01-11,11:08,120000,11,6,teescan,2026-01-05 01:01:26.480000+00:00
한림용인,2026-01-11,11:15,120000,11,6,teescan,2026-01-05 01:01:26.480000+00:00
한림용인,2026-01-11,11:22,120000,11,6,teescan,2026-01-05 01:01:26.480000+00:00
한림용인,2026-01-11,11:29,120000,11,6,teescan,2026-01-05 01:01:26.480000+00:00
한림용인,2026-01-11,11:36,120000,11,6,teescan,2026-01-05 01:01:26.480000+00:00
한림용인,2026-01-11,11:43,120000,11,6,teescan,2026-01-05 01:01:26.480000+00:00
한림용인,2026-01-11,11:50,120000,11,6,teescan,2026-01-05 01:01:26.480000+00:00
한림용인,2026-01-11,11:57,120000,11,6,teescan,2026-01-05 01:01:26.480000+00:00
한원,2026-01-11,09:35,115000,9,6,teescan,2025-12-29 07:31:56.999000+00:00
한원,2026-01-11,09:42,115000,9,6,teescan,2025-12-29 07:31:56.999000+00:00
한원,2026-01-11,09:49,115000,9,6,teescan,2025-12-29 07:31:56.999000+00:00
한원,2026-01-11,10:03,120000,10,6,teescan,2025-12-29 07:31:56.999000+00:00
한원,2026-01-11,10:10,120000,10,6,teescan,2025-12-29 07:31:56.999000+00:00
한원,2026-01-11,10:17,120000,10,6,teescan,2025-12-29 07:31:56.999000+00:00
한원,2026-01-11,10:24,120000,10,6,teescan,2025-12-29 07:31:56.999000+00:00
한원,2026-01-11,10:31,120000,10,6,teescan,2025-12-29 07:31:56.999000+00:00
한원,2026-01-11,10:38,120000,10,6,teescan,2025-12-29 07:31:56.999000+00:00
한원,2026-01-11,10:45,120000,10,6,teescan,2025-12-29 07:31:56.999000+00:00
한원,2026-01-11,10:59,120000,10,6,teescan,2025-12-29 07:31:56.999000+00:00
한원,2026-01-11,11:13,120000,11,6,teescan,2025-12-29 07:31:56.999000+00:00
한원,2026-01-11,11:20,120000,11,6,teescan,2025-12-29 07:31:56.999000+00:00
한원,2026-01-11,11:27,120000,11,6,teescan,2025-12-29 07:31:56.999000+00:00
한원,2026-01-11,11:34,120000,11,6,teescan,2025-12-29 07:31:56.999000+00:00
한원,2026-01-11,11:41,120000,11,6,teescan,2025-12-29 07:31:56.999000+00:00
한원,2026-01-11,11:48,120000,11,6,teescan,2025-12-29 07:31:56.999000+00:00
한원,2026-01-11,11:55,120000,11,6,teescan,2025-12-29 07:31:56.999000+00:00
해솔리아,2026-01-11,09:00,105000,9,6,teescan,2026-01-05 08:01:25.466000+00:00
해솔리아,2026-01-11,09:07,105000,9,6,teescan,2026-01-05 08:01:25.466000+00:00
해솔리아,2026-01-11,09:14,105000,9,6,teescan,2026-01-05 08:01:25.466000+00:00
해솔리아,2026-01-11,09:21,105000,9,6,teescan,2026-01-05 08:01:25.466000+00:00
해솔리아,2026-01-11,09:28,105000,9,6,teescan,2026-01-05 08:01:25.466000+00:00
해솔리아,2026-01-11,09:35,105000,9,6,teescan,2026-01-05 08:01:25.466000+00:00
해솔리아,2026-01-11,09:42,105000,9,6,teescan,2026-01-05 08:01:25.466000+00:00
해솔리아,2026-01-11,09:49,105000,9,6,teescan,2026-01-05 08:01:25.466000+00:00
해솔리아,2026-01-11,09:56,105000,9,6,teescan,2026-01-05 08:01:25.466000+00:00
해솔리아,2026-01-11,10:03,105000,10,6,teescan,2026-01-05 08:01:25.466000+00:00
해솔리아,2026-01-11,10:10,105000,10,6,teescan,2026-01-05 08:01:25.466000+00:00
해솔리아,2026-01-11,10:17,105000,10,6,teescan,2026-01-05 08:01:25.466000+00:00
해솔리아,2026-01-11,10:24,105000,10,6,teescan,2026-01-05 08:01:25.466000+00:00
해솔리아,2026-01-11,10:31,105000,10,6,teescan,2026-01-05 08:01:25.466000+00:00
해솔리아,2026-01-11,10:38,105000,10,6,teescan,2026-01-05 08:01:25.466000+00:00
해솔리아,2026-01-11,10:45,105000,10,6,teescan,2026-01-05 08:01:25.466000+00:00
해솔리아,2026-01-11,10:52,105000,10,6,teescan,2026-01-05 08:01:25.466000+00:00
해솔리아,2026-01-11,10:59,105000,10,6,teescan,2026-01-05 08:01:25.466000+00:00
해솔리아,2026-01-11,11:06,105000,11,6,teescan,2026-01-05 08:01:25.466000+00:00
해솔리아,2026-01-11,11:13,105000,11,6,teescan,2026-01-05 08:01:25.466000+00:00
해솔리아,2026-01-11,11:20,105000,11,6,teescan,2026-01-05 08:01:25.466000+00:00
해솔리아,2026-01-11,11:27,105000,11,6,teescan,2026-01-05 08:01:25.466000+00:00
화성상록,2026-01-11,10:12,120000,10,6,teescan,2026-01-05 04:31:18.981000+00:00
화성상록,2026-01-11,10:19,120000,10,6,teescan,2026-01-05 04:31:18.981000+00:00
화성상록,2026-01-11,10:26,120000,10,6,teescan,2026-01-05 04:31:18.981000+00:00
화성상록,2026-01-11,10:33,120000,10,6,teescan,2026-01-05 04:31:18.981000+00:00
화성상록,2026-01-11,10:40,120000,10,6,teescan,2026-01-05 04:31:18.981000+00:00
화성상록,2026-01-11,10:54,120000,10,6,teescan,2026-01-05 04:31:18.981000+00:00
화성상록,2026-01-11,11:00,120000,11,6,golfpang,2026-01-06 01:31:18.860000+00:00
화성상록,2026-01-11,11:01,120000,11,6,teescan,2026-01-05 04:31:18.981000+00:00
화성상록,2026-01-11,11:15,120000,11,6,teescan,2026-01-05 04:31:18.981000+00:00
히든밸리,2026-01-11,09:37,60000,9,6,teescan,2026-01-04 07:01:44.331000+00:00
히든밸리,2026-01-11,09:44,60000,9,6,teescan,2026-01-04 07:01:44.331000+00:00
히든밸리,2026-01-11,09:51,60000,9,6,teescan,2026-01-04 07:01:44.331000+00:00
히든밸리,2026-01-11,09:58,60000,9,6,teescan,2026-01-04 07:01:44.331000+00:00
히든밸리,2026-01-11,10:05,60000,10,6,teescan,2026-01-04 07:01:44.331000+00:00
히든밸리,2026-01-11,10:12,60000,10,6,teescan,2026-01-04 07:01:44.331000+00:00
히든밸리,2026-01-11,10:19,60000,10,6,teescan,2026-01-04 07:01:44.331000+00:00
히든밸리,2026-01-11,10:26,60000,10,6,teescan,2026-01-04 07:01:44.331000+00:00
히든밸리,2026-01-11,10:33,60000,10,6,teescan,2026-01-04 07:01:44.331000+00:00
히든밸리,2026-01-11,10:40,60000,10,6,teescan,2026-01-04 07:01:44.331000+00:00
히든밸리,2026-01-11,10:47,60000,10,6,teescan,2026-01-04 07:01:44.331000+00:00
히든밸리,2026-01-11,10:54,60000,10,6,teescan,2026-01-04 07:01:44.331000+00:00
히든밸리,2026-01-11,11:01,60000,11,6,teescan,2026-01-04 07:01:44.331000+00:00
히든밸리,2026-01-11,11:08,60000,11,6,teescan,2026-01-04 07:01:44.331000+00:00
히든밸리,2026-01-11,11:15,60000,11,6,teescan,2026-01-04 07:01:44.331000+00:00
히든밸리,2026-01-11,11:22,60000,11,6,teescan,2026-01-04 07:01:44.331000+00:00
히든밸리,2026-01-11,11:29,60000,11,6,teescan,2026-01-04 07:01:44.331000+00:00
히든밸리,2026-01-11,11:36,60000,11,6,teescan,2026-01-04 07:01:44.331000+00:00
히든밸리,2026-01-11,11:43,60000,11,6,teescan,2026-01-04 07:01:44.331000+00:00
히든밸리,2026-01-11,11:50,60000,11,6,teescan,2026-01-04 07:01:44.331000+00:00
히든밸리,2026-01-11,11:57,60000,11,6,teescan,2026-01-04 07:01:44.331000+00:00
히든밸리,2026-01-11,12:04,60000,12,6,teescan,2026-01-04 07:01:44.331000+00:00
히든밸리,2026-01-11,12:11,60000,12,6,teescan,2026-01-04 07:01:44.331000+00:00
힐데스,2026-01-11,09:37,55000,9,6,teescan,2026-01-06 00:01:26.151000+00:00
힐데스,2026-01-11,09:44,55000,9,6,teescan,2026-01-04 08:01:47.948000+00:00
힐데스,2026-01-11,10:00,50000,10,6,golfpang,2026-01-06 05:01:32.656000+00:00
힐데스,2026-01-11,10:14,55000,10,6,teescan,2026-01-02 01:31:50.332000+00:00
힐데스,2026-01-11,10:22,55000,10,6,teescan,2026-01-05 23:01:20.108000+00:00
힐데스,2026-01-11,10:29,55000,10,6,teescan,2026-01-02 01:31:50.332000+00:00
힐데스,2026-01-11,10:30,60000,10,6,golfpang,2026-01-06 04:01:15.513000+00:00
힐데스,2026-01-11,10:37,55000,10,6,teescan,2026-01-02 01:31:50.332000+00:00
힐데스,2026-01-11,10:44,55000,10,6,teescan,2026-01-02 01:31:50.332000+00:00
힐데스,2026-01-11,10:52,55000,10,6,teescan,2026-01-02 01:31:50.332000+00:00
힐데스,2026-01-11,11:07,55000,11,6,teescan,2026-01-05 04:31:18.981000+00:00
힐데스,2026-01-11,11:14,55000,11,6,teescan,2026-01-06 03:31:11.662000+00:00
힐데스,2026-01-11,11:44,55000,11,6,teescan,2026-01-04 05:31:43.712000+00:00
감곡,2026-01-12,09:30,56400,9,0,teescan,2025-12-30 00:01:51.839000+00:00
감곡,2026-01-12,09:37,56400,9,0,teescan,2025-12-30 00:01:51.839000+00:00
감곡,2026-01-12,09:44,56400,9,0,teescan,2025-12-30 00:01:51.839000+00:00
감곡,2026-01-12,09:51,56400,9,0,teescan,2025-12-30 00:01:51.839000+00:00
감곡,2026-01-12,09:58,56400,9,0,teescan,2025-12-30 00:01:51.839000+00:00
감곡,2026-01-12,10:05,56400,10,0,teescan,2025-12-30 00:01:51.839000+00:00
감곡,2026-01-12,10:12,56400,10,0,teescan,2025-12-30 00:01:51.839000+00:00
감곡,2026-01-12,10:19,56400,10,0,teescan,2025-12-30 00:01:51.839000+00:00
감곡,2026-01-12,10:26,56400,10,0,teescan,2025-12-30 00:01:51.839000+00:00
감곡,2026-01-12,10:29,70000,10,0,golfpang,2026-01-06 00:31:48.644000+00:00
감곡,2026-01-12,10:33,56400,10,0,teescan,2025-12-30 00:01:51.839000+00:00
감곡,2026-01-12,10:40,56400,10,0,teescan,2025-12-30 00:01:51.839000+00:00
감곡,2026-01-12,10:47,56400,10,0,teescan,2025-12-30 00:01:51.839000+00:00
감곡,2026-01-12,10:54,56400,10,0,teescan,2025-12-30 00:01:51.839000+00:00
감곡,2026-01-12,11:01,65800,11,0,teescan,2025-12-31 01:32:19.778000+00:00
감곡,2026-01-12,11:08,65800,11,0,teescan,2025-12-31 01:32:19.778000+00:00
감곡,2026-01-12,11:15,65800,11,0,teescan,2025-12-31 01:32:19.778000+00:00
감곡,2026-01-12,11:22,65800,11,0,teescan,2025-12-31 01:32:19.778000+00:00
감곡,2026-01-12,11:29,65800,11,0,teescan,2025-12-31 01:32:19.778000+00:00
감곡,2026-01-12,11:36,65800,11,0,teescan,2025-12-31 01:32:19.778000+00:00
감곡,2026-01-12,11:43,65800,11,0,teescan,2025-12-31 01:32:19.778000+00:00
감곡,2026-01-12,11:50,65800,11,0,teescan,2025-12-31 01:32:19.778000+00:00
골프존화랑,2026-01-12,09:50,40000,9,0,teescan,2026-01-05 01:31:31.917000+00:00
골프존화랑,2026-01-12,10:04,40000,10,0,teescan,2026-01-05 01:31:31.917000+00:00
골프존화랑,2026-01-12,10:11,40000,10,0,teescan,2026-01-05 01:31:31.917000+00:00
골프존화랑,2026-01-12,10:32,50000,10,0,golfpang,2026-01-06 05:01:23.072000+00:00
골프존화랑,2026-01-12,10:39,40000,10,0,teescan,2026-01-05 01:31:31.917000+00:00
골프존화랑,2026-01-12,10:46,40000,10,0,teescan,2026-01-05 01:31:31.917000+00:00
골프존화랑,2026-01-12,10:53,40000,10,0,teescan,2026-01-05 01:31:31.917000+00:00
골프존화랑,2026-01-12,11:07,40000,11,0,teescan,2026-01-05 01:31:31.917000+00:00
골프존화랑,2026-01-12,11:14,40000,11,0,teescan,2026-01-05 01:31:31.917000+00:00
골프존화랑,2026-01-12,11:21,40000,11,0,teescan,2026-01-05 01:31:31.917000+00:00
골프존화랑,2026-01-12,11:28,40000,11,0,teescan,2026-01-05 01:31:31.917000+00:00
골프존화랑,2026-01-12,11:35,40000,11,0,teescan,2026-01-05 01:31:31.917000+00:00
골프존화랑,2026-01-12,11:49,40000,11,0,teescan,2026-01-05 01:31:31.917000+00:00
골프존화랑,2026-01-12,11:56,40000,11,0,teescan,2026-01-05 01:31:31.917000+00:00
골프존화랑,2026-01-12,12:03,50000,12,0,golfpang,2026-01-06 04:31:35.910000+00:00
골프존화랑,2026-01-12,12:10,40000,12,0,teescan,2026-01-05 01:31:31.917000+00:00
대영베이스,2026-01-12,09:20,40000,9,0,teescan,2025-12-30 00:01:51.839000+00:00
대영베이스,2026-01-12,09:27,40000,9,0,teescan,2025-12-30 00:01:52.436000+00:00
대영베이스,2026-01-12,09:34,40000,9,0,teescan,2025-12-30 00:01:52.436000+00:00
대영베이스,2026-01-12,09:41,40000,9,0,teescan,2025-12-30 00:01:52.436000+00:00
대영베이스,2026-01-12,09:48,40000,9,0,teescan,2025-12-30 00:01:52.436000+00:00
대영베이스,2026-01-12,09:55,40000,9,0,teescan,2025-12-30 00:01:52.436000+00:00
대영베이스,2026-01-12,10:02,40000,10,0,teescan,2025-12-30 00:01:52.436000+00:00
대영베이스,2026-01-12,10:09,40000,10,0,teescan,2025-12-30 00:01:52.436000+00:00
대영베이스,2026-01-12,10:16,40000,10,0,teescan,2025-12-30 00:01:52.436000+00:00
대영베이스,2026-01-12,10:23,40000,10,0,teescan,2025-12-30 00:01:52.436000+00:00
대영베이스,2026-01-12,10:30,40000,10,0,teescan,2025-12-30 00:01:51.839000+00:00
대영베이스,2026-01-12,10:37,40000,10,0,teescan,2025-12-30 00:01:52.436000+00:00
대영베이스,2026-01-12,10:44,40000,10,0,teescan,2026-01-04 04:01:36.387000+00:00
대영베이스,2026-01-12,10:51,40000,10,0,teescan,2025-12-30 00:01:52.436000+00:00
대영베이스,2026-01-12,10:58,40000,10,0,teescan,2025-12-30 00:01:52.436000+00:00
대영베이스,2026-01-12,11:05,40000,11,0,teescan,2026-01-06 00:01:36.724000+00:00
대영베이스,2026-01-12,11:11,40000,11,0,golfpang,2026-01-06 05:01:23.072000+00:00
대영베이스,2026-01-12,11:12,40000,11,0,teescan,2025-12-30 00:01:52.436000+00:00
대영베이스,2026-01-12,11:19,40000,11,0,teescan,2025-12-30 00:01:52.436000+00:00
대영베이스,2026-01-12,11:26,40000,11,0,golfpang,2026-01-01 15:01:47.111000+00:00
대영베이스,2026-01-12,11:40,40000,11,0,teescan,2025-12-30 00:01:52.436000+00:00
대영베이스,2026-01-12,11:47,40000,11,0,teescan,2025-12-30 00:01:52.436000+00:00
대영베이스,2026-01-12,11:54,40000,11,0,teescan,2025-12-30 00:01:52.436000+00:00
대영베이스,2026-01-12,12:08,40000,12,0,golfpang,2025-12-30 00:01:51.839000+00:00
더크로스비,2026-01-12,10:05,60000,10,0,teescan,2026-01-01 00:01:53.687000+00:00
더크로스비,2026-01-12,10:12,60000,10,0,teescan,2026-01-01 00:01:53.687000+00:00
더크로스비,2026-01-12,10:19,60000,10,0,teescan,2026-01-01 00:01:53.687000+00:00
더크로스비,2026-01-12,10:26,60000,10,0,teescan,2026-01-01 00:01:53.687000+00:00
더크로스비,2026-01-12,10:33,60000,10,0,teescan,2026-01-01 00:01:53.687000+00:00
더크로스비,2026-01-12,10:40,60000,10,0,teescan,2026-01-01 00:01:53.687000+00:00
더크로스비,2026-01-12,10:47,60000,10,0,teescan,2026-01-01 00:01:53.687000+00:00
더크로스비,2026-01-12,10:54,60000,10,0,teescan,2026-01-01 00:01:53.687000+00:00
더크로스비,2026-01-12,11:01,60000,11,0,teescan,2026-01-01 00:01:53.687000+00:00
더크로스비,2026-01-12,11:08,60000,11,0,teescan,2026-01-01 00:01:53.687000+00:00
더크로스비,2026-01-12,11:15,60000,11,0,teescan,2026-01-01 00:01:53.687000+00:00
더크로스비,2026-01-12,11:22,60000,11,0,teescan,2026-01-01 00:01:53.687000+00:00
더크로스비,2026-01-12,11:36,60000,11,0,teescan,2026-01-01 00:01:53.687000+00:00
더크로스비,2026-01-12,11:43,60000,11,0,teescan,2026-01-01 00:01:53.687000+00:00
더크로스비,2026-01-12,11:50,60000,11,0,teescan,2026-01-01 00:01:53.687000+00:00
더크로스비,2026-01-12,11:57,60000,11,0,teescan,2026-01-01 00:01:53.687000+00:00
더크로스비,2026-01-12,12:04,60000,12,0,teescan,2026-01-01 00:01:53.687000+00:00
더크로스비,2026-01-12,12:11,60000,12,0,teescan,2026-01-01 00:01:53.687000+00:00
동촌,2026-01-12,09:37,55000,9,0,teescan,2026-01-02 15:31:50.079000+00:00
동촌,2026-01-12,09:44,55000,9,0,teescan,2026-01-02 15:31:50.079000+00:00
동촌,2026-01-12,09:51,55000,9,0,teescan,2026-01-02 15:31:50.079000+00:00
동촌,2026-01-12,10:05,60000,10,0,teescan,2026-01-02 15:31:50.079000+00:00
동촌,2026-01-12,10:12,60000,10,0,teescan,2026-01-02 15:31:50.079000+00:00
동촌,2026-01-12,10:26,55000,10,0,golfpang,2026-01-06 05:01:23.072000+00:00
동촌,2026-01-12,10:40,65000,10,0,golfpang,2026-01-04 08:01:48.348000+00:00
동촌,2026-01-12,11:36,55000,11,0,golfpang,2026-01-06 05:01:23.072000+00:00
동촌,2026-01-12,11:50,60000,11,0,teescan,2026-01-02 15:31:50.079000+00:00
떼제베,2026-01-12,10:00,50000,10,0,teescan,2025-12-30 00:01:51.839000+00:00
떼제베,2026-01-12,10:07,50000,10,0,teescan,2025-12-30 00:01:51.839000+00:00
떼제베,2026-01-12,10:14,50000,10,0,teescan,2026-01-04 23:31:36.535000+00:00
떼제베,2026-01-12,10:21,50000,10,0,teescan,2026-01-04 23:31:36.535000+00:00
떼제베,2026-01-12,10:28,50000,10,0,teescan,2026-01-04 23:31:36.535000+00:00
떼제베,2026-01-12,10:35,50000,10,0,golfpang,2026-01-06 05:01:23.072000+00:00
떼제베,2026-01-12,10:42,50000,10,0,golfpang,2026-01-04 05:01:38.315000+00:00
떼제베,2026-01-12,10:49,50000,10,0,teescan,2026-01-04 05:31:40.156000+00:00
떼제베,2026-01-12,11:10,50000,11,0,golfpang,2026-01-06 05:01:23.072000+00:00
떼제베,2026-01-12,11:17,50000,11,0,teescan,2025-12-30 00:01:51.839000+00:00
떼제베,2026-01-12,11:24,50000,11,0,teescan,2025-12-30 00:01:51.839000+00:00
떼제베,2026-01-12,11:31,50000,11,0,teescan,2025-12-30 00:01:51.839000+00:00
떼제베,2026-01-12,11:38,50000,11,0,teescan,2026-01-04 23:31:36.535000+00:00
떼제베,2026-01-12,11:45,50000,11,0,teescan,2026-01-04 23:31:36.535000+00:00
떼제베,2026-01-12,12:06,50000,12,0,teescan,2025-12-30 00:01:51.839000+00:00
떼제베,2026-01-12,12:13,50000,12,0,teescan,2025-12-30 00:01:51.839000+00:00
떼제베,2026-01-12,12:20,50000,12,0,teescan,2025-12-30 00:01:51.839000+00:00
레싸,2026-01-12,09:51,120000,9,0,teescan,2025-12-30 00:01:51.839000+00:00
레싸,2026-01-12,09:58,120000,9,0,teescan,2025-12-30 00:01:51.839000+00:00
레싸,2026-01-12,10:05,140000,10,0,teescan,2025-12-30 00:01:51.839000+00:00
레싸,2026-01-12,10:12,120000,10,0,teescan,2025-12-30 00:01:51.839000+00:00
레싸,2026-01-12,10:26,140000,10,0,teescan,2025-12-30 00:01:51.839000+00:00
레싸,2026-01-12,10:47,120000,10,0,teescan,2025-12-30 00:01:51.839000+00:00
레싸,2026-01-12,11:15,120000,11,0,teescan,2025-12-30 00:01:51.839000+00:00
레싸,2026-01-12,11:36,120000,11,0,teescan,2025-12-30 00:01:51.839000+00:00
레싸,2026-01-12,11:43,120000,11,0,teescan,2025-12-30 00:01:51.839000+00:00
레싸,2026-01-12,11:57,140000,11,0,teescan,2025-12-30 00:01:51.839000+00:00
로얄포레,2026-01-12,10:49,50000,10,0,golfpang,2026-01-06 03:31:29.184000+00:00
로얄포레,2026-01-12,11:17,50000,11,0,golfpang,2026-01-06 05:01:23.072000+00:00
로얄포레,2026-01-12,12:06,50000,12,0,golfpang,2026-01-06 03:31:29.184000+00:00
모나크,2026-01-12,09:40,60000,9,0,teescan,2025-12-30 00:01:52.436000+00:00
모나크,2026-01-12,09:47,60000,9,0,teescan,2025-12-30 00:01:52.436000+00:00
모나크,2026-01-12,09:54,60000,9,0,teescan,2025-12-30 00:01:51.839000+00:00
모나크,2026-01-12,10:01,60000,10,0,teescan,2025-12-30 00:01:52.436000+00:00
모나크,2026-01-12,10:08,60000,10,0,teescan,2025-12-30 00:01:52.436000+00:00
모나크,2026-01-12,10:15,60000,10,0,teescan,2025-12-30 00:01:52.436000+00:00
모나크,2026-01-12,10:22,60000,10,0,teescan,2025-12-30 00:01:52.436000+00:00
모나크,2026-01-12,10:29,60000,10,0,teescan,2025-12-30 00:01:52.436000+00:00
모나크,2026-01-12,10:43,60000,10,0,teescan,2026-01-05 00:01:40.678000+00:00
모나크,2026-01-12,10:57,60000,10,0,teescan,2026-01-04 14:01:39.760000+00:00
모나크,2026-01-12,11:11,70000,11,0,golfpang,2026-01-06 04:31:35.910000+00:00
벨라스톤,2026-01-12,09:30,49000,9,0,teescan,2026-01-05 02:01:34.815000+00:00
벨라스톤,2026-01-12,09:37,49000,9,0,teescan,2026-01-05 02:01:34.815000+00:00
벨라스톤,2026-01-12,09:44,49000,9,0,teescan,2026-01-05 02:01:34.815000+00:00
벨라스톤,2026-01-12,09:51,49000,9,0,teescan,2026-01-05 02:01:34.815000+00:00
벨라스톤,2026-01-12,09:58,49000,9,0,teescan,2026-01-05 02:01:34.815000+00:00
벨라스톤,2026-01-12,10:05,70000,10,0,teescan,2026-01-05 09:31:47.008000+00:00
벨라스톤,2026-01-12,10:12,70000,10,0,teescan,2026-01-05 09:31:47.008000+00:00
벨라스톤,2026-01-12,10:19,70000,10,0,teescan,2026-01-05 09:31:47.008000+00:00
벨라스톤,2026-01-12,10:26,70000,10,0,teescan,2026-01-05 09:31:47.008000+00:00
벨라스톤,2026-01-12,10:33,70000,10,0,teescan,2026-01-05 09:31:47.008000+00:00
벨라스톤,2026-01-12,10:47,70000,10,0,teescan,2026-01-05 09:31:47.008000+00:00
벨라스톤,2026-01-12,10:54,70000,10,0,teescan,2026-01-05 09:31:47.008000+00:00
벨라스톤,2026-01-12,11:01,80000,11,0,teescan,2026-01-05 09:31:47.008000+00:00
벨라스톤,2026-01-12,11:08,80000,11,0,teescan,2026-01-05 09:31:47.008000+00:00
벨라스톤,2026-01-12,11:15,80000,11,0,teescan,2026-01-05 09:31:47.008000+00:00
벨라스톤,2026-01-12,11:22,80000,11,0,teescan,2026-01-05 09:31:47.008000+00:00
벨라스톤,2026-01-12,11:29,80000,11,0,teescan,2026-01-05 09:31:47.008000+00:00
벨라스톤,2026-01-12,11:36,80000,11,0,teescan,2026-01-05 09:31:47.008000+00:00
벨라스톤,2026-01-12,11:43,80000,11,0,teescan,2026-01-05 09:31:47.008000+00:00
벨라스톤,2026-01-12,11:50,80000,11,0,teescan,2026-01-05 09:31:47.008000+00:00
블루원용인,2026-01-12,10:12,100000,10,0,teescan,2025-12-30 00:01:51.839000+00:00
블루원용인,2026-01-12,10:19,100000,10,0,teescan,2026-01-01 00:01:53.687000+00:00
블루원용인,2026-01-12,10:40,100000,10,0,teescan,2025-12-30 00:01:51.839000+00:00
블루원용인,2026-01-12,11:08,90000,11,0,golfpang,2026-01-05 19:01:35.900000+00:00
블루원용인,2026-01-12,11:15,100000,11,0,teescan,2025-12-30 00:01:51.839000+00:00
블루원용인,2026-01-12,11:36,100000,11,0,teescan,2026-01-01 00:01:53.687000+00:00
블루원용인,2026-01-12,11:50,100000,11,0,teescan,2025-12-30 00:01:51.839000+00:00
블루원용인,2026-01-12,12:11,100000,12,0,teescan,2026-01-01 00:01:53.687000+00:00
블루원용인,2026-01-12,12:25,100000,12,0,teescan,2025-12-30 00:01:51.839000+00:00
세현,2026-01-12,09:30,70000,9,0,teescan,2026-01-02 01:01:52.123000+00:00
세현,2026-01-12,09:37,70000,9,0,teescan,2026-01-02 01:01:52.123000+00:00
세현,2026-01-12,09:44,70000,9,0,teescan,2026-01-02 01:01:52.123000+00:00
세현,2026-01-12,09:51,70000,9,0,teescan,2026-01-02 01:01:52.123000+00:00
세현,2026-01-12,09:58,70000,9,0,teescan,2026-01-02 01:01:52.123000+00:00
세현,2026-01-12,10:05,70000,10,0,teescan,2026-01-02 01:01:52.123000+00:00
세현,2026-01-12,10:12,70000,10,0,teescan,2026-01-02 01:01:52.123000+00:00
세현,2026-01-12,10:19,70000,10,0,teescan,2026-01-02 01:01:52.123000+00:00
세현,2026-01-12,10:26,70000,10,0,teescan,2026-01-02 01:01:52.123000+00:00
세현,2026-01-12,10:33,70000,10,0,teescan,2026-01-02 01:01:52.123000+00:00
세현,2026-01-12,10:40,70000,10,0,teescan,2026-01-02 01:01:52.123000+00:00
세현,2026-01-12,10:47,70000,10,0,teescan,2026-01-02 01:01:52.123000+00:00
세현,2026-01-12,10:54,70000,10,0,teescan,2026-01-02 01:01:52.123000+00:00
세현,2026-01-12,11:01,70000,11,0,teescan,2026-01-02 01:01:52.123000+00:00
세현,2026-01-12,11:08,70000,11,0,teescan,2026-01-02 01:01:52.123000+00:00
세현,2026-01-12,11:15,70000,11,0,teescan,2026-01-02 01:01:52.123000+00:00
세현,2026-01-12,11:22,70000,11,0,teescan,2026-01-02 01:01:52.123000+00:00
세현,2026-01-12,11:29,70000,11,0,teescan,2026-01-02 01:01:52.123000+00:00
세현,2026-01-12,11:36,70000,11,0,teescan,2026-01-02 01:01:52.123000+00:00
세현,2026-01-12,11:43,70000,11,0,teescan,2026-01-02 01:01:52.123000+00:00
세현,2026-01-12,11:50,70000,11,0,teescan,2026-01-02 01:01:52.123000+00:00
수원,2026-01-12,10:05,150000,10,0,teescan,2026-01-02 03:01:56.985000+00:00
수원,2026-01-12,10:19,150000,10,0,teescan,2026-01-02 03:01:56.985000+00:00
수원,2026-01-12,10:30,160000,10,0,golfpang,2026-01-05 13:31:45.291000+00:00
수원,2026-01-12,10:40,150000,10,0,teescan,2026-01-02 03:01:56.985000+00:00
수원,2026-01-12,11:08,150000,11,0,teescan,2026-01-02 03:01:56.985000+00:00
수원,2026-01-12,11:36,150000,11,0,teescan,2026-01-02 03:01:56.985000+00:00
수원,2026-01-12,11:57,150000,11,0,teescan,2026-01-02 03:01:56.985000+00:00
수원,2026-01-12,12:11,150000,12,0,teescan,2026-01-02 03:01:56.985000+00:00
신라,2026-01-12,09:55,70000,9,0,golfpang,2026-01-06 00:01:36.724000+00:00
신라,2026-01-12,10:31,60000,10,0,golfpang,2026-01-05 02:01:34.815000+00:00
신라,2026-01-12,10:37,80000,10,0,golfpang,2026-01-06 00:01:36.724000+00:00
신라,2026-01-12,11:26,80000,11,0,golfpang,2026-01-06 05:01:23.072000+00:00
신라,2026-01-12,11:54,70000,11,0,teescan,2026-01-04 00:31:37.439000+00:00
써닝포인트,2026-01-12,10:05,75000,10,0,teescan,2025-12-30 01:02:12.641000+00:00
써닝포인트,2026-01-12,10:12,75000,10,0,teescan,2025-12-30 01:02:12.641000+00:00
써닝포인트,2026-01-12,10:19,75000,10,0,teescan,2025-12-30 01:02:12.641000+00:00
써닝포인트,2026-01-12,10:26,75000,10,0,teescan,2025-12-30 01:02:12.641000+00:00
써닝포인트,2026-01-12,10:33,75000,10,0,teescan,2025-12-30 01:02:12.641000+00:00
써닝포인트,2026-01-12,10:40,75000,10,0,teescan,2025-12-30 01:02:12.641000+00:00
써닝포인트,2026-01-12,10:47,75000,10,0,teescan,2025-12-30 01:02:12.641000+00:00
써닝포인트,2026-01-12,10:54,75000,10,0,teescan,2025-12-30 01:02:12.641000+00:00
써닝포인트,2026-01-12,11:01,75000,11,0,teescan,2025-12-30 01:02:12.641000+00:00
써닝포인트,2026-01-12,11:08,75000,11,0,teescan,2025-12-30 01:02:12.641000+00:00
써닝포인트,2026-01-12,11:15,75000,11,0,teescan,2025-12-30 01:02:12.641000+00:00
써닝포인트,2026-01-12,11:22,75000,11,0,teescan,2025-12-30 01:02:12.641000+00:00
써닝포인트,2026-01-12,11:29,75000,11,0,teescan,2025-12-30 01:02:12.641000+00:00
써닝포인트,2026-01-12,11:36,75000,11,0,teescan,2025-12-30 01:02:12.641000+00:00
써닝포인트,2026-01-12,11:43,75000,11,0,teescan,2025-12-30 01:02:12.641000+00:00
써닝포인트,2026-01-12,11:50,75000,11,0,teescan,2025-12-30 01:02:12.641000+00:00
써닝포인트,2026-01-12,11:57,75000,11,0,teescan,2025-12-30 01:02:12.641000+00:00
써닝포인트,2026-01-12,12:04,75000,12,0,teescan,2025-12-30 01:02:12.641000+00:00
써닝포인트,2026-01-12,12:11,75000,12,0,teescan,2025-12-30 01:02:12.641000+00:00
써닝포인트,2026-01-12,12:18,75000,12,0,teescan,2025-12-30 01:02:12.641000+00:00
양지파인,2026-01-12,09:30,55000,9,0,teescan,2025-12-30 00:01:51.839000+00:00
양지파인,2026-01-12,09:37,55000,9,0,teescan,2025-12-30 00:01:51.839000+00:00
양지파인,2026-01-12,09:44,55000,9,0,teescan,2025-12-30 00:01:51.839000+00:00
양지파인,2026-01-12,09:51,55000,9,0,teescan,2025-12-30 00:01:51.839000+00:00
양지파인,2026-01-12,09:58,55000,9,0,teescan,2025-12-30 00:01:51.839000+00:00
양지파인,2026-01-12,10:05,55000,10,0,teescan,2025-12-30 00:01:51.839000+00:00
양지파인,2026-01-12,10:12,55000,10,0,teescan,2025-12-30 00:01:51.839000+00:00
양지파인,2026-01-12,10:19,55000,10,0,teescan,2025-12-30 00:01:51.839000+00:00
양지파인,2026-01-12,10:26,55000,10,0,teescan,2025-12-30 00:01:51.839000+00:00
양지파인,2026-01-12,10:33,75000,10,0,teescan,2025-12-30 00:01:51.839000+00:00
양지파인,2026-01-12,10:40,75000,10,0,teescan,2025-12-30 00:01:51.839000+00:00
양지파인,2026-01-12,10:47,75000,10,0,teescan,2025-12-30 00:01:51.839000+00:00
양지파인,2026-01-12,10:54,75000,10,0,teescan,2025-12-30 00:01:51.839000+00:00
양지파인,2026-01-12,11:01,75000,11,0,teescan,2025-12-30 00:01:51.839000+00:00
양지파인,2026-01-12,11:08,75000,11,0,teescan,2025-12-30 00:01:51.839000+00:00
양지파인,2026-01-12,11:15,75000,11,0,teescan,2025-12-30 00:01:51.839000+00:00
양지파인,2026-01-12,11:22,75000,11,0,teescan,2025-12-30 00:01:51.839000+00:00
양지파인,2026-01-12,11:29,75000,11,0,teescan,2025-12-30 00:01:51.839000+00:00
양지파인,2026-01-12,11:36,65000,11,0,teescan,2025-12-30 00:01:51.839000+00:00
양지파인,2026-01-12,11:43,65000,11,0,teescan,2025-12-30 00:01:51.839000+00:00
양지파인,2026-01-12,11:50,65000,11,0,teescan,2025-12-30 00:01:51.839000+00:00
올데이,2026-01-12,10:00,40000,10,0,teescan,2025-12-30 00:01:51.839000+00:00
올데이,2026-01-12,10:07,40000,10,0,teescan,2025-12-30 00:01:52.436000+00:00
올데이,2026-01-12,10:35,45000,10,0,teescan,2025-12-30 00:01:52.436000+00:00
올데이,2026-01-12,10:42,45000,10,0,teescan,2025-12-30 00:01:52.436000+00:00
올데이,2026-01-12,11:03,45000,11,0,teescan,2025-12-30 00:01:52.436000+00:00
올데이,2026-01-12,11:10,45000,11,0,teescan,2025-12-30 00:01:51.839000+00:00
올데이,2026-01-12,11:31,40000,11,0,teescan,2025-12-30 00:01:51.839000+00:00
올데이,2026-01-12,11:38,40000,11,0,teescan,2025-12-30 00:01:52.436000+00:00
올데이,2026-01-12,11:59,40000,11,0,teescan,2025-12-30 00:01:52.436000+00:00
올데이,2026-01-12,12:06,40000,12,0,teescan,2025-12-30 00:01:51.839000+00:00
은화삼,2026-01-12,09:30,100000,9,0,teescan,2025-12-30 00:01:51.839000+00:00
은화삼,2026-01-12,09:51,100000,9,0,teescan,2025-12-30 00:01:51.839000+00:00
은화삼,2026-01-12,10:12,100000,10,0,teescan,2025-12-30 00:01:51.839000+00:00
은화삼,2026-01-12,10:33,100000,10,0,teescan,2025-12-30 00:01:51.839000+00:00
은화삼,2026-01-12,10:54,100000,10,0,teescan,2025-12-30 00:01:51.839000+00:00
은화삼,2026-01-12,11:15,100000,11,0,teescan,2026-01-06 00:01:36.724000+00:00
은화삼,2026-01-12,11:36,100000,11,0,teescan,2025-12-30 00:01:51.839000+00:00
은화삼,2026-01-12,11:57,100000,11,0,teescan,2025-12-30 00:01:51.839000+00:00
이글몬트,2026-01-12,09:30,90000,9,0,teescan,2025-12-30 00:01:51.839000+00:00
이글몬트,2026-01-12,09:37,90000,9,0,teescan,2025-12-30 00:01:51.839000+00:00
이글몬트,2026-01-12,09:44,90000,9,0,teescan,2025-12-30 00:01:51.839000+00:00
이글몬트,2026-01-12,09:51,90000,9,0,teescan,2025-12-30 00:01:51.839000+00:00
이글몬트,2026-01-12,09:58,90000,9,0,teescan,2025-12-30 00:01:51.839000+00:00
이글몬트,2026-01-12,10:05,90000,10,0,teescan,2025-12-30 00:01:51.839000+00:00
이글몬트,2026-01-12,10:12,90000,10,0,teescan,2025-12-30 00:01:51.839000+00:00
이글몬트,2026-01-12,10:19,90000,10,0,teescan,2025-12-30 00:01:51.839000+00:00
이글몬트,2026-01-12,10:26,90000,10,0,teescan,2025-12-30 00:01:51.839000+00:00
이글몬트,2026-01-12,10:33,90000,10,0,teescan,2025-12-30 00:01:51.839000+00:00
이글몬트,2026-01-12,10:40,90000,10,0,teescan,2025-12-30 00:01:51.839000+00:00
이글몬트,2026-01-12,10:47,90000,10,0,teescan,2025-12-30 00:01:51.839000+00:00
이글몬트,2026-01-12,10:54,90000,10,0,teescan,2025-12-30 00:01:51.839000+00:00
이글몬트,2026-01-12,11:01,90000,11,0,teescan,2025-12-30 00:01:51.839000+00:00
이글몬트,2026-01-12,11:08,90000,11,0,teescan,2025-12-30 00:01:51.839000+00:00
이글몬트,2026-01-12,11:15,90000,11,0,teescan,2025-12-30 00:01:51.839000+00:00
이글몬트,2026-01-12,11:22,90000,11,0,teescan,2025-12-30 00:01:51.839000+00:00
이글몬트,2026-01-12,11:29,90000,11,0,teescan,2025-12-30 00:01:51.839000+00:00
이글몬트,2026-01-12,11:36,90000,11,0,teescan,2025-12-30 00:01:51.839000+00:00
이글몬트,2026-01-12,11:43,90000,11,0,teescan,2025-12-30 00:01:51.839000+00:00
이글몬트,2026-01-12,11:50,90000,11,0,teescan,2025-12-30 00:01:51.839000+00:00
일레븐,2026-01-12,09:37,35000,9,0,teescan,2026-01-05 03:31:36.396000+00:00
일레븐,2026-01-12,09:44,35000,9,0,teescan,2026-01-05 03:31:36.396000+00:00
일레븐,2026-01-12,09:51,35000,9,0,teescan,2026-01-02 02:02:01.361000+00:00
일레븐,2026-01-12,09:58,35000,9,0,teescan,2026-01-02 02:02:01.361000+00:00
일레븐,2026-01-12,10:05,35000,10,0,teescan,2026-01-02 02:02:01.361000+00:00
일레븐,2026-01-12,10:12,35000,10,0,teescan,2026-01-02 02:02:01.361000+00:00
일레븐,2026-01-12,10:19,35000,10,0,teescan,2026-01-02 02:02:01.361000+00:00
일레븐,2026-01-12,10:26,35000,10,0,teescan,2026-01-02 02:02:01.361000+00:00
일레븐,2026-01-12,10:33,35000,10,0,teescan,2026-01-02 02:02:01.361000+00:00
일레븐,2026-01-12,10:40,35000,10,0,teescan,2026-01-02 02:02:01.361000+00:00
일레븐,2026-01-12,10:47,35000,10,0,teescan,2026-01-02 02:02:01.361000+00:00
일레븐,2026-01-12,10:54,35000,10,0,teescan,2026-01-02 02:02:01.361000+00:00
일레븐,2026-01-12,11:01,35000,11,0,teescan,2026-01-02 02:02:01.361000+00:00
일레븐,2026-01-12,11:08,35000,11,0,teescan,2026-01-02 02:02:01.361000+00:00
일레븐,2026-01-12,11:15,35000,11,0,teescan,2026-01-02 02:02:01.361000+00:00
일레븐,2026-01-12,11:22,35000,11,0,teescan,2026-01-02 02:02:01.361000+00:00
일레븐,2026-01-12,11:29,35000,11,0,teescan,2026-01-02 02:02:01.361000+00:00
일레븐,2026-01-12,11:36,35000,11,0,teescan,2026-01-02 02:02:01.361000+00:00
일레븐,2026-01-12,11:43,35000,11,0,teescan,2026-01-02 02:02:01.361000+00:00
일레븐,2026-01-12,11:50,35000,11,0,teescan,2026-01-02 02:02:01.361000+00:00
일레븐,2026-01-12,11:57,35000,11,0,teescan,2026-01-02 02:02:01.361000+00:00
일레븐,2026-01-12,12:04,35000,12,0,teescan,2026-01-02 02:02:01.361000+00:00
일레븐,2026-01-12,12:11,40000,12,0,golfpang,2026-01-06 05:01:23.072000+00:00
진양밸리,2026-01-12,09:30,60000,9,0,teescan,2025-12-30 00:01:52.436000+00:00
진양밸리,2026-01-12,09:37,60000,9,0,teescan,2025-12-30 00:01:52.436000+00:00
진양밸리,2026-01-12,09:44,60000,9,0,teescan,2025-12-30 00:01:52.436000+00:00
진양밸리,2026-01-12,09:51,60000,9,0,teescan,2025-12-30 00:01:52.436000+00:00
진양밸리,2026-01-12,09:58,60000,9,0,teescan,2025-12-30 00:01:52.436000+00:00
진양밸리,2026-01-12,10:05,60000,10,0,teescan,2025-12-30 00:01:52.436000+00:00
진양밸리,2026-01-12,10:12,60000,10,0,teescan,2025-12-30 00:01:52.436000+00:00
진양밸리,2026-01-12,10:19,60000,10,0,teescan,2025-12-30 00:01:52.436000+00:00
진양밸리,2026-01-12,10:26,60000,10,0,teescan,2025-12-30 00:01:52.436000+00:00
진양밸리,2026-01-12,10:33,60000,10,0,teescan,2025-12-30 00:01:52.436000+00:00
진양밸리,2026-01-12,10:40,60000,10,0,teescan,2025-12-30 00:01:52.436000+00:00
진양밸리,2026-01-12,10:47,60000,10,0,teescan,2025-12-30 00:01:52.436000+00:00
진양밸리,2026-01-12,10:54,60000,10,0,teescan,2025-12-30 00:01:52.436000+00:00
진양밸리,2026-01-12,11:01,60000,11,0,teescan,2025-12-30 00:01:52.436000+00:00
진양밸리,2026-01-12,11:08,60000,11,0,teescan,2025-12-30 00:01:52.436000+00:00
진양밸리,2026-01-12,11:15,60000,11,0,teescan,2025-12-30 00:01:52.436000+00:00
진양밸리,2026-01-12,11:22,60000,11,0,teescan,2025-12-30 00:01:52.436000+00:00
진양밸리,2026-01-12,11:29,60000,11,0,teescan,2025-12-30 00:01:52.436000+00:00
진양밸리,2026-01-12,11:36,60000,11,0,teescan,2025-12-30 00:01:52.436000+00:00
진양밸리,2026-01-12,11:43,60000,11,0,teescan,2025-12-30 00:01:52.436000+00:00
진양밸리,2026-01-12,11:50,60000,11,0,teescan,2025-12-30 00:01:52.436000+00:00
코리아,2026-01-12,09:30,150000,9,0,teescan,2025-12-30 00:01:51.839000+00:00
코리아,2026-01-12,09:37,150000,9,0,teescan,2025-12-30 00:01:51.839000+00:00
코리아,2026-01-12,09:44,109000,9,0,golfpang,2026-01-05 10:31:46.666000+00:00
코리아,2026-01-12,09:58,99000,9,0,golfpang,2026-01-06 04:31:35.910000+00:00
코리아,2026-01-12,10:05,150000,10,0,teescan,2025-12-30 00:01:51.839000+00:00
코리아,2026-01-12,10:19,109000,10,0,golfpang,2026-01-05 10:31:46.666000+00:00
코리아,2026-01-12,10:26,99000,10,0,golfpang,2026-01-06 04:31:35.910000+00:00
코리아,2026-01-12,10:40,150000,10,0,teescan,2025-12-30 00:01:51.839000+00:00
코리아,2026-01-12,11:08,150000,11,0,teescan,2025-12-30 00:01:51.839000+00:00
코리아,2026-01-12,11:15,109000,11,0,golfpang,2026-01-05 10:31:46.666000+00:00
코리아,2026-01-12,11:22,150000,11,0,teescan,2025-12-30 00:01:51.839000+00:00
코리아,2026-01-12,11:29,150000,11,0,teescan,2025-12-30 00:01:51.839000+00:00
코리아,2026-01-12,11:36,150000,11,0,teescan,2026-01-05 06:01:49.640000+00:00
포웰,2026-01-12,09:56,50000,9,0,golfpang,2026-01-06 04:31:35.910000+00:00
포웰,2026-01-12,10:31,60000,10,0,golfpang,2026-01-06 05:01:23.072000+00:00
포웰,2026-01-12,11:13,70000,11,0,golfpang,2026-01-06 04:31:35.910000+00:00
포웰,2026-01-12,14:26,60000,14,0,golfpang,2026-01-06 03:31:29.184000+00:00
포웰,2026-01-12,15:01,60000,15,0,golfpang,2026-01-06 05:01:23.072000+00:00
플라자용인,2026-01-12,09:27,100000,9,0,teescan,2025-12-31 06:02:10.049000+00:00
플라자용인,2026-01-12,09:28,100000,9,0,teescan,2025-12-31 06:02:10.049000+00:00
플라자용인,2026-01-12,09:29,100000,9,0,teescan,2025-12-31 06:02:10.049000+00:00
플라자용인,2026-01-12,09:30,100000,9,0,teescan,2025-12-31 06:02:10.049000+00:00
플라자용인,2026-01-12,09:34,100000,9,0,teescan,2025-12-31 06:02:10.049000+00:00
플라자용인,2026-01-12,09:35,100000,9,0,teescan,2025-12-31 06:02:10.049000+00:00
플라자용인,2026-01-12,09:36,100000,9,0,teescan,2025-12-31 06:02:10.049000+00:00
플라자용인,2026-01-12,09:37,100000,9,0,teescan,2025-12-31 06:02:10.049000+00:00
플라자용인,2026-01-12,09:41,100000,9,0,teescan,2025-12-31 06:02:10.049000+00:00
플라자용인,2026-01-12,09:42,100000,9,0,teescan,2025-12-31 06:02:10.049000+00:00
플라자용인,2026-01-12,09:43,100000,9,0,teescan,2025-12-31 06:02:10.049000+00:00
플라자용인,2026-01-12,09:44,100000,9,0,teescan,2025-12-31 06:02:10.049000+00:00
플라자용인,2026-01-12,09:48,100000,9,0,teescan,2025-12-31 06:02:10.049000+00:00
플라자용인,2026-01-12,09:49,100000,9,0,teescan,2025-12-31 06:02:10.049000+00:00
플라자용인,2026-01-12,09:50,100000,9,0,teescan,2025-12-31 06:02:10.049000+00:00
플라자용인,2026-01-12,09:51,100000,9,0,teescan,2025-12-31 06:02:10.049000+00:00
플라자용인,2026-01-12,09:55,100000,9,0,teescan,2025-12-31 06:02:10.049000+00:00
플라자용인,2026-01-12,09:56,100000,9,0,teescan,2025-12-31 06:02:10.049000+00:00
플라자용인,2026-01-12,09:57,100000,9,0,teescan,2025-12-31 06:02:10.049000+00:00
플라자용인,2026-01-12,09:58,100000,9,0,teescan,2025-12-31 06:02:10.049000+00:00
플라자용인,2026-01-12,10:02,100000,10,0,teescan,2025-12-31 06:02:10.049000+00:00
플라자용인,2026-01-12,10:03,100000,10,0,teescan,2025-12-31 06:02:10.049000+00:00
플라자용인,2026-01-12,10:04,100000,10,0,teescan,2025-12-31 06:02:10.049000+00:00
플라자용인,2026-01-12,10:05,100000,10,0,teescan,2025-12-31 06:02:10.049000+00:00
플라자용인,2026-01-12,10:09,100000,10,0,teescan,2025-12-31 06:02:10.049000+00:00
플라자용인,2026-01-12,10:10,100000,10,0,teescan,2025-12-31 06:02:10.049000+00:00
플라자용인,2026-01-12,10:11,100000,10,0,teescan,2025-12-31 06:02:10.049000+00:00
플라자용인,2026-01-12,10:12,100000,10,0,teescan,2026-01-04 14:01:39.760000+00:00
플라자용인,2026-01-12,10:16,100000,10,0,teescan,2025-12-31 06:02:10.049000+00:00
플라자용인,2026-01-12,10:18,100000,10,0,teescan,2025-12-31 06:02:10.049000+00:00
플라자용인,2026-01-12,10:19,100000,10,0,teescan,2025-12-31 06:02:10.049000+00:00
플라자용인,2026-01-12,10:23,100000,10,0,teescan,2025-12-31 06:02:10.049000+00:00
플라자용인,2026-01-12,10:25,100000,10,0,teescan,2025-12-31 06:02:10.049000+00:00
플라자용인,2026-01-12,10:30,100000,10,0,teescan,2025-12-31 06:02:10.049000+00:00
플라자용인,2026-01-12,10:31,100000,10,0,teescan,2025-12-31 06:02:10.049000+00:00
플라자용인,2026-01-12,10:32,100000,10,0,teescan,2025-12-31 06:02:10.049000+00:00
플라자용인,2026-01-12,10:33,100000,10,0,teescan,2025-12-31 06:02:10.049000+00:00
플라자용인,2026-01-12,10:37,100000,10,0,teescan,2025-12-31 06:02:10.049000+00:00
플라자용인,2026-01-12,10:38,100000,10,0,teescan,2025-12-31 06:02:10.049000+00:00
플라자용인,2026-01-12,10:39,100000,10,0,teescan,2025-12-31 06:02:10.049000+00:00
플라자용인,2026-01-12,10:40,100000,10,0,teescan,2025-12-31 06:02:10.049000+00:00
플라자용인,2026-01-12,10:44,100000,10,0,teescan,2025-12-31 06:02:10.049000+00:00
플라자용인,2026-01-12,10:45,100000,10,0,teescan,2025-12-31 06:02:10.049000+00:00
플라자용인,2026-01-12,10:46,100000,10,0,teescan,2026-01-06 02:31:33.887000+00:00
플라자용인,2026-01-12,10:47,100000,10,0,teescan,2025-12-31 06:02:10.049000+00:00
플라자용인,2026-01-12,10:51,100000,10,0,teescan,2025-12-31 06:02:10.049000+00:00
플라자용인,2026-01-12,10:52,100000,10,0,teescan,2025-12-31 06:02:10.049000+00:00
플라자용인,2026-01-12,10:53,100000,10,0,teescan,2026-01-06 02:31:33.887000+00:00
플라자용인,2026-01-12,10:54,100000,10,0,teescan,2025-12-31 06:02:10.049000+00:00
플라자용인,2026-01-12,10:58,100000,10,0,teescan,2025-12-31 06:02:10.049000+00:00
플라자용인,2026-01-12,10:59,100000,10,0,teescan,2025-12-31 06:02:10.049000+00:00
플라자용인,2026-01-12,11:00,100000,11,0,teescan,2025-12-31 06:02:10.049000+00:00
플라자용인,2026-01-12,11:01,100000,11,0,teescan,2025-12-31 06:02:10.049000+00:00
플라자용인,2026-01-12,11:05,100000,11,0,teescan,2025-12-31 06:02:10.049000+00:00
플라자용인,2026-01-12,11:06,100000,11,0,teescan,2025-12-31 06:02:10.049000+00:00
플라자용인,2026-01-12,11:07,100000,11,0,teescan,2025-12-31 06:02:10.049000+00:00
플라자용인,2026-01-12,11:08,100000,11,0,teescan,2025-12-31 06:02:10.049000+00:00
플라자용인,2026-01-12,11:12,100000,11,0,teescan,2025-12-31 06:02:10.049000+00:00
플라자용인,2026-01-12,11:13,100000,11,0,teescan,2025-12-31 06:02:10.049000+00:00
플라자용인,2026-01-12,11:14,100000,11,0,teescan,2025-12-31 06:02:10.049000+00:00
플라자용인,2026-01-12,11:15,100000,11,0,teescan,2025-12-31 06:02:10.049000+00:00
플라자용인,2026-01-12,11:19,100000,11,0,teescan,2025-12-31 06:02:10.049000+00:00
플라자용인,2026-01-12,11:20,100000,11,0,teescan,2025-12-31 06:02:10.049000+00:00
플라자용인,2026-01-12,11:21,100000,11,0,teescan,2025-12-31 06:02:10.049000+00:00
플라자용인,2026-01-12,11:22,100000,11,0,teescan,2025-12-31 06:02:10.049000+00:00
플라자용인,2026-01-12,11:26,100000,11,0,teescan,2025-12-31 06:02:10.049000+00:00
플라자용인,2026-01-12,11:27,100000,11,0,teescan,2025-12-31 06:02:10.049000+00:00
플라자용인,2026-01-12,11:28,100000,11,0,teescan,2025-12-31 06:02:10.049000+00:00
플라자용인,2026-01-12,11:29,100000,11,0,teescan,2025-12-31 06:02:10.049000+00:00
플라자용인,2026-01-12,11:33,100000,11,0,teescan,2025-12-31 06:02:10.049000+00:00
플라자용인,2026-01-12,11:34,100000,11,0,teescan,2025-12-31 06:02:10.049000+00:00
플라자용인,2026-01-12,11:35,100000,11,0,teescan,2025-12-31 06:02:10.049000+00:00
플라자용인,2026-01-12,11:36,100000,11,0,teescan,2025-12-31 06:02:10.049000+00:00
플라자용인,2026-01-12,11:40,100000,11,0,teescan,2025-12-31 06:02:10.049000+00:00
플라자용인,2026-01-12,11:41,100000,11,0,teescan,2025-12-31 06:02:10.049000+00:00
플라자용인,2026-01-12,11:42,100000,11,0,teescan,2025-12-31 06:02:10.049000+00:00
플라자용인,2026-01-12,11:43,100000,11,0,teescan,2025-12-31 06:02:10.049000+00:00
한림용인,2026-01-12,09:30,100000,9,0,teescan,2025-12-30 00:01:51.839000+00:00
한림용인,2026-01-12,09:37,100000,9,0,teescan,2025-12-30 00:01:51.839000+00:00
한림용인,2026-01-12,09:44,100000,9,0,teescan,2025-12-30 00:01:51.839000+00:00
한림용인,2026-01-12,09:51,100000,9,0,teescan,2025-12-30 00:01:51.839000+00:00
한림용인,2026-01-12,09:58,100000,9,0,teescan,2025-12-30 00:01:51.839000+00:00
한림용인,2026-01-12,10:05,110000,10,0,teescan,2025-12-30 00:01:51.839000+00:00
한림용인,2026-01-12,10:12,110000,10,0,teescan,2025-12-30 00:01:51.839000+00:00
한림용인,2026-01-12,10:19,110000,10,0,teescan,2025-12-30 00:01:51.839000+00:00
한림용인,2026-01-12,10:26,110000,10,0,teescan,2025-12-30 00:01:51.839000+00:00
한림용인,2026-01-12,10:33,110000,10,0,teescan,2025-12-30 00:01:51.839000+00:00
한림용인,2026-01-12,10:40,110000,10,0,teescan,2025-12-30 00:01:51.839000+00:00
한림용인,2026-01-12,10:47,110000,10,0,teescan,2025-12-30 00:01:51.839000+00:00
한림용인,2026-01-12,10:54,110000,10,0,teescan,2025-12-30 00:01:51.839000+00:00
한림용인,2026-01-12,11:01,110000,11,0,teescan,2025-12-30 00:01:51.839000+00:00
한림용인,2026-01-12,11:08,110000,11,0,teescan,2025-12-30 00:01:51.839000+00:00
한림용인,2026-01-12,11:15,110000,11,0,teescan,2025-12-30 00:01:51.839000+00:00
한림용인,2026-01-12,11:22,110000,11,0,teescan,2025-12-30 00:01:51.839000+00:00
한림용인,2026-01-12,11:29,110000,11,0,teescan,2025-12-30 00:01:51.839000+00:00
한림용인,2026-01-12,11:36,110000,11,0,teescan,2025-12-30 00:01:51.839000+00:00
한림용인,2026-01-12,11:43,110000,11,0,teescan,2025-12-30 00:01:51.839000+00:00
한림용인,2026-01-12,11:50,110000,11,0,teescan,2025-12-30 00:01:51.839000+00:00
한림용인,2026-01-12,11:57,110000,11,0,teescan,2025-12-30 00:01:51.839000+00:00
한원,2026-01-12,09:35,99000,9,0,teescan,2025-12-30 00:01:51.839000+00:00
한원,2026-01-12,09:42,99000,9,0,teescan,2025-12-30 00:01:51.839000+00:00
한원,2026-01-12,09:49,99000,9,0,teescan,2025-12-30 00:01:51.839000+00:00
한원,2026-01-12,09:56,99000,9,0,teescan,2025-12-30 00:01:51.839000+00:00
한원,2026-01-12,10:10,99000,10,0,teescan,2025-12-30 05:02:13.812000+00:00
한원,2026-01-12,10:17,99000,10,0,teescan,2025-12-30 00:01:51.839000+00:00
한원,2026-01-12,10:24,99000,10,0,teescan,2025-12-30 00:01:51.839000+00:00
한원,2026-01-12,10:38,99000,10,0,teescan,2025-12-30 00:01:51.839000+00:00
한원,2026-01-12,10:45,99000,10,0,teescan,2025-12-30 00:01:51.839000+00:00
한원,2026-01-12,10:52,99000,10,0,teescan,2025-12-30 00:01:51.839000+00:00
한원,2026-01-12,10:59,99000,10,0,teescan,2025-12-30 00:01:51.839000+00:00
한원,2026-01-12,11:20,99000,11,0,teescan,2025-12-30 00:01:51.839000+00:00
한원,2026-01-12,11:27,99000,11,0,teescan,2025-12-30 00:01:51.839000+00:00
한원,2026-01-12,11:34,99000,11,0,teescan,2025-12-30 00:01:51.839000+00:00
한원,2026-01-12,11:41,99000,11,0,teescan,2025-12-30 00:01:51.839000+00:00
해솔리아,2026-01-12,09:00,130000,9,0,teescan,2025-12-30 00:01:51.839000+00:00
해솔리아,2026-01-12,09:07,130000,9,0,teescan,2025-12-30 00:01:51.839000+00:00
해솔리아,2026-01-12,09:14,130000,9,0,teescan,2025-12-30 00:01:51.839000+00:00
해솔리아,2026-01-12,09:21,130000,9,0,teescan,2025-12-30 00:01:51.839000+00:00
해솔리아,2026-01-12,09:28,130000,9,0,teescan,2025-12-30 00:01:51.839000+00:00
해솔리아,2026-01-12,09:35,130000,9,0,teescan,2025-12-30 00:01:51.839000+00:00
해솔리아,2026-01-12,09:42,130000,9,0,teescan,2025-12-30 00:01:51.839000+00:00
해솔리아,2026-01-12,09:49,130000,9,0,teescan,2025-12-30 00:01:51.839000+00:00
해솔리아,2026-01-12,09:56,130000,9,0,teescan,2025-12-30 00:01:51.839000+00:00
해솔리아,2026-01-12,10:03,130000,10,0,teescan,2025-12-30 00:01:51.839000+00:00
해솔리아,2026-01-12,10:10,130000,10,0,teescan,2025-12-30 00:01:51.839000+00:00
해솔리아,2026-01-12,10:17,130000,10,0,teescan,2025-12-30 00:01:51.839000+00:00
해솔리아,2026-01-12,10:24,130000,10,0,teescan,2025-12-30 00:01:51.839000+00:00
해솔리아,2026-01-12,10:31,130000,10,0,teescan,2025-12-30 00:01:51.839000+00:00
해솔리아,2026-01-12,10:38,130000,10,0,teescan,2025-12-30 00:01:51.839000+00:00
해솔리아,2026-01-12,10:45,130000,10,0,teescan,2025-12-30 00:01:51.839000+00:00
해솔리아,2026-01-12,10:52,130000,10,0,teescan,2025-12-30 00:01:51.839000+00:00
해솔리아,2026-01-12,10:59,130000,10,0,teescan,2025-12-30 00:01:51.839000+00:00
해솔리아,2026-01-12,11:06,130000,11,0,teescan,2025-12-30 00:01:51.839000+00:00
해솔리아,2026-01-12,11:13,130000,11,0,teescan,2025-12-30 00:01:51.839000+00:00
해솔리아,2026-01-12,11:20,130000,11,0,teescan,2025-12-30 00:01:51.839000+00:00
해솔리아,2026-01-12,11:27,130000,11,0,teescan,2025-12-30 00:01:51.839000+00:00
화성상록,2026-01-12,09:58,100000,9,0,teescan,2026-01-05 04:31:42.090000+00:00
화성상록,2026-01-12,10:12,100000,10,0,teescan,2026-01-05 04:31:42.090000+00:00
화성상록,2026-01-12,10:33,100000,10,0,teescan,2026-01-05 04:31:42.090000+00:00
화성상록,2026-01-12,10:54,100000,10,0,teescan,2026-01-05 04:31:42.090000+00:00
화성상록,2026-01-12,11:01,100000,11,0,teescan,2026-01-05 04:31:42.090000+00:00
히든밸리,2026-01-12,09:44,50000,9,0,teescan,2025-12-30 00:01:51.839000+00:00
히든밸리,2026-01-12,09:51,50000,9,0,teescan,2025-12-30 00:01:51.839000+00:00
히든밸리,2026-01-12,09:58,50000,9,0,teescan,2025-12-30 00:01:51.839000+00:00
히든밸리,2026-01-12,10:05,50000,10,0,teescan,2025-12-30 00:01:51.839000+00:00
히든밸리,2026-01-12,10:12,50000,10,0,teescan,2025-12-30 00:01:51.839000+00:00
히든밸리,2026-01-12,10:19,50000,10,0,teescan,2025-12-30 00:01:51.839000+00:00
히든밸리,2026-01-12,10:33,50000,10,0,teescan,2025-12-30 00:01:51.839000+00:00
히든밸리,2026-01-12,10:40,50000,10,0,teescan,2025-12-30 00:01:51.839000+00:00
히든밸리,2026-01-12,10:47,50000,10,0,teescan,2025-12-30 00:01:51.839000+00:00
히든밸리,2026-01-12,10:54,50000,10,0,teescan,2025-12-30 00:01:51.839000+00:00
히든밸리,2026-01-12,11:01,50000,11,0,teescan,2025-12-30 00:01:51.839000+00:00
히든밸리,2026-01-12,11:08,50000,11,0,teescan,2025-12-30 00:01:51.839000+00:00
히든밸리,2026-01-12,11:15,50000,11,0,teescan,2025-12-30 00:01:51.839000+00:00
히든밸리,2026-01-12,11:22,50000,11,0,teescan,2025-12-30 00:01:51.839000+00:00
히든밸리,2026-01-12,11:29,50000,11,0,teescan,2025-12-30 00:01:51.839000+00:00
히든밸리,2026-01-12,11:36,50000,11,0,teescan,2025-12-30 00:01:51.839000+00:00
히든밸리,2026-01-12,11:43,50000,11,0,teescan,2025-12-30 00:01:51.839000+00:00
히든밸리,2026-01-12,11:50,50000,11,0,teescan,2025-12-30 00:01:51.839000+00:00
히든밸리,2026-01-12,11:57,50000,11,0,teescan,2025-12-30 00:01:51.839000+00:00
히든밸리,2026-01-12,12:04,50000,12,0,teescan,2025-12-30 00:01:51.839000+00:00
히든밸리,2026-01-12,12:11,50000,12,0,teescan,2025-12-30 00:01:51.839000+00:00
히든밸리,2026-01-12,12:18,50000,12,0,teescan,2025-12-30 00:01:51.839000+00:00
힐데스,2026-01-12,09:37,35000,9,0,teescan,2026-01-05 07:01:48.859000+00:00
힐데스,2026-01-12,09:44,35000,9,0,teescan,2026-01-05 07:01:48.859000+00:00
힐데스,2026-01-12,09:52,35000,9,0,teescan,2026-01-05 07:01:48.859000+00:00
힐데스,2026-01-12,10:00,35000,10,0,golfpang,2026-01-06 03:31:29.184000+00:00
힐데스,2026-01-12,10:07,40000,10,0,teescan,2026-01-01 04:02:07.625000+00:00
힐데스,2026-01-12,10:14,40000,10,0,teescan,2026-01-01 04:02:07.625000+00:00
힐데스,2026-01-12,10:22,40000,10,0,teescan,2026-01-01 04:02:07.625000+00:00
힐데스,2026-01-12,10:29,40000,10,0,teescan,2026-01-01 04:02:07.625000+00:00
힐데스,2026-01-12,10:37,40000,10,0,teescan,2026-01-01 04:02:07.625000+00:00
힐데스,2026-01-12,10:44,40000,10,0,teescan,2026-01-01 04:02:07.625000+00:00
힐데스,2026-01-12,10:52,40000,10,0,teescan,2026-01-01 04:02:07.625000+00:00
힐데스,2026-01-12,10:59,40000,10,0,teescan,2026-01-01 04:02:07.625000+00:00
힐데스,2026-01-12,11:07,40000,11,0,teescan,2026-01-05 07:01:48.859000+00:00
힐데스,2026-01-12,11:14,40000,11,0,teescan,2026-01-01 04:02:07.625000+00:00
힐데스,2026-01-12,11:22,40000,11,0,teescan,2026-01-01 04:02:07.625000+00:00
힐데스,2026-01-12,11:29,40000,11,0,teescan,2026-01-01 04:02:07.625000+00:00
힐데스,2026-01-12,11:37,35000,11,0,teescan,2026-01-05 07:01:48.859000+00:00
힐데스,2026-01-12,11:44,35000,11,0,teescan,2026-01-05 07:01:48.859000+00:00
힐데스,2026-01-12,11:52,35000,11,0,teescan,2026-01-05 07:01:48.859000+00:00
힐데스,2026-01-12,11:59,35000,11,0,teescan,2026-01-05 07:01:48.859000+00:00
감곡,2026-01-13,09:30,56400,9,1,teescan,2025-12-31 00:02:08.230000+00:00
감곡,2026-01-13,09:37,56400,9,1,teescan,2025-12-31 00:02:08.230000+00:00
감곡,2026-01-13,09:44,56400,9,1,teescan,2025-12-31 00:02:08.230000+00:00
감곡,2026-01-13,09:51,56400,9,1,teescan,2025-12-31 00:02:08.230000+00:00
감곡,2026-01-13,09:58,56400,9,1,teescan,2025-12-31 00:02:08.230000+00:00
감곡,2026-01-13,10:05,56400,10,1,teescan,2025-12-31 00:02:08.230000+00:00
감곡,2026-01-13,10:12,56400,10,1,teescan,2025-12-31 00:02:08.230000+00:00
감곡,2026-01-13,10:19,56400,10,1,teescan,2025-12-31 00:02:08.230000+00:00
감곡,2026-01-13,10:26,56400,10,1,teescan,2025-12-31 00:02:08.230000+00:00
감곡,2026-01-13,10:33,56400,10,1,teescan,2025-12-31 00:02:08.230000+00:00
감곡,2026-01-13,10:40,56400,10,1,teescan,2025-12-31 00:02:08.230000+00:00
감곡,2026-01-13,10:47,56400,10,1,teescan,2025-12-31 00:02:08.230000+00:00
감곡,2026-01-13,10:54,56400,10,1,teescan,2025-12-31 00:02:08.230000+00:00
감곡,2026-01-13,11:01,65800,11,1,teescan,2025-12-31 01:32:17.209000+00:00
감곡,2026-01-13,11:08,65800,11,1,teescan,2025-12-31 01:32:17.209000+00:00
감곡,2026-01-13,11:15,65800,11,1,teescan,2025-12-31 01:32:17.209000+00:00
감곡,2026-01-13,11:22,65800,11,1,teescan,2025-12-31 01:32:17.209000+00:00
감곡,2026-01-13,11:29,65800,11,1,teescan,2025-12-31 01:32:17.209000+00:00
감곡,2026-01-13,11:36,65800,11,1,teescan,2025-12-31 01:32:17.209000+00:00
감곡,2026-01-13,11:43,65800,11,1,teescan,2025-12-31 01:32:17.209000+00:00
감곡,2026-01-13,11:50,65800,11,1,teescan,2025-12-31 01:32:17.209000+00:00
골프존화랑,2026-01-13,09:50,40000,9,1,teescan,2026-01-05 01:31:40.212000+00:00
골프존화랑,2026-01-13,09:57,40000,9,1,teescan,2026-01-05 01:31:40.212000+00:00
골프존화랑,2026-01-13,10:04,40000,10,1,teescan,2026-01-05 01:31:40.212000+00:00
골프존화랑,2026-01-13,10:11,40000,10,1,teescan,2026-01-05 01:31:40.212000+00:00
골프존화랑,2026-01-13,10:18,40000,10,1,teescan,2026-01-05 01:31:40.212000+00:00
골프존화랑,2026-01-13,10:32,40000,10,1,teescan,2026-01-05 01:31:40.212000+00:00
골프존화랑,2026-01-13,10:39,40000,10,1,teescan,2026-01-05 01:31:40.212000+00:00
골프존화랑,2026-01-13,10:46,40000,10,1,teescan,2026-01-05 01:31:40.212000+00:00
골프존화랑,2026-01-13,10:53,40000,10,1,teescan,2026-01-05 01:31:40.212000+00:00
골프존화랑,2026-01-13,11:07,40000,11,1,teescan,2026-01-05 01:31:40.212000+00:00
골프존화랑,2026-01-13,11:14,40000,11,1,teescan,2026-01-05 01:31:40.212000+00:00
골프존화랑,2026-01-13,11:21,40000,11,1,teescan,2026-01-05 01:31:40.212000+00:00
골프존화랑,2026-01-13,11:28,40000,11,1,teescan,2026-01-05 01:31:40.212000+00:00
골프존화랑,2026-01-13,11:35,40000,11,1,teescan,2026-01-05 01:31:40.212000+00:00
골프존화랑,2026-01-13,11:49,40000,11,1,teescan,2026-01-05 01:31:40.212000+00:00
골프존화랑,2026-01-13,11:56,40000,11,1,teescan,2026-01-05 01:31:40.212000+00:00
골프존화랑,2026-01-13,12:03,50000,12,1,golfpang,2026-01-06 04:31:46.651000+00:00
골프존화랑,2026-01-13,12:10,40000,12,1,teescan,2026-01-05 01:31:40.212000+00:00
기흥,2026-01-13,10:30,110000,10,1,golfpang,2026-01-06 03:31:34.492000+00:00
기흥,2026-01-13,11:00,110000,11,1,golfpang,2026-01-06 03:31:34.492000+00:00
대영베이스,2026-01-13,09:20,40000,9,1,teescan,2025-12-31 00:02:08.907000+00:00
대영베이스,2026-01-13,09:27,40000,9,1,teescan,2025-12-31 00:02:08.907000+00:00
대영베이스,2026-01-13,09:41,40000,9,1,teescan,2025-12-31 00:02:08.907000+00:00
대영베이스,2026-01-13,09:48,40000,9,1,teescan,2025-12-31 00:02:08.907000+00:00
대영베이스,2026-01-13,09:55,40000,9,1,teescan,2025-12-31 00:02:08.230000+00:00
대영베이스,2026-01-13,10:02,40000,10,1,teescan,2026-01-04 04:01:41.301000+00:00
대영베이스,2026-01-13,10:09,40000,10,1,teescan,2025-12-31 00:02:08.907000+00:00
대영베이스,2026-01-13,10:16,40000,10,1,teescan,2025-12-31 00:02:08.907000+00:00
대영베이스,2026-01-13,10:23,40000,10,1,teescan,2025-12-31 00:02:08.230000+00:00
대영베이스,2026-01-13,10:30,40000,10,1,teescan,2025-12-31 00:02:08.907000+00:00
대영베이스,2026-01-13,10:37,40000,10,1,teescan,2025-12-31 00:02:08.907000+00:00
대영베이스,2026-01-13,10:44,40000,10,1,teescan,2025-12-31 00:02:08.907000+00:00
대영베이스,2026-01-13,10:51,40000,10,1,teescan,2025-12-31 00:02:08.907000+00:00
대영베이스,2026-01-13,10:58,40000,10,1,teescan,2025-12-31 00:02:08.907000+00:00
대영베이스,2026-01-13,11:05,40000,11,1,teescan,2025-12-31 00:02:08.907000+00:00
대영베이스,2026-01-13,11:12,40000,11,1,teescan,2025-12-31 00:02:08.907000+00:00
대영베이스,2026-01-13,11:19,40000,11,1,teescan,2025-12-31 08:02:25.132000+00:00
대영베이스,2026-01-13,11:26,40000,11,1,teescan,2025-12-31 00:02:08.230000+00:00
대영베이스,2026-01-13,11:40,40000,11,1,teescan,2025-12-31 00:02:08.907000+00:00
대영베이스,2026-01-13,11:54,40000,11,1,teescan,2025-12-31 00:02:08.907000+00:00
대영베이스,2026-01-13,12:08,40000,12,1,teescan,2025-12-31 00:02:08.230000+00:00
더크로스비,2026-01-13,10:05,60000,10,1,teescan,2026-01-01 00:02:04.057000+00:00
더크로스비,2026-01-13,10:12,60000,10,1,teescan,2026-01-01 00:02:04.057000+00:00
더크로스비,2026-01-13,10:19,60000,10,1,teescan,2026-01-01 00:02:04.057000+00:00
더크로스비,2026-01-13,10:26,60000,10,1,teescan,2026-01-01 00:02:04.057000+00:00
더크로스비,2026-01-13,10:33,60000,10,1,teescan,2026-01-01 00:02:04.057000+00:00
더크로스비,2026-01-13,10:40,60000,10,1,teescan,2026-01-01 00:02:04.057000+00:00
더크로스비,2026-01-13,10:47,60000,10,1,teescan,2026-01-01 00:02:04.057000+00:00
더크로스비,2026-01-13,10:54,60000,10,1,teescan,2026-01-01 00:02:04.057000+00:00
더크로스비,2026-01-13,11:01,70000,11,1,golfpang,2026-01-06 04:31:46.651000+00:00
더크로스비,2026-01-13,11:08,70000,11,1,teescan,2026-01-04 01:31:47.841000+00:00
더크로스비,2026-01-13,11:15,60000,11,1,teescan,2026-01-01 00:02:04.057000+00:00
더크로스비,2026-01-13,11:22,60000,11,1,teescan,2026-01-01 00:02:04.057000+00:00
더크로스비,2026-01-13,11:36,60000,11,1,teescan,2026-01-01 00:02:04.057000+00:00
더크로스비,2026-01-13,11:43,60000,11,1,teescan,2026-01-01 00:02:04.057000+00:00
더크로스비,2026-01-13,11:50,60000,11,1,teescan,2026-01-01 00:02:04.057000+00:00
더크로스비,2026-01-13,11:57,60000,11,1,teescan,2026-01-01 00:02:04.057000+00:00
더크로스비,2026-01-13,12:04,60000,12,1,teescan,2026-01-01 00:02:04.057000+00:00
더크로스비,2026-01-13,12:11,60000,12,1,teescan,2026-01-01 00:02:04.057000+00:00
동촌,2026-01-13,09:37,55000,9,1,teescan,2026-01-03 15:01:48.439000+00:00
동촌,2026-01-13,09:44,55000,9,1,teescan,2026-01-03 15:01:48.439000+00:00
동촌,2026-01-13,09:51,55000,9,1,teescan,2026-01-03 15:01:48.439000+00:00
동촌,2026-01-13,10:05,60000,10,1,teescan,2026-01-03 15:01:48.439000+00:00
동촌,2026-01-13,10:12,60000,10,1,teescan,2026-01-03 15:01:48.439000+00:00
동촌,2026-01-13,10:40,60000,10,1,teescan,2026-01-03 15:01:48.439000+00:00
동촌,2026-01-13,10:47,55000,10,1,golfpang,2026-01-06 05:01:47.009000+00:00
동촌,2026-01-13,11:22,55000,11,1,golfpang,2026-01-06 05:01:47.009000+00:00
동촌,2026-01-13,11:36,60000,11,1,teescan,2026-01-03 15:01:48.439000+00:00
동촌,2026-01-13,11:43,60000,11,1,teescan,2026-01-03 15:01:48.439000+00:00
동촌,2026-01-13,11:50,60000,11,1,teescan,2026-01-03 15:01:48.439000+00:00
떼제베,2026-01-13,10:00,50000,10,1,teescan,2025-12-31 00:02:08.230000+00:00
떼제베,2026-01-13,10:07,50000,10,1,teescan,2025-12-31 00:02:08.230000+00:00
떼제베,2026-01-13,10:14,50000,10,1,teescan,2025-12-31 00:02:08.230000+00:00
떼제베,2026-01-13,10:42,50000,10,1,teescan,2026-01-03 00:31:50.642000+00:00
떼제베,2026-01-13,10:49,50000,10,1,teescan,2025-12-31 00:02:08.230000+00:00
떼제베,2026-01-13,10:56,50000,10,1,teescan,2025-12-31 00:02:08.230000+00:00
떼제베,2026-01-13,11:03,50000,11,1,teescan,2025-12-31 00:02:08.230000+00:00
떼제베,2026-01-13,11:24,50000,11,1,teescan,2025-12-31 00:02:08.230000+00:00
떼제베,2026-01-13,11:31,50000,11,1,teescan,2025-12-31 00:02:08.230000+00:00
떼제베,2026-01-13,11:38,50000,11,1,teescan,2026-01-03 00:31:50.642000+00:00
떼제베,2026-01-13,11:45,50000,11,1,teescan,2025-12-31 00:02:08.230000+00:00
떼제베,2026-01-13,12:06,50000,12,1,teescan,2025-12-31 00:02:08.230000+00:00
떼제베,2026-01-13,12:13,50000,12,1,teescan,2025-12-31 00:02:08.230000+00:00
떼제베,2026-01-13,12:20,50000,12,1,teescan,2025-12-31 00:02:08.230000+00:00
레싸,2026-01-13,09:51,120000,9,1,teescan,2025-12-31 00:02:08.230000+00:00
레싸,2026-01-13,09:58,120000,9,1,teescan,2025-12-31 00:02:08.230000+00:00
레싸,2026-01-13,10:05,140000,10,1,teescan,2025-12-31 00:02:08.230000+00:00
레싸,2026-01-13,10:12,120000,10,1,teescan,2025-12-31 00:02:08.230000+00:00
레싸,2026-01-13,10:26,140000,10,1,teescan,2025-12-31 00:02:08.230000+00:00
레싸,2026-01-13,10:33,120000,10,1,teescan,2025-12-31 00:02:08.230000+00:00
레싸,2026-01-13,10:47,120000,10,1,teescan,2026-01-04 12:01:46.982000+00:00
레싸,2026-01-13,11:15,120000,11,1,teescan,2025-12-31 00:02:08.230000+00:00
레싸,2026-01-13,11:29,140000,11,1,teescan,2025-12-31 00:02:08.230000+00:00
레싸,2026-01-13,11:36,120000,11,1,teescan,2026-01-05 09:01:56.295000+00:00
레싸,2026-01-13,11:43,120000,11,1,teescan,2026-01-05 04:01:46+00:00
레싸,2026-01-13,12:04,120000,12,1,teescan,2025-12-31 00:02:08.230000+00:00
로얄포레,2026-01-13,10:49,50000,10,1,golfpang,2026-01-06 03:31:34.492000+00:00
로얄포레,2026-01-13,11:17,50000,11,1,golfpang,2026-01-06 05:01:47.009000+00:00
로얄포레,2026-01-13,12:06,50000,12,1,golfpang,2026-01-06 03:31:34.492000+00:00
마이다스,2026-01-13,11:01,120000,11,1,teescan,2026-01-02 02:31:57.716000+00:00
모나크,2026-01-13,09:40,60000,9,1,teescan,2025-12-31 00:02:08.907000+00:00
모나크,2026-01-13,09:47,60000,9,1,teescan,2025-12-31 00:02:08.907000+00:00
모나크,2026-01-13,09:54,60000,9,1,teescan,2025-12-31 00:02:08.907000+00:00
모나크,2026-01-13,10:01,60000,10,1,teescan,2025-12-31 00:02:08.907000+00:00
모나크,2026-01-13,10:08,60000,10,1,teescan,2025-12-31 00:02:08.907000+00:00
모나크,2026-01-13,10:15,60000,10,1,teescan,2025-12-31 00:02:08.907000+00:00
모나크,2026-01-13,10:22,60000,10,1,teescan,2025-12-31 00:02:08.907000+00:00
모나크,2026-01-13,10:29,60000,10,1,teescan,2025-12-31 00:02:08.907000+00:00
모나크,2026-01-13,10:36,60000,10,1,teescan,2025-12-31 00:02:08.907000+00:00
모나크,2026-01-13,10:43,60000,10,1,teescan,2025-12-31 00:02:08.907000+00:00
모나크,2026-01-13,10:50,60000,10,1,teescan,2025-12-31 00:02:08.907000+00:00
모나크,2026-01-13,11:04,70000,11,1,golfpang,2026-01-06 02:32:02.880000+00:00
벨라스톤,2026-01-13,09:30,49000,9,1,teescan,2026-01-05 02:01:43.105000+00:00
벨라스톤,2026-01-13,09:37,49000,9,1,teescan,2026-01-05 02:01:43.105000+00:00
벨라스톤,2026-01-13,09:44,49000,9,1,teescan,2026-01-05 02:01:43.105000+00:00
벨라스톤,2026-01-13,09:51,49000,9,1,teescan,2026-01-05 02:01:43.105000+00:00
벨라스톤,2026-01-13,09:58,49000,9,1,teescan,2026-01-05 02:01:43.105000+00:00
벨라스톤,2026-01-13,10:05,70000,10,1,teescan,2026-01-05 09:31:49.362000+00:00
벨라스톤,2026-01-13,10:12,70000,10,1,teescan,2026-01-05 09:31:49.362000+00:00
벨라스톤,2026-01-13,10:19,70000,10,1,teescan,2026-01-05 09:31:49.362000+00:00
벨라스톤,2026-01-13,10:26,70000,10,1,teescan,2026-01-05 09:31:49.362000+00:00
벨라스톤,2026-01-13,10:33,70000,10,1,teescan,2026-01-05 09:31:49.362000+00:00
벨라스톤,2026-01-13,10:47,70000,10,1,teescan,2026-01-05 09:31:49.362000+00:00
벨라스톤,2026-01-13,10:54,70000,10,1,teescan,2026-01-05 09:31:49.362000+00:00
벨라스톤,2026-01-13,11:01,80000,11,1,teescan,2026-01-05 09:31:49.362000+00:00
벨라스톤,2026-01-13,11:08,80000,11,1,teescan,2026-01-05 09:31:49.362000+00:00
벨라스톤,2026-01-13,11:15,80000,11,1,teescan,2026-01-05 09:31:49.362000+00:00
벨라스톤,2026-01-13,11:22,80000,11,1,teescan,2026-01-05 09:31:49.362000+00:00
벨라스톤,2026-01-13,11:29,80000,11,1,teescan,2026-01-05 09:31:49.362000+00:00
벨라스톤,2026-01-13,11:36,80000,11,1,teescan,2026-01-05 09:31:49.362000+00:00
벨라스톤,2026-01-13,11:43,80000,11,1,teescan,2026-01-05 09:31:49.362000+00:00
벨라스톤,2026-01-13,11:50,80000,11,1,teescan,2026-01-05 09:31:49.362000+00:00
블루원용인,2026-01-13,10:05,100000,10,1,teescan,2025-12-31 00:02:08.230000+00:00
블루원용인,2026-01-13,10:12,100000,10,1,teescan,2025-12-31 00:02:08.230000+00:00
블루원용인,2026-01-13,10:33,100000,10,1,teescan,2025-12-31 00:02:08.230000+00:00
블루원용인,2026-01-13,10:40,100000,10,1,teescan,2025-12-31 00:02:08.230000+00:00
블루원용인,2026-01-13,11:01,100000,11,1,teescan,2025-12-31 00:02:08.230000+00:00
블루원용인,2026-01-13,11:08,100000,11,1,teescan,2025-12-31 00:02:08.230000+00:00
블루원용인,2026-01-13,11:15,100000,11,1,teescan,2025-12-31 00:02:08.230000+00:00
블루원용인,2026-01-13,11:36,110000,11,1,teescan,2025-12-31 01:32:17.209000+00:00
블루원용인,2026-01-13,11:43,100000,11,1,teescan,2025-12-31 00:02:08.230000+00:00
블루원용인,2026-01-13,12:04,100000,12,1,teescan,2025-12-31 00:02:08.230000+00:00
블루원용인,2026-01-13,12:25,100000,12,1,teescan,2025-12-31 00:02:08.230000+00:00
세현,2026-01-13,09:30,70000,9,1,teescan,2026-01-02 01:01:57.890000+00:00
세현,2026-01-13,09:37,70000,9,1,teescan,2026-01-02 01:01:57.890000+00:00
세현,2026-01-13,09:44,70000,9,1,teescan,2026-01-02 01:01:57.890000+00:00
세현,2026-01-13,09:51,70000,9,1,teescan,2026-01-02 01:01:57.890000+00:00
세현,2026-01-13,09:58,70000,9,1,teescan,2026-01-02 01:01:57.890000+00:00
세현,2026-01-13,10:05,70000,10,1,teescan,2026-01-02 01:01:57.890000+00:00
세현,2026-01-13,10:12,70000,10,1,teescan,2026-01-02 01:01:57.890000+00:00
세현,2026-01-13,10:19,70000,10,1,teescan,2026-01-02 01:01:57.890000+00:00
세현,2026-01-13,10:26,70000,10,1,teescan,2026-01-02 01:01:57.890000+00:00
세현,2026-01-13,10:33,70000,10,1,teescan,2026-01-02 01:01:57.890000+00:00
세현,2026-01-13,10:40,70000,10,1,teescan,2026-01-02 01:01:57.890000+00:00
세현,2026-01-13,10:47,70000,10,1,teescan,2026-01-02 01:01:57.890000+00:00
세현,2026-01-13,10:54,70000,10,1,teescan,2026-01-02 01:01:57.890000+00:00
세현,2026-01-13,11:01,70000,11,1,teescan,2026-01-02 01:01:57.890000+00:00
세현,2026-01-13,11:08,70000,11,1,teescan,2026-01-02 01:01:57.890000+00:00
세현,2026-01-13,11:15,70000,11,1,teescan,2026-01-02 01:01:57.890000+00:00
세현,2026-01-13,11:22,70000,11,1,teescan,2026-01-02 01:01:57.890000+00:00
세현,2026-01-13,11:29,70000,11,1,teescan,2026-01-02 01:01:57.890000+00:00
세현,2026-01-13,11:36,70000,11,1,teescan,2026-01-02 01:01:57.890000+00:00
세현,2026-01-13,11:43,70000,11,1,teescan,2026-01-02 01:01:57.890000+00:00
세현,2026-01-13,11:50,70000,11,1,teescan,2026-01-02 01:01:57.890000+00:00
수원,2026-01-13,10:05,150000,10,1,teescan,2026-01-02 03:01:52.612000+00:00
수원,2026-01-13,10:30,160000,10,1,golfpang,2026-01-05 13:31:47.635000+00:00
수원,2026-01-13,10:33,150000,10,1,teescan,2026-01-05 12:31:44.973000+00:00
수원,2026-01-13,11:08,150000,11,1,teescan,2026-01-02 03:01:52.612000+00:00
수원,2026-01-13,11:22,150000,11,1,teescan,2026-01-02 03:01:52.612000+00:00
수원,2026-01-13,11:50,150000,11,1,teescan,2026-01-02 03:01:52.612000+00:00
수원,2026-01-13,12:04,150000,12,1,teescan,2026-01-02 03:01:52.612000+00:00
신라,2026-01-13,09:55,70000,9,1,teescan,2026-01-04 01:01:42.125000+00:00
신라,2026-01-13,10:03,70000,10,1,golfpang,2026-01-06 03:01:51.690000+00:00
신라,2026-01-13,10:44,80000,10,1,golfpang,2026-01-06 05:01:47.009000+00:00
신라,2026-01-13,11:12,80000,11,1,golfpang,2026-01-06 00:01:42.167000+00:00
신라,2026-01-13,11:40,70000,11,1,teescan,2026-01-04 01:01:42.125000+00:00
써닝포인트,2026-01-13,10:05,75000,10,1,teescan,2025-12-31 00:02:08.230000+00:00
써닝포인트,2026-01-13,10:12,75000,10,1,teescan,2025-12-31 00:02:08.230000+00:00
써닝포인트,2026-01-13,10:19,75000,10,1,teescan,2025-12-31 00:02:08.230000+00:00
써닝포인트,2026-01-13,10:26,75000,10,1,teescan,2025-12-31 00:02:08.230000+00:00
써닝포인트,2026-01-13,10:33,75000,10,1,teescan,2025-12-31 00:02:08.230000+00:00
써닝포인트,2026-01-13,10:40,75000,10,1,teescan,2025-12-31 00:02:08.230000+00:00
써닝포인트,2026-01-13,10:47,75000,10,1,teescan,2025-12-31 00:02:08.230000+00:00
써닝포인트,2026-01-13,10:54,75000,10,1,teescan,2025-12-31 00:02:08.230000+00:00
써닝포인트,2026-01-13,11:01,75000,11,1,teescan,2025-12-31 00:02:08.230000+00:00
써닝포인트,2026-01-13,11:08,75000,11,1,teescan,2025-12-31 00:02:08.230000+00:00
써닝포인트,2026-01-13,11:15,75000,11,1,teescan,2025-12-31 00:02:08.230000+00:00
써닝포인트,2026-01-13,11:22,75000,11,1,teescan,2025-12-31 00:02:08.230000+00:00
써닝포인트,2026-01-13,11:29,75000,11,1,teescan,2025-12-31 00:02:08.230000+00:00
써닝포인트,2026-01-13,11:36,75000,11,1,teescan,2025-12-31 00:02:08.230000+00:00
써닝포인트,2026-01-13,11:43,75000,11,1,teescan,2025-12-31 00:02:08.230000+00:00
써닝포인트,2026-01-13,11:50,75000,11,1,teescan,2025-12-31 00:02:08.230000+00:00
써닝포인트,2026-01-13,11:57,75000,11,1,teescan,2025-12-31 00:02:08.230000+00:00
써닝포인트,2026-01-13,12:04,75000,12,1,teescan,2025-12-31 00:02:08.230000+00:00
써닝포인트,2026-01-13,12:11,75000,12,1,teescan,2025-12-31 00:02:08.230000+00:00
써닝포인트,2026-01-13,12:18,75000,12,1,teescan,2025-12-31 00:02:08.230000+00:00
양지파인,2026-01-13,09:30,55000,9,1,teescan,2025-12-31 00:02:08.230000+00:00
양지파인,2026-01-13,09:37,55000,9,1,teescan,2025-12-31 00:02:08.230000+00:00
양지파인,2026-01-13,09:44,55000,9,1,teescan,2025-12-31 00:02:08.230000+00:00
양지파인,2026-01-13,09:51,55000,9,1,teescan,2025-12-31 00:02:08.230000+00:00
양지파인,2026-01-13,09:58,55000,9,1,teescan,2025-12-31 00:02:08.230000+00:00
양지파인,2026-01-13,10:05,55000,10,1,teescan,2025-12-31 00:02:08.230000+00:00
양지파인,2026-01-13,10:12,55000,10,1,teescan,2025-12-31 00:02:08.230000+00:00
양지파인,2026-01-13,10:19,55000,10,1,teescan,2025-12-31 00:02:08.230000+00:00
양지파인,2026-01-13,10:26,55000,10,1,teescan,2025-12-31 00:02:08.230000+00:00
양지파인,2026-01-13,10:33,75000,10,1,teescan,2025-12-31 00:02:08.230000+00:00
양지파인,2026-01-13,10:40,75000,10,1,teescan,2025-12-31 00:02:08.230000+00:00
양지파인,2026-01-13,10:47,75000,10,1,teescan,2025-12-31 00:02:08.230000+00:00
양지파인,2026-01-13,10:54,75000,10,1,teescan,2025-12-31 00:02:08.230000+00:00
양지파인,2026-01-13,11:01,75000,11,1,teescan,2025-12-31 00:02:08.230000+00:00
양지파인,2026-01-13,11:08,75000,11,1,teescan,2025-12-31 00:02:08.230000+00:00
양지파인,2026-01-13,11:15,75000,11,1,teescan,2025-12-31 00:02:08.230000+00:00
양지파인,2026-01-13,11:22,75000,11,1,teescan,2025-12-31 00:02:08.230000+00:00
양지파인,2026-01-13,11:29,75000,11,1,teescan,2025-12-31 00:02:08.230000+00:00
양지파인,2026-01-13,11:36,65000,11,1,teescan,2025-12-31 00:02:08.230000+00:00
양지파인,2026-01-13,11:43,65000,11,1,teescan,2025-12-31 00:02:08.230000+00:00
양지파인,2026-01-13,11:50,65000,11,1,teescan,2025-12-31 00:02:08.230000+00:00
올데이,2026-01-13,10:00,40000,10,1,teescan,2025-12-31 00:02:08.230000+00:00
올데이,2026-01-13,10:07,40000,10,1,teescan,2025-12-31 00:02:08.907000+00:00
올데이,2026-01-13,10:35,45000,10,1,teescan,2025-12-31 00:02:08.230000+00:00
올데이,2026-01-13,10:42,45000,10,1,teescan,2025-12-31 00:02:08.907000+00:00
올데이,2026-01-13,10:49,45000,10,1,golfpang,2026-01-06 04:31:46.651000+00:00
올데이,2026-01-13,11:03,45000,11,1,teescan,2025-12-31 00:02:08.907000+00:00
올데이,2026-01-13,11:10,45000,11,1,teescan,2025-12-31 00:02:08.230000+00:00
올데이,2026-01-13,11:31,40000,11,1,teescan,2025-12-31 00:02:08.907000+00:00
올데이,2026-01-13,11:38,40000,11,1,teescan,2025-12-31 00:02:08.230000+00:00
올데이,2026-01-13,11:59,40000,11,1,teescan,2025-12-31 00:02:08.907000+00:00
올데이,2026-01-13,12:06,40000,12,1,teescan,2025-12-31 00:02:08.230000+00:00
은화삼,2026-01-13,09:30,100000,9,1,teescan,2026-01-05 09:01:56.295000+00:00
은화삼,2026-01-13,09:58,100000,9,1,teescan,2025-12-31 00:02:08.230000+00:00
은화삼,2026-01-13,10:19,100000,10,1,teescan,2025-12-31 00:02:08.230000+00:00
은화삼,2026-01-13,10:47,100000,10,1,teescan,2025-12-31 00:02:08.230000+00:00
은화삼,2026-01-13,11:08,100000,11,1,teescan,2025-12-31 00:02:08.230000+00:00
은화삼,2026-01-13,11:29,100000,11,1,teescan,2025-12-31 00:02:08.230000+00:00
은화삼,2026-01-13,11:50,100000,11,1,teescan,2026-01-05 07:31:53.019000+00:00
이글몬트,2026-01-13,09:30,90000,9,1,teescan,2025-12-31 00:02:08.230000+00:00
이글몬트,2026-01-13,09:37,90000,9,1,teescan,2025-12-31 00:02:08.230000+00:00
이글몬트,2026-01-13,09:44,90000,9,1,teescan,2025-12-31 00:02:08.230000+00:00
이글몬트,2026-01-13,09:51,90000,9,1,teescan,2025-12-31 00:02:08.230000+00:00
이글몬트,2026-01-13,09:58,90000,9,1,teescan,2025-12-31 00:02:08.230000+00:00
이글몬트,2026-01-13,10:05,90000,10,1,teescan,2025-12-31 00:02:08.230000+00:00
이글몬트,2026-01-13,10:12,90000,10,1,teescan,2025-12-31 00:02:08.230000+00:00
이글몬트,2026-01-13,10:19,90000,10,1,teescan,2025-12-31 00:02:08.230000+00:00
이글몬트,2026-01-13,10:26,90000,10,1,teescan,2025-12-31 00:02:08.230000+00:00
이글몬트,2026-01-13,10:33,90000,10,1,teescan,2025-12-31 00:02:08.230000+00:00
이글몬트,2026-01-13,10:40,90000,10,1,teescan,2025-12-31 00:02:08.230000+00:00
이글몬트,2026-01-13,10:47,90000,10,1,teescan,2025-12-31 00:02:08.230000+00:00
이글몬트,2026-01-13,10:54,90000,10,1,teescan,2025-12-31 00:02:08.230000+00:00
이글몬트,2026-01-13,11:01,90000,11,1,teescan,2025-12-31 00:02:08.230000+00:00
이글몬트,2026-01-13,11:08,90000,11,1,teescan,2025-12-31 00:02:08.230000+00:00
이글몬트,2026-01-13,11:15,90000,11,1,teescan,2025-12-31 00:02:08.230000+00:00
이글몬트,2026-01-13,11:22,90000,11,1,teescan,2025-12-31 00:02:08.230000+00:00
이글몬트,2026-01-13,11:29,90000,11,1,teescan,2025-12-31 00:02:08.230000+00:00
이글몬트,2026-01-13,11:36,90000,11,1,teescan,2025-12-31 00:02:08.230000+00:00
이글몬트,2026-01-13,11:43,90000,11,1,teescan,2025-12-31 00:02:08.230000+00:00
이글몬트,2026-01-13,11:50,90000,11,1,teescan,2025-12-31 00:02:08.230000+00:00
일레븐,2026-01-13,09:37,40000,9,1,teescan,2026-01-05 03:31:51.060000+00:00
일레븐,2026-01-13,09:44,40000,9,1,teescan,2026-01-05 03:31:51.060000+00:00
일레븐,2026-01-13,09:51,40000,9,1,teescan,2025-12-31 02:02:10.569000+00:00
일레븐,2026-01-13,09:58,40000,9,1,teescan,2025-12-31 01:32:17.209000+00:00
일레븐,2026-01-13,10:05,40000,10,1,teescan,2025-12-31 01:32:17.209000+00:00
일레븐,2026-01-13,10:12,40000,10,1,teescan,2025-12-31 01:32:17.209000+00:00
일레븐,2026-01-13,10:19,40000,10,1,teescan,2026-01-01 00:32:03.121000+00:00
일레븐,2026-01-13,10:26,40000,10,1,teescan,2025-12-31 01:32:17.209000+00:00
일레븐,2026-01-13,10:33,40000,10,1,teescan,2025-12-31 01:32:17.209000+00:00
일레븐,2026-01-13,10:40,40000,10,1,teescan,2025-12-31 01:32:17.209000+00:00
일레븐,2026-01-13,10:47,40000,10,1,teescan,2025-12-31 01:32:17.209000+00:00
일레븐,2026-01-13,10:54,40000,10,1,golfpang,2026-01-05 03:01:45.126000+00:00
일레븐,2026-01-13,11:01,40000,11,1,teescan,2025-12-31 01:32:17.209000+00:00
일레븐,2026-01-13,11:08,40000,11,1,teescan,2025-12-31 01:32:17.209000+00:00
일레븐,2026-01-13,11:15,40000,11,1,teescan,2025-12-31 01:32:17.209000+00:00
일레븐,2026-01-13,11:22,40000,11,1,teescan,2025-12-31 01:32:17.209000+00:00
일레븐,2026-01-13,11:29,40000,11,1,teescan,2025-12-31 01:32:17.209000+00:00
일레븐,2026-01-13,11:36,40000,11,1,teescan,2025-12-31 01:32:17.209000+00:00
일레븐,2026-01-13,11:43,40000,11,1,teescan,2025-12-31 01:32:17.209000+00:00
일레븐,2026-01-13,11:50,40000,11,1,teescan,2025-12-31 01:32:17.209000+00:00
일레븐,2026-01-13,11:57,40000,11,1,teescan,2025-12-31 01:32:17.209000+00:00
일레븐,2026-01-13,12:04,40000,12,1,teescan,2025-12-31 01:32:17.209000+00:00
일레븐,2026-01-13,12:11,40000,12,1,golfpang,2026-01-06 05:01:47.009000+00:00
진양밸리,2026-01-13,09:30,60000,9,1,teescan,2025-12-31 00:02:08.230000+00:00
진양밸리,2026-01-13,09:37,60000,9,1,teescan,2025-12-31 00:02:08.230000+00:00
진양밸리,2026-01-13,09:44,60000,9,1,teescan,2025-12-31 00:02:08.230000+00:00
진양밸리,2026-01-13,09:51,60000,9,1,teescan,2025-12-31 00:02:08.230000+00:00
진양밸리,2026-01-13,09:58,60000,9,1,teescan,2025-12-31 00:02:08.230000+00:00
진양밸리,2026-01-13,10:05,60000,10,1,teescan,2025-12-31 00:02:08.230000+00:00
진양밸리,2026-01-13,10:12,60000,10,1,teescan,2025-12-31 00:02:08.230000+00:00
진양밸리,2026-01-13,10:19,60000,10,1,teescan,2025-12-31 00:02:08.230000+00:00
진양밸리,2026-01-13,10:26,60000,10,1,teescan,2025-12-31 00:02:08.230000+00:00
진양밸리,2026-01-13,10:33,60000,10,1,teescan,2025-12-31 00:02:08.230000+00:00
진양밸리,2026-01-13,10:40,60000,10,1,teescan,2025-12-31 00:02:08.907000+00:00
진양밸리,2026-01-13,10:47,60000,10,1,teescan,2025-12-31 00:02:08.907000+00:00
진양밸리,2026-01-13,10:54,60000,10,1,teescan,2025-12-31 00:02:08.907000+00:00
진양밸리,2026-01-13,11:01,60000,11,1,teescan,2025-12-31 00:02:08.907000+00:00
진양밸리,2026-01-13,11:08,60000,11,1,teescan,2025-12-31 00:02:08.907000+00:00
진양밸리,2026-01-13,11:15,60000,11,1,teescan,2025-12-31 00:02:08.907000+00:00
진양밸리,2026-01-13,11:22,60000,11,1,teescan,2025-12-31 00:02:08.907000+00:00
진양밸리,2026-01-13,11:29,60000,11,1,teescan,2025-12-31 00:02:08.907000+00:00
진양밸리,2026-01-13,11:36,60000,11,1,teescan,2025-12-31 00:02:08.907000+00:00
진양밸리,2026-01-13,11:43,60000,11,1,teescan,2025-12-31 00:02:08.907000+00:00
진양밸리,2026-01-13,11:50,60000,11,1,teescan,2025-12-31 00:02:08.907000+00:00
코리아,2026-01-13,09:30,150000,9,1,teescan,2025-12-31 00:02:08.230000+00:00
코리아,2026-01-13,09:37,150000,9,1,teescan,2025-12-31 00:02:08.230000+00:00
코리아,2026-01-13,09:44,109000,9,1,golfpang,2026-01-05 10:31:45.611000+00:00
코리아,2026-01-13,09:58,99000,9,1,golfpang,2026-01-06 03:31:34.492000+00:00
코리아,2026-01-13,10:12,150000,10,1,teescan,2025-12-31 00:02:08.230000+00:00
코리아,2026-01-13,10:19,150000,10,1,teescan,2025-12-31 00:02:08.230000+00:00
코리아,2026-01-13,10:26,99000,10,1,golfpang,2026-01-06 04:31:46.651000+00:00
코리아,2026-01-13,10:47,150000,10,1,teescan,2025-12-31 00:02:08.230000+00:00
코리아,2026-01-13,10:54,150000,10,1,teescan,2026-01-05 06:01:57.347000+00:00
코리아,2026-01-13,11:08,150000,11,1,teescan,2025-12-31 00:02:08.230000+00:00
코리아,2026-01-13,11:15,150000,11,1,teescan,2025-12-31 00:02:08.230000+00:00
코리아,2026-01-13,11:36,99000,11,1,golfpang,2026-01-06 04:31:46.651000+00:00
코리아,2026-01-13,11:43,150000,11,1,teescan,2025-12-31 00:02:08.230000+00:00
태광,2026-01-13,09:34,150000,9,1,teescan,2025-12-31 00:02:08.230000+00:00
태광,2026-01-13,09:41,150000,9,1,teescan,2025-12-31 00:02:08.230000+00:00
태광,2026-01-13,09:55,150000,9,1,teescan,2025-12-31 00:02:08.230000+00:00
태광,2026-01-13,10:02,150000,10,1,teescan,2026-01-05 00:01:50.097000+00:00
태광,2026-01-13,10:23,150000,10,1,teescan,2025-12-31 00:02:08.230000+00:00
태광,2026-01-13,10:44,150000,10,1,teescan,2025-12-31 00:02:08.230000+00:00
태광,2026-01-13,11:05,150000,11,1,teescan,2026-01-05 04:31:42.995000+00:00
태광,2026-01-13,11:12,150000,11,1,teescan,2025-12-31 00:02:08.230000+00:00
태광,2026-01-13,11:26,150000,11,1,teescan,2025-12-31 00:02:08.230000+00:00
태광,2026-01-13,11:33,150000,11,1,teescan,2025-12-31 00:02:08.230000+00:00
태광,2026-01-13,11:47,150000,11,1,teescan,2025-12-31 00:02:08.230000+00:00
포웰,2026-01-13,09:42,50000,9,1,golfpang,2026-01-06 04:01:35.500000+00:00
포웰,2026-01-13,10:03,50000,10,1,golfpang,2026-01-06 04:31:46.651000+00:00
포웰,2026-01-13,10:38,60000,10,1,golfpang,2026-01-06 04:31:46.651000+00:00
포웰,2026-01-13,11:13,70000,11,1,golfpang,2026-01-06 04:31:46.651000+00:00
포웰,2026-01-13,14:54,60000,14,1,teescan,2026-01-05 01:31:40.212000+00:00
포웰,2026-01-13,15:01,60000,15,1,golfpang,2026-01-06 05:01:47.009000+00:00
플라자용인,2026-01-13,09:27,100000,9,1,teescan,2025-12-31 06:02:14+00:00
플라자용인,2026-01-13,09:28,100000,9,1,teescan,2025-12-31 06:02:14+00:00
플라자용인,2026-01-13,09:29,100000,9,1,teescan,2026-01-02 02:02:03.540000+00:00
플라자용인,2026-01-13,09:30,100000,9,1,teescan,2025-12-31 06:02:14+00:00
플라자용인,2026-01-13,09:34,100000,9,1,teescan,2025-12-31 06:02:14+00:00
플라자용인,2026-01-13,09:35,100000,9,1,teescan,2025-12-31 06:02:14+00:00
플라자용인,2026-01-13,09:36,100000,9,1,teescan,2025-12-31 06:02:14+00:00
플라자용인,2026-01-13,09:37,100000,9,1,teescan,2025-12-31 06:02:14+00:00
플라자용인,2026-01-13,09:41,100000,9,1,teescan,2025-12-31 06:02:14+00:00
플라자용인,2026-01-13,09:42,100000,9,1,teescan,2025-12-31 06:02:14+00:00
플라자용인,2026-01-13,09:43,100000,9,1,teescan,2025-12-31 06:02:14+00:00
플라자용인,2026-01-13,09:44,100000,9,1,teescan,2025-12-31 06:02:14+00:00
플라자용인,2026-01-13,09:48,100000,9,1,teescan,2025-12-31 06:02:14+00:00
플라자용인,2026-01-13,09:49,100000,9,1,teescan,2025-12-31 06:02:14+00:00
플라자용인,2026-01-13,09:50,100000,9,1,teescan,2025-12-31 06:02:14+00:00
플라자용인,2026-01-13,09:51,100000,9,1,teescan,2025-12-31 06:02:14+00:00
플라자용인,2026-01-13,09:55,100000,9,1,teescan,2025-12-31 06:02:14+00:00
플라자용인,2026-01-13,09:56,100000,9,1,teescan,2025-12-31 06:02:14+00:00
플라자용인,2026-01-13,09:57,100000,9,1,teescan,2025-12-31 06:02:14+00:00
플라자용인,2026-01-13,10:02,100000,10,1,teescan,2025-12-31 06:02:14+00:00
플라자용인,2026-01-13,10:03,100000,10,1,teescan,2025-12-31 06:02:14+00:00
플라자용인,2026-01-13,10:05,100000,10,1,teescan,2026-01-02 00:01:58.823000+00:00
플라자용인,2026-01-13,10:09,100000,10,1,teescan,2025-12-31 06:02:14+00:00
플라자용인,2026-01-13,10:10,100000,10,1,teescan,2025-12-31 06:02:14+00:00
플라자용인,2026-01-13,10:11,100000,10,1,teescan,2025-12-31 06:02:14+00:00
플라자용인,2026-01-13,10:12,100000,10,1,teescan,2025-12-31 06:02:14+00:00
플라자용인,2026-01-13,10:16,100000,10,1,teescan,2025-12-31 06:02:14+00:00
플라자용인,2026-01-13,10:17,100000,10,1,teescan,2025-12-31 06:02:14+00:00
플라자용인,2026-01-13,10:18,100000,10,1,teescan,2025-12-31 06:02:14+00:00
플라자용인,2026-01-13,10:19,100000,10,1,teescan,2025-12-31 06:02:14+00:00
플라자용인,2026-01-13,10:23,100000,10,1,teescan,2025-12-31 06:02:14+00:00
플라자용인,2026-01-13,10:24,100000,10,1,teescan,2025-12-31 06:02:14+00:00
플라자용인,2026-01-13,10:25,100000,10,1,teescan,2025-12-31 06:02:14+00:00
플라자용인,2026-01-13,10:26,100000,10,1,teescan,2025-12-31 06:02:14+00:00
플라자용인,2026-01-13,10:30,100000,10,1,teescan,2025-12-31 06:02:14+00:00
플라자용인,2026-01-13,10:31,100000,10,1,teescan,2025-12-31 06:02:14+00:00
플라자용인,2026-01-13,10:32,100000,10,1,teescan,2025-12-31 06:02:14+00:00
플라자용인,2026-01-13,10:33,100000,10,1,teescan,2025-12-31 06:02:14+00:00
플라자용인,2026-01-13,10:37,100000,10,1,teescan,2025-12-31 06:02:14+00:00
플라자용인,2026-01-13,10:38,100000,10,1,teescan,2025-12-31 06:02:14+00:00
플라자용인,2026-01-13,10:39,100000,10,1,teescan,2025-12-31 06:02:14+00:00
플라자용인,2026-01-13,10:40,100000,10,1,teescan,2025-12-31 06:02:14+00:00
플라자용인,2026-01-13,10:44,100000,10,1,teescan,2025-12-31 06:02:14+00:00
플라자용인,2026-01-13,10:45,100000,10,1,teescan,2025-12-31 06:02:14+00:00
플라자용인,2026-01-13,10:46,100000,10,1,teescan,2025-12-31 06:02:14+00:00
플라자용인,2026-01-13,10:47,100000,10,1,teescan,2025-12-31 06:02:14+00:00
플라자용인,2026-01-13,10:51,100000,10,1,teescan,2025-12-31 06:02:14+00:00
플라자용인,2026-01-13,10:52,100000,10,1,teescan,2025-12-31 06:02:14+00:00
플라자용인,2026-01-13,10:53,100000,10,1,teescan,2025-12-31 06:02:14+00:00
플라자용인,2026-01-13,10:54,100000,10,1,teescan,2025-12-31 06:02:14+00:00
플라자용인,2026-01-13,10:58,100000,10,1,teescan,2025-12-31 06:02:14+00:00
플라자용인,2026-01-13,10:59,100000,10,1,teescan,2025-12-31 06:02:14+00:00
플라자용인,2026-01-13,11:00,100000,11,1,teescan,2025-12-31 06:02:14+00:00
플라자용인,2026-01-13,11:01,100000,11,1,teescan,2026-01-06 02:32:02.880000+00:00
플라자용인,2026-01-13,11:05,100000,11,1,teescan,2025-12-31 06:02:14+00:00
플라자용인,2026-01-13,11:06,100000,11,1,teescan,2026-01-03 03:01:50.583000+00:00
플라자용인,2026-01-13,11:07,100000,11,1,teescan,2025-12-31 06:02:14+00:00
플라자용인,2026-01-13,11:12,100000,11,1,teescan,2025-12-31 06:02:14+00:00
플라자용인,2026-01-13,11:13,100000,11,1,teescan,2025-12-31 06:02:14+00:00
플라자용인,2026-01-13,11:14,100000,11,1,teescan,2025-12-31 06:02:14+00:00
플라자용인,2026-01-13,11:15,100000,11,1,teescan,2026-01-06 02:32:02.880000+00:00
플라자용인,2026-01-13,11:19,100000,11,1,teescan,2025-12-31 06:02:14+00:00
플라자용인,2026-01-13,11:20,100000,11,1,teescan,2025-12-31 06:02:14+00:00
플라자용인,2026-01-13,11:21,100000,11,1,teescan,2025-12-31 06:02:14+00:00
플라자용인,2026-01-13,11:22,100000,11,1,teescan,2025-12-31 06:02:14+00:00
플라자용인,2026-01-13,11:26,100000,11,1,teescan,2025-12-31 06:02:14+00:00
플라자용인,2026-01-13,11:27,100000,11,1,teescan,2025-12-31 06:02:14+00:00
플라자용인,2026-01-13,11:28,100000,11,1,teescan,2025-12-31 06:02:14+00:00
플라자용인,2026-01-13,11:29,100000,11,1,teescan,2026-01-05 10:31:45.611000+00:00
플라자용인,2026-01-13,11:33,100000,11,1,teescan,2025-12-31 06:02:14+00:00
플라자용인,2026-01-13,11:34,100000,11,1,teescan,2025-12-31 06:02:14+00:00
플라자용인,2026-01-13,11:35,100000,11,1,teescan,2025-12-31 06:02:14+00:00
플라자용인,2026-01-13,11:36,100000,11,1,teescan,2025-12-31 06:02:14+00:00
플라자용인,2026-01-13,11:40,100000,11,1,teescan,2025-12-31 06:02:14+00:00
플라자용인,2026-01-13,11:41,100000,11,1,teescan,2025-12-31 06:02:14+00:00
플라자용인,2026-01-13,11:42,100000,11,1,teescan,2025-12-31 06:02:14+00:00
플라자용인,2026-01-13,11:43,100000,11,1,teescan,2025-12-31 06:02:14+00:00
한림용인,2026-01-13,09:10,110000,9,1,teescan,2025-12-31 00:02:08.230000+00:00
한림용인,2026-01-13,09:17,110000,9,1,teescan,2025-12-31 00:02:08.230000+00:00
한림용인,2026-01-13,09:24,110000,9,1,teescan,2025-12-31 00:02:08.230000+00:00
한림용인,2026-01-13,09:31,110000,9,1,teescan,2025-12-31 00:02:08.230000+00:00
한림용인,2026-01-13,09:38,110000,9,1,teescan,2025-12-31 00:02:08.230000+00:00
한림용인,2026-01-13,09:45,110000,9,1,teescan,2025-12-31 00:02:08.230000+00:00
한림용인,2026-01-13,09:52,110000,9,1,teescan,2025-12-31 00:02:08.230000+00:00
한림용인,2026-01-13,09:59,110000,9,1,teescan,2025-12-31 00:02:08.230000+00:00
한림용인,2026-01-13,10:06,120000,10,1,teescan,2025-12-31 00:02:08.230000+00:00
한림용인,2026-01-13,10:13,120000,10,1,teescan,2025-12-31 00:02:08.230000+00:00
한림용인,2026-01-13,10:20,120000,10,1,teescan,2025-12-31 00:02:08.230000+00:00
한림용인,2026-01-13,10:27,120000,10,1,teescan,2025-12-31 00:02:08.230000+00:00
한림용인,2026-01-13,10:30,90000,10,1,golfpang,2026-01-03 09:31:49.731000+00:00
한림용인,2026-01-13,10:34,120000,10,1,teescan,2025-12-31 00:02:08.230000+00:00
한림용인,2026-01-13,10:41,120000,10,1,teescan,2025-12-31 00:02:08.230000+00:00
한림용인,2026-01-13,10:48,120000,10,1,teescan,2025-12-31 00:02:08.230000+00:00
한림용인,2026-01-13,10:55,120000,10,1,teescan,2025-12-31 00:02:08.230000+00:00
한림용인,2026-01-13,11:02,120000,11,1,teescan,2025-12-31 00:02:08.230000+00:00
한림용인,2026-01-13,11:09,120000,11,1,teescan,2025-12-31 00:02:08.230000+00:00
한림용인,2026-01-13,11:16,120000,11,1,teescan,2025-12-31 00:02:08.230000+00:00
한림용인,2026-01-13,11:23,120000,11,1,teescan,2025-12-31 00:02:08.230000+00:00
한림용인,2026-01-13,11:30,120000,11,1,teescan,2025-12-31 00:02:08.230000+00:00
한림용인,2026-01-13,11:37,120000,11,1,teescan,2025-12-31 00:02:08.230000+00:00
한원,2026-01-13,09:35,99000,9,1,teescan,2025-12-31 00:02:08.230000+00:00
한원,2026-01-13,09:42,99000,9,1,teescan,2025-12-31 00:02:08.230000+00:00
한원,2026-01-13,09:49,99000,9,1,teescan,2025-12-31 00:02:08.230000+00:00
한원,2026-01-13,09:56,99000,9,1,teescan,2025-12-31 00:02:08.230000+00:00
한원,2026-01-13,10:03,99000,10,1,teescan,2025-12-31 00:02:08.230000+00:00
한원,2026-01-13,10:10,99000,10,1,teescan,2025-12-31 00:02:08.230000+00:00
한원,2026-01-13,10:24,99000,10,1,teescan,2025-12-31 00:02:08.230000+00:00
한원,2026-01-13,10:31,99000,10,1,teescan,2025-12-31 00:02:08.230000+00:00
한원,2026-01-13,10:38,99000,10,1,teescan,2025-12-31 00:02:08.230000+00:00
한원,2026-01-13,10:45,99000,10,1,teescan,2025-12-31 00:02:08.230000+00:00
한원,2026-01-13,10:52,99000,10,1,teescan,2025-12-31 00:02:08.230000+00:00
한원,2026-01-13,10:59,99000,10,1,teescan,2025-12-31 00:02:08.230000+00:00
한원,2026-01-13,11:13,99000,11,1,teescan,2025-12-31 00:02:08.230000+00:00
한원,2026-01-13,11:27,99000,11,1,teescan,2025-12-31 00:02:08.230000+00:00
한원,2026-01-13,11:34,99000,11,1,teescan,2025-12-31 00:02:08.230000+00:00
한원,2026-01-13,11:41,99000,11,1,teescan,2025-12-31 00:02:08.230000+00:00
해솔리아,2026-01-13,09:00,130000,9,1,teescan,2025-12-31 00:02:08.230000+00:00
해솔리아,2026-01-13,09:07,130000,9,1,teescan,2025-12-31 00:02:08.230000+00:00
해솔리아,2026-01-13,09:14,130000,9,1,teescan,2025-12-31 00:02:08.230000+00:00
해솔리아,2026-01-13,09:21,130000,9,1,teescan,2025-12-31 00:02:08.230000+00:00
해솔리아,2026-01-13,09:28,130000,9,1,teescan,2025-12-31 00:02:08.230000+00:00
해솔리아,2026-01-13,09:35,130000,9,1,teescan,2025-12-31 00:02:08.230000+00:00
해솔리아,2026-01-13,09:42,130000,9,1,teescan,2025-12-31 00:02:08.230000+00:00
해솔리아,2026-01-13,09:49,130000,9,1,teescan,2025-12-31 00:02:08.230000+00:00
해솔리아,2026-01-13,09:56,130000,9,1,teescan,2025-12-31 00:02:08.230000+00:00
해솔리아,2026-01-13,10:03,130000,10,1,teescan,2025-12-31 00:02:08.230000+00:00
해솔리아,2026-01-13,10:10,130000,10,1,teescan,2025-12-31 00:02:08.230000+00:00
해솔리아,2026-01-13,10:17,130000,10,1,teescan,2025-12-31 00:02:08.230000+00:00
해솔리아,2026-01-13,10:24,130000,10,1,teescan,2025-12-31 00:02:08.230000+00:00
해솔리아,2026-01-13,10:31,130000,10,1,teescan,2025-12-31 00:02:08.230000+00:00
해솔리아,2026-01-13,10:38,130000,10,1,teescan,2025-12-31 00:02:08.230000+00:00
해솔리아,2026-01-13,10:45,130000,10,1,teescan,2025-12-31 00:02:08.230000+00:00
해솔리아,2026-01-13,10:52,130000,10,1,teescan,2025-12-31 00:02:08.230000+00:00
해솔리아,2026-01-13,10:59,130000,10,1,teescan,2025-12-31 00:02:08.230000+00:00
해솔리아,2026-01-13,11:06,130000,11,1,teescan,2025-12-31 00:02:08.230000+00:00
해솔리아,2026-01-13,11:13,130000,11,1,teescan,2025-12-31 00:02:08.230000+00:00
해솔리아,2026-01-13,11:20,130000,11,1,teescan,2025-12-31 00:02:08.230000+00:00
해솔리아,2026-01-13,11:27,130000,11,1,teescan,2025-12-31 00:02:08.230000+00:00
화성상록,2026-01-13,10:05,130000,10,1,teescan,2026-01-05 04:31:42.995000+00:00
화성상록,2026-01-13,10:26,130000,10,1,teescan,2026-01-05 04:31:42.995000+00:00
화성상록,2026-01-13,10:33,130000,10,1,teescan,2026-01-05 04:31:42.995000+00:00
화성상록,2026-01-13,10:54,130000,10,1,teescan,2026-01-05 04:31:42.995000+00:00
화성상록,2026-01-13,11:08,130000,11,1,teescan,2026-01-05 04:31:42.995000+00:00
히든밸리,2026-01-13,09:44,50000,9,1,teescan,2025-12-31 00:02:08.907000+00:00
히든밸리,2026-01-13,09:51,50000,9,1,teescan,2025-12-31 00:02:08.907000+00:00
히든밸리,2026-01-13,09:58,50000,9,1,teescan,2025-12-31 00:02:08.907000+00:00
히든밸리,2026-01-13,10:05,50000,10,1,teescan,2025-12-31 00:02:08.907000+00:00
히든밸리,2026-01-13,10:12,50000,10,1,teescan,2025-12-31 00:02:08.907000+00:00
히든밸리,2026-01-13,10:19,50000,10,1,teescan,2025-12-31 00:02:08.907000+00:00
히든밸리,2026-01-13,10:26,50000,10,1,teescan,2025-12-31 00:02:08.907000+00:00
히든밸리,2026-01-13,10:33,50000,10,1,teescan,2025-12-31 00:02:08.230000+00:00
히든밸리,2026-01-13,10:40,50000,10,1,teescan,2025-12-31 00:02:08.907000+00:00
히든밸리,2026-01-13,10:47,50000,10,1,teescan,2025-12-31 00:02:08.907000+00:00
히든밸리,2026-01-13,10:54,50000,10,1,teescan,2025-12-31 00:02:08.907000+00:00
히든밸리,2026-01-13,11:01,50000,11,1,teescan,2025-12-31 00:02:08.907000+00:00
히든밸리,2026-01-13,11:08,50000,11,1,teescan,2025-12-31 00:02:08.907000+00:00
히든밸리,2026-01-13,11:15,50000,11,1,teescan,2025-12-31 00:02:08.230000+00:00
히든밸리,2026-01-13,11:22,50000,11,1,teescan,2025-12-31 00:02:08.907000+00:00
히든밸리,2026-01-13,11:29,50000,11,1,teescan,2025-12-31 00:02:08.907000+00:00
히든밸리,2026-01-13,11:36,50000,11,1,teescan,2025-12-31 00:02:08.907000+00:00
히든밸리,2026-01-13,11:43,50000,11,1,teescan,2025-12-31 00:02:08.907000+00:00
히든밸리,2026-01-13,11:50,50000,11,1,teescan,2025-12-31 00:02:08.907000+00:00
히든밸리,2026-01-13,11:57,50000,11,1,teescan,2025-12-31 00:02:08.907000+00:00
히든밸리,2026-01-13,12:04,50000,12,1,teescan,2025-12-31 00:02:08.907000+00:00
히든밸리,2026-01-13,12:11,50000,12,1,teescan,2025-12-31 00:02:08.907000+00:00
히든밸리,2026-01-13,12:18,50000,12,1,teescan,2025-12-31 00:02:08.907000+00:00
힐데스,2026-01-13,09:37,35000,9,1,teescan,2026-01-05 07:01:54.160000+00:00
힐데스,2026-01-13,09:44,35000,9,1,teescan,2026-01-05 07:01:54.160000+00:00
힐데스,2026-01-13,09:52,35000,9,1,teescan,2026-01-05 07:01:54.160000+00:00
힐데스,2026-01-13,09:59,35000,9,1,teescan,2026-01-05 07:01:54.160000+00:00
힐데스,2026-01-13,10:07,40000,10,1,teescan,2026-01-01 04:02:13.543000+00:00
힐데스,2026-01-13,10:14,40000,10,1,teescan,2026-01-01 04:02:13.543000+00:00
힐데스,2026-01-13,10:22,40000,10,1,teescan,2026-01-01 04:02:13.543000+00:00
힐데스,2026-01-13,10:29,40000,10,1,teescan,2026-01-01 04:02:13.543000+00:00
힐데스,2026-01-13,10:37,40000,10,1,teescan,2026-01-01 04:02:13.543000+00:00
힐데스,2026-01-13,10:44,40000,10,1,teescan,2026-01-01 04:02:13.543000+00:00
힐데스,2026-01-13,10:52,40000,10,1,teescan,2026-01-01 04:02:13.543000+00:00
힐데스,2026-01-13,10:59,40000,10,1,teescan,2026-01-01 04:02:13.543000+00:00
힐데스,2026-01-13,11:07,40000,11,1,teescan,2026-01-01 04:02:13.543000+00:00
힐데스,2026-01-13,11:14,40000,11,1,teescan,2026-01-01 04:02:13.543000+00:00
힐데스,2026-01-13,11:22,40000,11,1,teescan,2026-01-01 04:02:13.543000+00:00
힐데스,2026-01-13,11:29,40000,11,1,teescan,2026-01-01 04:02:13.543000+00:00
힐데스,2026-01-13,11:37,35000,11,1,teescan,2026-01-05 07:01:54.160000+00:00
힐데스,2026-01-13,11:44,35000,11,1,teescan,2026-01-05 07:01:54.160000+00:00
힐데스,2026-01-13,11:52,35000,11,1,teescan,2026-01-05 07:01:54.160000+00:00
힐데스,2026-01-13,11:59,35000,11,1,teescan,2026-01-05 07:01:54.160000+00:00
감곡,2026-01-14,09:30,56400,9,2,teescan,2026-01-01 00:02:06.229000+00:00
감곡,2026-01-14,09:37,56400,9,2,teescan,2026-01-01 00:02:06.229000+00:00
감곡,2026-01-14,09:44,56400,9,2,teescan,2026-01-01 00:02:06.229000+00:00
감곡,2026-01-14,09:51,56400,9,2,teescan,2026-01-01 00:02:06.229000+00:00
감곡,2026-01-14,09:58,56400,9,2,teescan,2026-01-01 00:02:06.229000+00:00
감곡,2026-01-14,10:05,56400,10,2,teescan,2026-01-01 00:02:06.229000+00:00
감곡,2026-01-14,10:12,56400,10,2,teescan,2026-01-01 00:02:06.229000+00:00
감곡,2026-01-14,10:19,56400,10,2,teescan,2026-01-01 00:02:06.229000+00:00
감곡,2026-01-14,10:26,56400,10,2,teescan,2026-01-01 00:02:06.229000+00:00
감곡,2026-01-14,10:33,56400,10,2,teescan,2026-01-01 00:02:06.229000+00:00
감곡,2026-01-14,10:40,56400,10,2,teescan,2026-01-01 00:02:06.229000+00:00
감곡,2026-01-14,10:47,56400,10,2,teescan,2026-01-01 00:02:06.229000+00:00
감곡,2026-01-14,10:54,56400,10,2,teescan,2026-01-01 00:02:06.229000+00:00
감곡,2026-01-14,11:01,65800,11,2,teescan,2026-01-01 00:02:06.229000+00:00
감곡,2026-01-14,11:08,65800,11,2,teescan,2026-01-01 00:02:06.229000+00:00
감곡,2026-01-14,11:15,65800,11,2,teescan,2026-01-01 00:02:06.229000+00:00
감곡,2026-01-14,11:22,65800,11,2,teescan,2026-01-01 00:02:06.229000+00:00
감곡,2026-01-14,11:29,65800,11,2,teescan,2026-01-01 00:02:06.229000+00:00
감곡,2026-01-14,11:36,65800,11,2,teescan,2026-01-01 00:02:06.229000+00:00
감곡,2026-01-14,11:43,65800,11,2,teescan,2026-01-01 00:02:06.229000+00:00
감곡,2026-01-14,11:50,65800,11,2,teescan,2026-01-01 00:02:06.229000+00:00
골프존H,2026-01-14,10:32,59000,10,2,golfpang,2026-01-06 05:01:43.989000+00:00
골프존화랑,2026-01-14,09:50,40000,9,2,teescan,2026-01-05 01:31:41.005000+00:00
골프존화랑,2026-01-14,09:57,40000,9,2,teescan,2026-01-05 01:31:41.005000+00:00
골프존화랑,2026-01-14,10:04,40000,10,2,teescan,2026-01-05 01:31:41.005000+00:00
골프존화랑,2026-01-14,10:11,40000,10,2,teescan,2026-01-05 01:31:41.005000+00:00
골프존화랑,2026-01-14,10:18,40000,10,2,teescan,2026-01-05 01:31:41.005000+00:00
골프존화랑,2026-01-14,10:32,40000,10,2,teescan,2026-01-05 01:31:41.005000+00:00
골프존화랑,2026-01-14,10:39,40000,10,2,teescan,2026-01-05 01:31:41.005000+00:00
골프존화랑,2026-01-14,10:46,40000,10,2,teescan,2026-01-05 01:31:41.005000+00:00
골프존화랑,2026-01-14,10:53,40000,10,2,teescan,2026-01-05 01:31:41.005000+00:00
골프존화랑,2026-01-14,11:07,40000,11,2,teescan,2026-01-05 01:31:41.005000+00:00
골프존화랑,2026-01-14,11:14,40000,11,2,teescan,2026-01-05 01:31:41.005000+00:00
골프존화랑,2026-01-14,11:21,40000,11,2,teescan,2026-01-05 01:31:41.005000+00:00
골프존화랑,2026-01-14,11:28,40000,11,2,teescan,2026-01-05 01:31:41.005000+00:00
골프존화랑,2026-01-14,11:35,40000,11,2,teescan,2026-01-05 01:31:41.005000+00:00
골프존화랑,2026-01-14,11:49,40000,11,2,teescan,2026-01-05 01:31:41.005000+00:00
골프존화랑,2026-01-14,11:56,40000,11,2,teescan,2026-01-05 01:31:41.005000+00:00
골프존화랑,2026-01-14,12:03,50000,12,2,golfpang,2026-01-06 04:32:00.679000+00:00
골프존화랑,2026-01-14,12:10,40000,12,2,teescan,2026-01-05 01:31:41.005000+00:00
기흥,2026-01-14,10:30,110000,10,2,golfpang,2026-01-06 04:32:00.679000+00:00
기흥,2026-01-14,11:00,110000,11,2,golfpang,2026-01-06 05:01:43.989000+00:00
대영베이스,2026-01-14,11:05,40000,11,2,golfpang,2026-01-05 03:31:54.958000+00:00
대영힐스,2026-01-14,09:27,40000,9,2,teescan,2026-01-01 01:02:13.389000+00:00
대영힐스,2026-01-14,09:34,40000,9,2,teescan,2026-01-01 01:02:13.389000+00:00
대영힐스,2026-01-14,09:41,40000,9,2,teescan,2026-01-01 01:02:13.389000+00:00
대영힐스,2026-01-14,09:48,40000,9,2,teescan,2026-01-01 01:02:13.389000+00:00
대영힐스,2026-01-14,09:55,40000,9,2,teescan,2026-01-01 01:02:13.389000+00:00
대영힐스,2026-01-14,10:02,40000,10,2,teescan,2026-01-01 01:02:13.389000+00:00
대영힐스,2026-01-14,10:09,40000,10,2,teescan,2026-01-01 01:02:13.389000+00:00
대영힐스,2026-01-14,10:16,40000,10,2,teescan,2026-01-01 01:02:13.389000+00:00
대영힐스,2026-01-14,10:23,40000,10,2,teescan,2026-01-01 01:02:13.389000+00:00
대영힐스,2026-01-14,10:30,40000,10,2,teescan,2026-01-01 01:02:13.389000+00:00
대영힐스,2026-01-14,10:37,40000,10,2,teescan,2026-01-01 01:02:13.389000+00:00
대영힐스,2026-01-14,10:44,40000,10,2,teescan,2026-01-01 01:02:13.389000+00:00
대영힐스,2026-01-14,10:51,40000,10,2,teescan,2026-01-01 01:02:13.389000+00:00
대영힐스,2026-01-14,10:58,40000,10,2,teescan,2026-01-01 01:02:13.389000+00:00
대영힐스,2026-01-14,11:05,40000,11,2,golfpang,2026-01-05 00:01:56.477000+00:00
대영힐스,2026-01-14,11:19,40000,11,2,teescan,2026-01-01 01:02:13.389000+00:00
대영힐스,2026-01-14,11:26,40000,11,2,teescan,2026-01-01 01:02:13.389000+00:00
대영힐스,2026-01-14,11:33,40000,11,2,teescan,2026-01-01 01:02:13.389000+00:00
대영힐스,2026-01-14,11:40,40000,11,2,teescan,2026-01-01 01:02:13.389000+00:00
대영힐스,2026-01-14,11:47,40000,11,2,teescan,2026-01-01 01:02:13.389000+00:00
대영힐스,2026-01-14,11:54,40000,11,2,teescan,2026-01-01 01:02:13.389000+00:00
대영힐스,2026-01-14,12:01,40000,12,2,teescan,2026-01-01 01:02:13.389000+00:00
더크로스비,2026-01-14,10:12,60000,10,2,teescan,2026-01-01 00:02:06.229000+00:00
더크로스비,2026-01-14,10:19,60000,10,2,teescan,2026-01-01 00:02:06.229000+00:00
더크로스비,2026-01-14,10:26,60000,10,2,teescan,2026-01-01 00:02:06.229000+00:00
더크로스비,2026-01-14,10:33,60000,10,2,teescan,2026-01-01 00:02:06.229000+00:00
더크로스비,2026-01-14,10:40,60000,10,2,teescan,2026-01-01 00:02:06.229000+00:00
더크로스비,2026-01-14,10:47,60000,10,2,teescan,2026-01-01 00:02:06.229000+00:00
더크로스비,2026-01-14,10:54,60000,10,2,teescan,2026-01-01 00:02:06.229000+00:00
더크로스비,2026-01-14,11:08,60000,11,2,teescan,2026-01-01 00:02:06.229000+00:00
더크로스비,2026-01-14,11:15,60000,11,2,teescan,2026-01-01 00:02:06.229000+00:00
더크로스비,2026-01-14,11:22,60000,11,2,teescan,2026-01-01 00:02:06.229000+00:00
더크로스비,2026-01-14,11:36,60000,11,2,teescan,2026-01-01 00:02:06.229000+00:00
더크로스비,2026-01-14,11:43,60000,11,2,teescan,2026-01-01 00:02:06.229000+00:00
더크로스비,2026-01-14,11:50,60000,11,2,teescan,2026-01-01 00:02:06.229000+00:00
더크로스비,2026-01-14,11:57,60000,11,2,teescan,2026-01-01 00:02:06.229000+00:00
더크로스비,2026-01-14,12:04,60000,12,2,teescan,2026-01-01 00:02:06.229000+00:00
더크로스비,2026-01-14,12:11,60000,12,2,teescan,2026-01-01 00:02:06.229000+00:00
동촌,2026-01-14,09:37,55000,9,2,teescan,2026-01-04 15:31:55.140000+00:00
동촌,2026-01-14,09:44,55000,9,2,teescan,2026-01-04 15:31:55.140000+00:00
동촌,2026-01-14,09:51,55000,9,2,teescan,2026-01-04 15:31:55.140000+00:00
동촌,2026-01-14,10:12,60000,10,2,teescan,2026-01-04 15:31:55.140000+00:00
동촌,2026-01-14,10:40,60000,10,2,teescan,2026-01-04 15:31:55.140000+00:00
동촌,2026-01-14,10:54,55000,10,2,golfpang,2026-01-06 05:01:43.989000+00:00
동촌,2026-01-14,11:36,65000,11,2,golfpang,2026-01-05 10:01:51.999000+00:00
동촌,2026-01-14,11:50,60000,11,2,teescan,2026-01-04 15:31:55.140000+00:00
떼제베,2026-01-14,10:00,50000,10,2,teescan,2026-01-01 00:02:06.229000+00:00
떼제베,2026-01-14,10:07,50000,10,2,teescan,2026-01-01 00:02:06.229000+00:00
떼제베,2026-01-14,10:21,50000,10,2,teescan,2026-01-01 00:02:06.229000+00:00
떼제베,2026-01-14,10:28,50000,10,2,teescan,2026-01-01 00:02:06.229000+00:00
떼제베,2026-01-14,10:35,50000,10,2,teescan,2026-01-01 00:02:06.229000+00:00
떼제베,2026-01-14,10:49,50000,10,2,teescan,2026-01-01 00:02:06.229000+00:00
떼제베,2026-01-14,10:56,50000,10,2,teescan,2026-01-01 00:02:06.229000+00:00
떼제베,2026-01-14,11:03,50000,11,2,golfpang,2026-01-05 08:31:39.295000+00:00
떼제베,2026-01-14,11:10,50000,11,2,teescan,2026-01-06 01:31:36.975000+00:00
떼제베,2026-01-14,11:17,50000,11,2,teescan,2026-01-01 00:02:06.229000+00:00
떼제베,2026-01-14,11:24,50000,11,2,teescan,2026-01-01 00:02:06.229000+00:00
떼제베,2026-01-14,11:31,50000,11,2,teescan,2026-01-01 00:02:06.884000+00:00
떼제베,2026-01-14,11:38,50000,11,2,teescan,2026-01-01 00:02:06.884000+00:00
떼제베,2026-01-14,11:45,50000,11,2,teescan,2026-01-03 00:31:51.703000+00:00
떼제베,2026-01-14,11:59,50000,11,2,teescan,2026-01-05 09:01:56.802000+00:00
떼제베,2026-01-14,12:06,50000,12,2,teescan,2026-01-01 00:02:06.229000+00:00
떼제베,2026-01-14,12:13,50000,12,2,teescan,2026-01-01 00:02:06.884000+00:00
떼제베,2026-01-14,12:20,50000,12,2,teescan,2026-01-01 00:02:06.884000+00:00
떼제베,2026-01-14,12:27,50000,12,2,teescan,2026-01-01 00:02:06.884000+00:00
레싸,2026-01-14,09:51,130000,9,2,teescan,2026-01-01 00:02:06.229000+00:00
레싸,2026-01-14,09:58,130000,9,2,teescan,2026-01-01 00:02:06.229000+00:00
레싸,2026-01-14,10:05,150000,10,2,teescan,2026-01-01 00:02:06.229000+00:00
레싸,2026-01-14,10:12,130000,10,2,teescan,2026-01-01 00:02:06.229000+00:00
레싸,2026-01-14,10:26,130000,10,2,teescan,2026-01-01 00:02:06.229000+00:00
레싸,2026-01-14,10:33,150000,10,2,teescan,2026-01-01 00:02:06.229000+00:00
레싸,2026-01-14,10:40,150000,10,2,teescan,2026-01-02 06:02:10.862000+00:00
레싸,2026-01-14,10:47,130000,10,2,teescan,2026-01-01 00:02:06.229000+00:00
레싸,2026-01-14,11:08,130000,11,2,teescan,2026-01-01 00:02:06.229000+00:00
레싸,2026-01-14,11:22,130000,11,2,teescan,2026-01-01 00:02:06.229000+00:00
레싸,2026-01-14,11:29,150000,11,2,teescan,2026-01-01 00:02:06.229000+00:00
레싸,2026-01-14,11:43,130000,11,2,teescan,2026-01-01 00:02:06.229000+00:00
레싸,2026-01-14,12:04,130000,12,2,teescan,2026-01-01 00:02:06.229000+00:00
로얄포레,2026-01-14,09:27,40000,9,2,teescan,2026-01-01 01:02:13.389000+00:00
로얄포레,2026-01-14,09:34,40000,9,2,teescan,2026-01-01 01:02:13.389000+00:00
로얄포레,2026-01-14,09:41,40000,9,2,teescan,2026-01-01 01:02:13.389000+00:00
로얄포레,2026-01-14,09:48,40000,9,2,teescan,2026-01-01 01:02:13.389000+00:00
로얄포레,2026-01-14,09:55,40000,9,2,teescan,2026-01-01 01:02:13.389000+00:00
로얄포레,2026-01-14,10:02,40000,10,2,teescan,2026-01-01 01:02:13.389000+00:00
로얄포레,2026-01-14,10:09,40000,10,2,teescan,2026-01-01 01:02:13.389000+00:00
로얄포레,2026-01-14,10:16,40000,10,2,teescan,2026-01-01 01:02:13.389000+00:00
로얄포레,2026-01-14,10:23,40000,10,2,teescan,2026-01-01 01:02:13.389000+00:00
로얄포레,2026-01-14,10:30,40000,10,2,teescan,2026-01-01 01:02:13.389000+00:00
로얄포레,2026-01-14,10:37,40000,10,2,teescan,2026-01-01 01:02:13.389000+00:00
로얄포레,2026-01-14,10:44,40000,10,2,teescan,2026-01-01 01:02:13.389000+00:00
로얄포레,2026-01-14,10:49,50000,10,2,golfpang,2026-01-06 03:31:46.287000+00:00
로얄포레,2026-01-14,10:51,40000,10,2,teescan,2026-01-01 01:02:13.389000+00:00
로얄포레,2026-01-14,10:58,40000,10,2,teescan,2026-01-01 01:02:13.389000+00:00
로얄포레,2026-01-14,11:03,50000,11,2,golfpang,2026-01-06 03:31:46.287000+00:00
로얄포레,2026-01-14,11:05,40000,11,2,teescan,2026-01-05 01:01:44.466000+00:00
로얄포레,2026-01-14,11:19,40000,11,2,teescan,2026-01-01 01:02:13.389000+00:00
로얄포레,2026-01-14,11:26,40000,11,2,teescan,2026-01-01 01:02:13.389000+00:00
로얄포레,2026-01-14,11:33,40000,11,2,teescan,2026-01-01 01:02:13.389000+00:00
로얄포레,2026-01-14,11:40,40000,11,2,teescan,2026-01-01 01:02:13.389000+00:00
로얄포레,2026-01-14,11:47,40000,11,2,teescan,2026-01-01 01:02:13.389000+00:00
로얄포레,2026-01-14,11:54,40000,11,2,teescan,2026-01-01 01:02:13.389000+00:00
로얄포레,2026-01-14,12:01,40000,12,2,teescan,2026-01-01 01:02:13.389000+00:00
로얄포레,2026-01-14,12:06,50000,12,2,golfpang,2026-01-01 00:02:06.229000+00:00
리베라,2026-01-14,09:09,120000,9,2,teescan,2026-01-02 00:02:09.608000+00:00
리베라,2026-01-14,09:16,120000,9,2,teescan,2026-01-02 00:02:09.608000+00:00
리베라,2026-01-14,09:23,120000,9,2,teescan,2026-01-02 00:02:09.608000+00:00
리베라,2026-01-14,09:30,120000,9,2,teescan,2026-01-02 00:02:09.608000+00:00
리베라,2026-01-14,09:37,120000,9,2,teescan,2026-01-02 00:02:09.608000+00:00
리베라,2026-01-14,09:44,120000,9,2,teescan,2026-01-02 00:02:09.608000+00:00
리베라,2026-01-14,09:51,120000,9,2,teescan,2026-01-02 00:02:09.608000+00:00
리베라,2026-01-14,09:58,120000,9,2,teescan,2026-01-05 00:31:59.726000+00:00
리베라,2026-01-14,10:05,120000,10,2,teescan,2026-01-02 00:02:09.608000+00:00
리베라,2026-01-14,10:12,120000,10,2,teescan,2026-01-02 00:02:09.608000+00:00
리베라,2026-01-14,10:19,120000,10,2,teescan,2026-01-02 00:02:09.608000+00:00
리베라,2026-01-14,10:26,120000,10,2,teescan,2026-01-02 00:02:09.608000+00:00
리베라,2026-01-14,10:33,120000,10,2,teescan,2026-01-02 00:02:09.608000+00:00
리베라,2026-01-14,10:40,120000,10,2,teescan,2026-01-02 00:02:09.608000+00:00
리베라,2026-01-14,10:47,120000,10,2,teescan,2026-01-02 00:02:09.608000+00:00
리베라,2026-01-14,10:54,120000,10,2,teescan,2026-01-02 00:02:09.608000+00:00
리베라,2026-01-14,11:08,130000,11,2,golfpang,2026-01-06 04:32:00.679000+00:00
리베라,2026-01-14,11:22,160000,11,2,golfpang,2026-01-01 00:02:06.229000+00:00
마이다스,2026-01-14,09:58,120000,9,2,teescan,2026-01-02 02:32:03.931000+00:00
모나크,2026-01-14,09:40,60000,9,2,teescan,2026-01-01 00:02:06.229000+00:00
모나크,2026-01-14,09:47,60000,9,2,teescan,2026-01-01 00:02:06.884000+00:00
모나크,2026-01-14,09:54,60000,9,2,teescan,2026-01-01 00:02:06.884000+00:00
모나크,2026-01-14,10:01,60000,10,2,teescan,2026-01-01 00:02:06.884000+00:00
모나크,2026-01-14,10:08,60000,10,2,teescan,2026-01-01 00:02:06.884000+00:00
모나크,2026-01-14,10:15,60000,10,2,teescan,2026-01-01 00:02:06.884000+00:00
모나크,2026-01-14,10:22,60000,10,2,teescan,2026-01-01 00:02:06.884000+00:00
모나크,2026-01-14,10:29,60000,10,2,teescan,2026-01-01 00:02:06.884000+00:00
모나크,2026-01-14,10:36,60000,10,2,teescan,2026-01-01 00:02:06.884000+00:00
모나크,2026-01-14,10:43,60000,10,2,teescan,2026-01-01 00:02:06.229000+00:00
모나크,2026-01-14,10:50,60000,10,2,teescan,2026-01-01 00:02:06.884000+00:00
모나크,2026-01-14,10:57,60000,10,2,teescan,2026-01-01 00:02:06.884000+00:00
모나크,2026-01-14,11:11,70000,11,2,golfpang,2026-01-06 02:31:57.178000+00:00
벨라스톤,2026-01-14,09:30,49000,9,2,teescan,2026-01-05 02:01:47.334000+00:00
벨라스톤,2026-01-14,09:37,49000,9,2,teescan,2026-01-05 02:01:47.334000+00:00
벨라스톤,2026-01-14,09:44,49000,9,2,teescan,2026-01-05 02:01:47.334000+00:00
벨라스톤,2026-01-14,09:51,49000,9,2,teescan,2026-01-05 02:01:47.334000+00:00
벨라스톤,2026-01-14,09:58,49000,9,2,teescan,2026-01-05 02:01:47.334000+00:00
벨라스톤,2026-01-14,10:05,70000,10,2,teescan,2026-01-05 09:31:50.297000+00:00
벨라스톤,2026-01-14,10:12,70000,10,2,teescan,2026-01-05 09:31:50.297000+00:00
벨라스톤,2026-01-14,10:19,70000,10,2,teescan,2026-01-05 09:31:50.297000+00:00
벨라스톤,2026-01-14,10:26,70000,10,2,teescan,2026-01-05 09:31:50.297000+00:00
벨라스톤,2026-01-14,10:33,70000,10,2,teescan,2026-01-05 09:31:50.297000+00:00
벨라스톤,2026-01-14,10:47,70000,10,2,teescan,2026-01-05 09:31:50.297000+00:00
벨라스톤,2026-01-14,10:54,70000,10,2,teescan,2026-01-05 09:31:50.297000+00:00
벨라스톤,2026-01-14,11:01,80000,11,2,teescan,2026-01-05 09:31:50.297000+00:00
벨라스톤,2026-01-14,11:08,80000,11,2,teescan,2026-01-05 09:31:50.297000+00:00
벨라스톤,2026-01-14,11:15,80000,11,2,teescan,2026-01-05 09:31:50.297000+00:00
벨라스톤,2026-01-14,11:22,80000,11,2,teescan,2026-01-05 09:31:50.297000+00:00
벨라스톤,2026-01-14,11:29,80000,11,2,teescan,2026-01-05 09:31:50.297000+00:00
벨라스톤,2026-01-14,11:36,80000,11,2,teescan,2026-01-05 09:31:50.297000+00:00
벨라스톤,2026-01-14,11:43,80000,11,2,teescan,2026-01-05 09:31:50.297000+00:00
벨라스톤,2026-01-14,11:50,80000,11,2,teescan,2026-01-05 09:31:50.297000+00:00
블루원용인,2026-01-14,10:05,100000,10,2,teescan,2026-01-01 00:02:06.229000+00:00
블루원용인,2026-01-14,10:12,100000,10,2,teescan,2026-01-01 00:02:06.229000+00:00
블루원용인,2026-01-14,10:26,100000,10,2,teescan,2026-01-01 00:02:06.229000+00:00
블루원용인,2026-01-14,10:54,100000,10,2,teescan,2026-01-01 00:02:06.229000+00:00
블루원용인,2026-01-14,11:08,90000,11,2,golfpang,2026-01-05 19:31:38.819000+00:00
블루원용인,2026-01-14,11:15,100000,11,2,teescan,2026-01-01 00:02:06.229000+00:00
블루원용인,2026-01-14,11:22,100000,11,2,teescan,2026-01-01 00:02:06.229000+00:00
블루원용인,2026-01-14,11:57,100000,11,2,teescan,2026-01-01 00:02:06.229000+00:00
블루원용인,2026-01-14,12:25,100000,12,2,teescan,2026-01-01 00:02:06.229000+00:00
세현,2026-01-14,09:30,70000,9,2,teescan,2026-01-02 01:02:01.379000+00:00
세현,2026-01-14,09:37,70000,9,2,teescan,2026-01-02 01:02:01.379000+00:00
세현,2026-01-14,09:44,70000,9,2,teescan,2026-01-02 01:02:01.379000+00:00
세현,2026-01-14,09:51,70000,9,2,teescan,2026-01-02 01:02:01.379000+00:00
세현,2026-01-14,09:58,70000,9,2,teescan,2026-01-02 01:02:01.379000+00:00
세현,2026-01-14,10:05,70000,10,2,teescan,2026-01-02 01:02:01.379000+00:00
세현,2026-01-14,10:12,70000,10,2,teescan,2026-01-02 01:02:01.379000+00:00
세현,2026-01-14,10:19,70000,10,2,teescan,2026-01-02 01:02:01.379000+00:00
세현,2026-01-14,10:26,70000,10,2,teescan,2026-01-02 01:02:01.379000+00:00
세현,2026-01-14,10:33,70000,10,2,teescan,2026-01-02 01:02:01.379000+00:00
세현,2026-01-14,10:40,70000,10,2,teescan,2026-01-02 01:02:01.379000+00:00
세현,2026-01-14,10:47,70000,10,2,teescan,2026-01-02 01:02:01.379000+00:00
세현,2026-01-14,10:54,70000,10,2,teescan,2026-01-02 01:02:01.379000+00:00
세현,2026-01-14,11:01,70000,11,2,teescan,2026-01-02 01:02:01.379000+00:00
세현,2026-01-14,11:08,70000,11,2,teescan,2026-01-02 01:02:01.379000+00:00
세현,2026-01-14,11:15,70000,11,2,teescan,2026-01-02 01:02:01.379000+00:00
세현,2026-01-14,11:22,70000,11,2,teescan,2026-01-02 01:02:01.379000+00:00
세현,2026-01-14,11:29,70000,11,2,teescan,2026-01-02 01:02:01.379000+00:00
세현,2026-01-14,11:36,70000,11,2,teescan,2026-01-02 01:02:01.379000+00:00
세현,2026-01-14,11:43,70000,11,2,teescan,2026-01-02 01:02:01.379000+00:00
세현,2026-01-14,11:50,70000,11,2,teescan,2026-01-02 01:02:01.379000+00:00
수원,2026-01-14,10:05,150000,10,2,teescan,2026-01-02 03:02:04.582000+00:00
수원,2026-01-14,10:19,150000,10,2,teescan,2026-01-02 03:02:04.582000+00:00
수원,2026-01-14,10:40,150000,10,2,teescan,2026-01-02 03:02:04.582000+00:00
수원,2026-01-14,11:29,150000,11,2,teescan,2026-01-02 03:02:04.582000+00:00
수원,2026-01-14,11:57,150000,11,2,teescan,2026-01-02 03:02:04.582000+00:00
신라,2026-01-14,09:41,70000,9,2,teescan,2026-01-04 01:01:58.138000+00:00
신라,2026-01-14,09:48,70000,9,2,teescan,2026-01-04 01:01:58.138000+00:00
신라,2026-01-14,09:55,80000,9,2,golfpang,2026-01-05 08:01:46.076000+00:00
신라,2026-01-14,10:23,70000,10,2,teescan,2026-01-05 08:31:39.295000+00:00
신라,2026-01-14,10:30,70000,10,2,teescan,2026-01-05 08:31:39.295000+00:00
신라,2026-01-14,10:37,70000,10,2,teescan,2026-01-05 08:31:39.295000+00:00
신라,2026-01-14,11:05,70000,11,2,teescan,2026-01-05 08:31:39.295000+00:00
신라,2026-01-14,11:12,70000,11,2,teescan,2026-01-05 08:31:39.295000+00:00
신라,2026-01-14,11:47,70000,11,2,teescan,2026-01-04 01:01:58.138000+00:00
신라,2026-01-14,11:54,70000,11,2,teescan,2026-01-04 01:01:58.138000+00:00
써닝포인트,2026-01-14,10:05,75000,10,2,teescan,2026-01-01 00:02:06.229000+00:00
써닝포인트,2026-01-14,10:12,75000,10,2,teescan,2026-01-01 00:02:06.229000+00:00
써닝포인트,2026-01-14,10:19,75000,10,2,teescan,2026-01-01 00:02:06.229000+00:00
써닝포인트,2026-01-14,10:26,75000,10,2,teescan,2026-01-01 00:02:06.229000+00:00
써닝포인트,2026-01-14,10:27,60000,10,2,golfpang,2026-01-03 08:32:04.113000+00:00
써닝포인트,2026-01-14,10:33,75000,10,2,teescan,2026-01-01 00:02:06.229000+00:00
써닝포인트,2026-01-14,10:40,75000,10,2,teescan,2026-01-01 00:02:06.229000+00:00
써닝포인트,2026-01-14,10:47,75000,10,2,teescan,2026-01-01 00:02:06.229000+00:00
써닝포인트,2026-01-14,10:54,75000,10,2,teescan,2026-01-01 00:02:06.229000+00:00
써닝포인트,2026-01-14,11:01,75000,11,2,teescan,2026-01-01 00:02:06.229000+00:00
써닝포인트,2026-01-14,11:08,75000,11,2,teescan,2026-01-01 00:02:06.229000+00:00
써닝포인트,2026-01-14,11:15,75000,11,2,teescan,2026-01-01 00:02:06.229000+00:00
써닝포인트,2026-01-14,11:22,75000,11,2,teescan,2026-01-01 00:02:06.229000+00:00
써닝포인트,2026-01-14,11:29,75000,11,2,teescan,2026-01-01 00:02:06.229000+00:00
써닝포인트,2026-01-14,11:36,75000,11,2,teescan,2026-01-01 00:02:06.229000+00:00
써닝포인트,2026-01-14,11:43,75000,11,2,teescan,2026-01-01 00:02:06.229000+00:00
써닝포인트,2026-01-14,11:50,75000,11,2,teescan,2026-01-01 00:02:06.229000+00:00
써닝포인트,2026-01-14,11:57,75000,11,2,teescan,2026-01-01 00:02:06.229000+00:00
써닝포인트,2026-01-14,12:04,75000,12,2,teescan,2026-01-01 00:02:06.229000+00:00
써닝포인트,2026-01-14,12:11,75000,12,2,teescan,2026-01-01 00:02:06.229000+00:00
써닝포인트,2026-01-14,12:18,75000,12,2,teescan,2026-01-01 00:02:06.229000+00:00
양지파인,2026-01-14,09:30,55000,9,2,teescan,2026-01-01 00:02:06.229000+00:00
양지파인,2026-01-14,09:37,55000,9,2,teescan,2026-01-01 00:02:06.229000+00:00
양지파인,2026-01-14,09:44,55000,9,2,teescan,2026-01-01 00:02:06.229000+00:00
양지파인,2026-01-14,09:51,55000,9,2,teescan,2026-01-01 00:02:06.229000+00:00
양지파인,2026-01-14,09:58,55000,9,2,teescan,2026-01-01 00:02:06.229000+00:00
양지파인,2026-01-14,10:05,55000,10,2,teescan,2026-01-01 00:02:06.229000+00:00
양지파인,2026-01-14,10:12,55000,10,2,teescan,2026-01-01 00:02:06.229000+00:00
양지파인,2026-01-14,10:19,55000,10,2,teescan,2026-01-01 00:02:06.229000+00:00
양지파인,2026-01-14,10:26,55000,10,2,teescan,2026-01-01 00:02:06.229000+00:00
양지파인,2026-01-14,10:33,75000,10,2,teescan,2026-01-01 00:02:06.229000+00:00
양지파인,2026-01-14,10:40,75000,10,2,teescan,2026-01-01 00:02:06.229000+00:00
양지파인,2026-01-14,10:47,75000,10,2,teescan,2026-01-01 00:02:06.229000+00:00
양지파인,2026-01-14,10:54,75000,10,2,teescan,2026-01-01 00:02:06.229000+00:00
양지파인,2026-01-14,11:01,75000,11,2,teescan,2026-01-01 00:02:06.229000+00:00
양지파인,2026-01-14,11:08,75000,11,2,teescan,2026-01-01 00:02:06.229000+00:00
양지파인,2026-01-14,11:15,75000,11,2,teescan,2026-01-01 00:02:06.229000+00:00
양지파인,2026-01-14,11:22,75000,11,2,teescan,2026-01-01 00:02:06.229000+00:00
양지파인,2026-01-14,11:29,75000,11,2,teescan,2026-01-01 00:02:06.229000+00:00
양지파인,2026-01-14,11:36,65000,11,2,teescan,2026-01-01 00:02:06.229000+00:00
양지파인,2026-01-14,11:43,65000,11,2,teescan,2026-01-01 00:02:06.229000+00:00
양지파인,2026-01-14,11:50,65000,11,2,teescan,2026-01-01 00:02:06.229000+00:00
올데이,2026-01-14,10:00,40000,10,2,teescan,2026-01-01 00:02:06.229000+00:00
올데이,2026-01-14,10:07,40000,10,2,teescan,2026-01-01 00:02:06.884000+00:00
올데이,2026-01-14,10:14,40000,10,2,teescan,2026-01-05 09:01:56.802000+00:00
올데이,2026-01-14,10:35,45000,10,2,teescan,2026-01-01 00:02:06.229000+00:00
올데이,2026-01-14,10:42,45000,10,2,teescan,2026-01-01 00:02:06.884000+00:00
올데이,2026-01-14,10:49,45000,10,2,golfpang,2026-01-06 04:32:00.679000+00:00
올데이,2026-01-14,11:03,45000,11,2,teescan,2026-01-01 00:02:06.884000+00:00
올데이,2026-01-14,11:10,45000,11,2,teescan,2026-01-01 00:02:06.229000+00:00
올데이,2026-01-14,11:31,40000,11,2,teescan,2026-01-01 00:02:06.884000+00:00
올데이,2026-01-14,11:38,40000,11,2,teescan,2026-01-01 00:02:06.229000+00:00
올데이,2026-01-14,11:59,40000,11,2,teescan,2026-01-01 00:02:06.884000+00:00
올데이,2026-01-14,12:06,40000,12,2,teescan,2026-01-01 00:02:06.229000+00:00
윈체스트,2026-01-14,09:41,70000,9,2,teescan,2026-01-04 01:01:58.138000+00:00
윈체스트,2026-01-14,09:48,70000,9,2,teescan,2026-01-04 01:01:58.138000+00:00
윈체스트,2026-01-14,10:23,70000,10,2,teescan,2026-01-05 08:31:39.295000+00:00
윈체스트,2026-01-14,10:30,70000,10,2,teescan,2026-01-05 08:31:39.295000+00:00
윈체스트,2026-01-14,10:37,70000,10,2,teescan,2026-01-05 08:31:39.295000+00:00
윈체스트,2026-01-14,11:05,70000,11,2,teescan,2026-01-05 08:31:39.295000+00:00
윈체스트,2026-01-14,11:12,70000,11,2,teescan,2026-01-05 08:31:39.295000+00:00
윈체스트,2026-01-14,11:47,70000,11,2,teescan,2026-01-04 01:01:58.138000+00:00
윈체스트,2026-01-14,11:54,70000,11,2,teescan,2026-01-04 01:01:58.138000+00:00
은화삼,2026-01-14,09:30,100000,9,2,teescan,2026-01-01 00:02:06.229000+00:00
은화삼,2026-01-14,09:51,100000,9,2,teescan,2026-01-01 00:02:06.229000+00:00
은화삼,2026-01-14,10:12,100000,10,2,teescan,2026-01-01 00:02:06.229000+00:00
은화삼,2026-01-14,10:33,100000,10,2,teescan,2026-01-01 00:02:06.229000+00:00
은화삼,2026-01-14,10:54,100000,10,2,teescan,2026-01-01 00:02:06.229000+00:00
은화삼,2026-01-14,11:15,100000,11,2,teescan,2026-01-01 00:02:06.229000+00:00
은화삼,2026-01-14,11:36,100000,11,2,teescan,2026-01-01 00:02:06.229000+00:00
은화삼,2026-01-14,11:57,100000,11,2,teescan,2026-01-01 00:02:06.229000+00:00
이글몬트,2026-01-14,09:30,90000,9,2,teescan,2026-01-01 00:02:06.229000+00:00
이글몬트,2026-01-14,09:37,90000,9,2,teescan,2026-01-01 00:02:06.229000+00:00
이글몬트,2026-01-14,09:44,90000,9,2,teescan,2026-01-01 00:02:06.229000+00:00
이글몬트,2026-01-14,09:51,90000,9,2,teescan,2026-01-01 00:02:06.229000+00:00
이글몬트,2026-01-14,09:58,90000,9,2,teescan,2026-01-01 00:02:06.229000+00:00
이글몬트,2026-01-14,10:05,90000,10,2,teescan,2026-01-01 00:02:06.229000+00:00
이글몬트,2026-01-14,10:12,90000,10,2,teescan,2026-01-01 00:02:06.229000+00:00
이글몬트,2026-01-14,10:19,90000,10,2,teescan,2026-01-01 00:02:06.229000+00:00
이글몬트,2026-01-14,10:26,90000,10,2,teescan,2026-01-01 00:02:06.229000+00:00
이글몬트,2026-01-14,10:33,90000,10,2,teescan,2026-01-01 00:02:06.229000+00:00
이글몬트,2026-01-14,10:40,90000,10,2,teescan,2026-01-01 00:02:06.229000+00:00
이글몬트,2026-01-14,10:47,90000,10,2,teescan,2026-01-01 00:02:06.229000+00:00
이글몬트,2026-01-14,10:54,90000,10,2,teescan,2026-01-01 00:02:06.229000+00:00
이글몬트,2026-01-14,11:01,90000,11,2,teescan,2026-01-01 00:02:06.229000+00:00
이글몬트,2026-01-14,11:08,90000,11,2,teescan,2026-01-01 00:02:06.229000+00:00
이글몬트,2026-01-14,11:15,90000,11,2,teescan,2026-01-01 00:02:06.229000+00:00
이글몬트,2026-01-14,11:22,90000,11,2,teescan,2026-01-01 00:02:06.229000+00:00
이글몬트,2026-01-14,11:29,90000,11,2,teescan,2026-01-01 00:02:06.229000+00:00
이글몬트,2026-01-14,11:36,90000,11,2,teescan,2026-01-01 00:02:06.229000+00:00
이글몬트,2026-01-14,11:43,90000,11,2,teescan,2026-01-01 00:02:06.229000+00:00
이글몬트,2026-01-14,11:50,90000,11,2,teescan,2026-01-01 00:02:06.229000+00:00
일레븐,2026-01-14,09:37,40000,9,2,teescan,2026-01-05 03:31:54.958000+00:00
일레븐,2026-01-14,09:44,40000,9,2,teescan,2026-01-05 03:31:54.958000+00:00
일레븐,2026-01-14,09:51,40000,9,2,teescan,2026-01-01 00:02:06.229000+00:00
일레븐,2026-01-14,09:58,40000,9,2,teescan,2026-01-01 00:02:06.229000+00:00
일레븐,2026-01-14,10:05,40000,10,2,teescan,2026-01-01 00:02:06.229000+00:00
일레븐,2026-01-14,10:12,40000,10,2,teescan,2026-01-01 00:02:06.884000+00:00
일레븐,2026-01-14,10:19,40000,10,2,teescan,2026-01-01 00:02:06.884000+00:00
일레븐,2026-01-14,10:26,40000,10,2,teescan,2026-01-01 00:02:06.229000+00:00
일레븐,2026-01-14,10:33,40000,10,2,teescan,2026-01-01 00:02:06.229000+00:00
일레븐,2026-01-14,10:40,40000,10,2,teescan,2026-01-01 00:02:06.884000+00:00
일레븐,2026-01-14,10:47,40000,10,2,teescan,2026-01-01 00:02:06.884000+00:00
일레븐,2026-01-14,10:54,40000,10,2,teescan,2026-01-01 00:02:06.229000+00:00
일레븐,2026-01-14,11:01,40000,11,2,teescan,2026-01-01 00:02:06.229000+00:00
일레븐,2026-01-14,11:08,40000,11,2,teescan,2026-01-01 00:02:06.884000+00:00
일레븐,2026-01-14,11:15,40000,11,2,teescan,2026-01-01 00:02:06.884000+00:00
일레븐,2026-01-14,11:22,40000,11,2,teescan,2026-01-01 00:02:06.229000+00:00
일레븐,2026-01-14,11:29,40000,11,2,teescan,2026-01-01 00:02:06.884000+00:00
일레븐,2026-01-14,11:36,40000,11,2,teescan,2026-01-01 00:02:06.884000+00:00
일레븐,2026-01-14,11:43,40000,11,2,teescan,2026-01-01 00:02:06.884000+00:00
일레븐,2026-01-14,11:50,40000,11,2,teescan,2026-01-01 00:02:06.884000+00:00
일레븐,2026-01-14,11:57,40000,11,2,teescan,2026-01-01 00:02:06.229000+00:00
일레븐,2026-01-14,12:04,40000,12,2,teescan,2026-01-01 00:02:06.229000+00:00
일레븐,2026-01-14,12:11,40000,12,2,golfpang,2026-01-06 05:01:43.989000+00:00
진양밸리,2026-01-14,09:30,60000,9,2,teescan,2026-01-01 00:02:06.884000+00:00
진양밸리,2026-01-14,09:37,60000,9,2,teescan,2026-01-01 00:02:06.884000+00:00
진양밸리,2026-01-14,09:44,60000,9,2,teescan,2026-01-01 00:02:06.884000+00:00
진양밸리,2026-01-14,09:51,60000,9,2,teescan,2026-01-01 00:02:06.884000+00:00
진양밸리,2026-01-14,09:58,60000,9,2,teescan,2026-01-01 00:02:06.884000+00:00
진양밸리,2026-01-14,10:05,60000,10,2,teescan,2026-01-01 00:02:06.884000+00:00
진양밸리,2026-01-14,10:12,60000,10,2,teescan,2026-01-01 00:02:06.884000+00:00
진양밸리,2026-01-14,10:19,60000,10,2,teescan,2026-01-01 00:02:06.884000+00:00
진양밸리,2026-01-14,10:26,60000,10,2,teescan,2026-01-01 00:02:06.884000+00:00
진양밸리,2026-01-14,10:33,60000,10,2,teescan,2026-01-01 00:02:06.884000+00:00
진양밸리,2026-01-14,10:40,60000,10,2,teescan,2026-01-01 00:02:06.884000+00:00
진양밸리,2026-01-14,10:47,60000,10,2,teescan,2026-01-01 00:02:06.884000+00:00
진양밸리,2026-01-14,10:54,60000,10,2,teescan,2026-01-01 00:02:06.884000+00:00
진양밸리,2026-01-14,11:01,60000,11,2,teescan,2026-01-01 00:02:06.884000+00:00
진양밸리,2026-01-14,11:08,60000,11,2,teescan,2026-01-01 00:02:06.884000+00:00
진양밸리,2026-01-14,11:15,60000,11,2,teescan,2026-01-01 00:02:06.884000+00:00
진양밸리,2026-01-14,11:22,60000,11,2,teescan,2026-01-01 00:02:06.884000+00:00
진양밸리,2026-01-14,11:29,60000,11,2,teescan,2026-01-01 00:02:06.884000+00:00
진양밸리,2026-01-14,11:36,60000,11,2,teescan,2026-01-01 00:02:06.884000+00:00
진양밸리,2026-01-14,11:43,60000,11,2,teescan,2026-01-01 00:02:06.884000+00:00
진양밸리,2026-01-14,11:50,60000,11,2,teescan,2026-01-01 00:02:06.884000+00:00
코리아,2026-01-14,09:30,150000,9,2,teescan,2026-01-01 00:02:06.229000+00:00
코리아,2026-01-14,09:44,109000,9,2,golfpang,2026-01-05 10:31:50.264000+00:00
코리아,2026-01-14,09:51,150000,9,2,teescan,2026-01-01 00:02:06.229000+00:00
코리아,2026-01-14,09:58,99000,9,2,golfpang,2026-01-06 03:31:46.287000+00:00
코리아,2026-01-14,10:05,150000,10,2,teescan,2026-01-01 00:02:06.229000+00:00
코리아,2026-01-14,10:12,109000,10,2,golfpang,2026-01-05 10:31:50.264000+00:00
코리아,2026-01-14,10:26,99000,10,2,golfpang,2026-01-06 04:32:00.679000+00:00
코리아,2026-01-14,10:33,150000,10,2,teescan,2026-01-01 00:02:06.229000+00:00
코리아,2026-01-14,10:54,150000,10,2,teescan,2026-01-01 00:02:06.229000+00:00
코리아,2026-01-14,11:15,150000,11,2,teescan,2026-01-01 00:02:06.229000+00:00
코리아,2026-01-14,11:22,150000,11,2,teescan,2026-01-01 00:02:06.229000+00:00
코리아,2026-01-14,11:36,99000,11,2,golfpang,2026-01-06 04:32:00.679000+00:00
코리아,2026-01-14,11:43,150000,11,2,teescan,2026-01-01 00:02:06.229000+00:00
태광,2026-01-14,09:20,150000,9,2,teescan,2026-01-01 00:02:06.229000+00:00
태광,2026-01-14,09:41,150000,9,2,teescan,2026-01-01 00:02:06.229000+00:00
태광,2026-01-14,10:02,150000,10,2,teescan,2026-01-05 00:01:56.477000+00:00
태광,2026-01-14,10:16,150000,10,2,teescan,2026-01-01 00:02:06.229000+00:00
태광,2026-01-14,10:23,150000,10,2,teescan,2026-01-05 07:01:58.742000+00:00
태광,2026-01-14,10:44,150000,10,2,teescan,2026-01-01 00:02:06.229000+00:00
태광,2026-01-14,11:19,150000,11,2,teescan,2026-01-01 00:02:06.229000+00:00
태광,2026-01-14,11:33,150000,11,2,teescan,2026-01-01 00:02:06.229000+00:00
태광,2026-01-14,11:47,150000,11,2,teescan,2026-01-01 00:02:06.229000+00:00
태광,2026-01-14,12:01,150000,12,2,teescan,2026-01-05 00:01:56.477000+00:00
포웰,2026-01-14,09:35,60000,9,2,golfpang,2026-01-06 04:01:42.815000+00:00
포웰,2026-01-14,10:10,70000,10,2,golfpang,2026-01-06 04:32:00.679000+00:00
포웰,2026-01-14,14:54,60000,14,2,golfpang,2026-01-06 01:01:48.866000+00:00
포웰,2026-01-14,15:01,60000,15,2,teescan,2026-01-05 01:31:41.005000+00:00
플라자용인,2026-01-14,09:27,100000,9,2,teescan,2026-01-01 00:02:06.229000+00:00
플라자용인,2026-01-14,09:28,100000,9,2,teescan,2026-01-01 00:02:06.229000+00:00
플라자용인,2026-01-14,09:29,100000,9,2,teescan,2026-01-06 02:31:57.178000+00:00
플라자용인,2026-01-14,09:30,100000,9,2,teescan,2026-01-01 00:02:06.229000+00:00
플라자용인,2026-01-14,09:34,100000,9,2,teescan,2026-01-01 00:02:06.229000+00:00
플라자용인,2026-01-14,09:35,100000,9,2,teescan,2026-01-01 00:02:06.229000+00:00
플라자용인,2026-01-14,09:41,100000,9,2,teescan,2026-01-01 00:02:06.229000+00:00
플라자용인,2026-01-14,09:42,100000,9,2,teescan,2026-01-01 00:02:06.229000+00:00
플라자용인,2026-01-14,09:43,100000,9,2,teescan,2026-01-01 00:02:06.229000+00:00
플라자용인,2026-01-14,09:44,100000,9,2,teescan,2026-01-01 00:02:06.229000+00:00
플라자용인,2026-01-14,09:48,100000,9,2,teescan,2026-01-01 00:02:06.229000+00:00
플라자용인,2026-01-14,09:49,100000,9,2,teescan,2026-01-01 00:02:06.229000+00:00
플라자용인,2026-01-14,09:50,100000,9,2,teescan,2026-01-01 00:02:06.229000+00:00
플라자용인,2026-01-14,09:51,100000,9,2,teescan,2026-01-01 00:02:06.229000+00:00
플라자용인,2026-01-14,09:55,100000,9,2,teescan,2026-01-01 00:02:06.229000+00:00
플라자용인,2026-01-14,09:56,100000,9,2,teescan,2026-01-01 00:02:06.229000+00:00
플라자용인,2026-01-14,09:57,100000,9,2,teescan,2026-01-01 00:02:06.229000+00:00
플라자용인,2026-01-14,09:58,100000,9,2,teescan,2026-01-01 00:02:06.229000+00:00
플라자용인,2026-01-14,10:02,100000,10,2,teescan,2026-01-01 00:02:06.229000+00:00
플라자용인,2026-01-14,10:03,100000,10,2,teescan,2026-01-01 00:02:06.229000+00:00
플라자용인,2026-01-14,10:05,100000,10,2,teescan,2026-01-01 00:02:06.229000+00:00
플라자용인,2026-01-14,10:09,100000,10,2,teescan,2026-01-01 00:02:06.229000+00:00
플라자용인,2026-01-14,10:10,100000,10,2,teescan,2026-01-01 00:02:06.229000+00:00
플라자용인,2026-01-14,10:11,100000,10,2,teescan,2026-01-01 00:02:06.229000+00:00
플라자용인,2026-01-14,10:12,100000,10,2,teescan,2026-01-01 00:02:06.229000+00:00
플라자용인,2026-01-14,10:16,100000,10,2,teescan,2026-01-01 00:02:06.229000+00:00
플라자용인,2026-01-14,10:17,100000,10,2,teescan,2026-01-01 00:02:06.229000+00:00
플라자용인,2026-01-14,10:18,100000,10,2,teescan,2026-01-01 00:02:06.229000+00:00
플라자용인,2026-01-14,10:19,100000,10,2,teescan,2026-01-01 00:02:06.229000+00:00
플라자용인,2026-01-14,10:23,100000,10,2,teescan,2026-01-01 00:02:06.229000+00:00
플라자용인,2026-01-14,10:24,100000,10,2,teescan,2026-01-01 00:02:06.229000+00:00
플라자용인,2026-01-14,10:25,100000,10,2,teescan,2026-01-01 00:02:06.229000+00:00
플라자용인,2026-01-14,10:26,100000,10,2,teescan,2026-01-05 09:31:50.297000+00:00
플라자용인,2026-01-14,10:30,100000,10,2,teescan,2026-01-01 00:02:06.229000+00:00
플라자용인,2026-01-14,10:31,100000,10,2,teescan,2026-01-01 00:02:06.229000+00:00
플라자용인,2026-01-14,10:33,100000,10,2,teescan,2026-01-01 00:02:06.229000+00:00
플라자용인,2026-01-14,10:37,100000,10,2,teescan,2026-01-01 00:02:06.229000+00:00
플라자용인,2026-01-14,10:38,100000,10,2,teescan,2026-01-01 00:02:06.229000+00:00
플라자용인,2026-01-14,10:39,100000,10,2,teescan,2026-01-01 00:02:06.229000+00:00
플라자용인,2026-01-14,10:40,100000,10,2,teescan,2026-01-01 00:02:06.229000+00:00
플라자용인,2026-01-14,10:44,100000,10,2,teescan,2026-01-01 00:02:06.229000+00:00
플라자용인,2026-01-14,10:45,100000,10,2,teescan,2026-01-01 00:02:06.229000+00:00
플라자용인,2026-01-14,10:46,100000,10,2,teescan,2026-01-01 00:02:06.229000+00:00
플라자용인,2026-01-14,10:47,100000,10,2,teescan,2026-01-01 00:02:06.229000+00:00
플라자용인,2026-01-14,10:51,100000,10,2,teescan,2026-01-01 00:02:06.229000+00:00
플라자용인,2026-01-14,10:52,100000,10,2,teescan,2026-01-01 00:02:06.229000+00:00
플라자용인,2026-01-14,10:54,100000,10,2,teescan,2026-01-01 00:02:06.229000+00:00
플라자용인,2026-01-14,10:58,100000,10,2,teescan,2026-01-01 00:02:06.229000+00:00
플라자용인,2026-01-14,10:59,100000,10,2,teescan,2026-01-01 00:02:06.229000+00:00
플라자용인,2026-01-14,11:00,100000,11,2,golfpang,2026-01-03 14:31:53.529000+00:00
플라자용인,2026-01-14,11:05,100000,11,2,teescan,2026-01-01 00:02:06.229000+00:00
플라자용인,2026-01-14,11:06,100000,11,2,teescan,2026-01-01 00:02:06.229000+00:00
플라자용인,2026-01-14,11:08,100000,11,2,teescan,2026-01-05 05:31:55.691000+00:00
플라자용인,2026-01-14,11:12,100000,11,2,teescan,2026-01-01 00:02:06.229000+00:00
플라자용인,2026-01-14,11:13,100000,11,2,teescan,2026-01-01 00:02:06.229000+00:00
플라자용인,2026-01-14,11:14,100000,11,2,teescan,2026-01-03 09:02:14.663000+00:00
플라자용인,2026-01-14,11:15,100000,11,2,teescan,2026-01-01 00:02:06.229000+00:00
플라자용인,2026-01-14,11:19,100000,11,2,teescan,2026-01-01 00:02:06.229000+00:00
플라자용인,2026-01-14,11:20,100000,11,2,teescan,2026-01-01 00:02:06.229000+00:00
플라자용인,2026-01-14,11:22,100000,11,2,teescan,2026-01-01 00:02:06.229000+00:00
플라자용인,2026-01-14,11:26,100000,11,2,teescan,2026-01-01 00:02:06.229000+00:00
플라자용인,2026-01-14,11:27,100000,11,2,teescan,2026-01-01 00:02:06.229000+00:00
플라자용인,2026-01-14,11:33,100000,11,2,teescan,2026-01-01 00:02:06.229000+00:00
플라자용인,2026-01-14,11:34,100000,11,2,teescan,2026-01-01 00:02:06.229000+00:00
플라자용인,2026-01-14,11:40,100000,11,2,teescan,2026-01-01 00:02:06.229000+00:00
플라자용인,2026-01-14,11:41,100000,11,2,teescan,2026-01-01 00:02:06.229000+00:00
플라자용인,2026-01-14,11:42,100000,11,2,teescan,2026-01-01 00:02:06.229000+00:00
플라자용인,2026-01-14,11:43,100000,11,2,teescan,2026-01-01 00:02:06.229000+00:00
한림용인,2026-01-14,09:30,110000,9,2,teescan,2026-01-01 00:02:06.229000+00:00
한림용인,2026-01-14,09:37,110000,9,2,teescan,2026-01-01 00:02:06.229000+00:00
한림용인,2026-01-14,09:44,110000,9,2,teescan,2026-01-01 00:02:06.229000+00:00
한림용인,2026-01-14,09:51,110000,9,2,teescan,2026-01-01 00:02:06.229000+00:00
한림용인,2026-01-14,09:58,110000,9,2,teescan,2026-01-01 00:02:06.229000+00:00
한림용인,2026-01-14,10:05,120000,10,2,teescan,2026-01-01 00:02:06.229000+00:00
한림용인,2026-01-14,10:12,120000,10,2,teescan,2026-01-01 00:02:06.229000+00:00
한림용인,2026-01-14,10:19,120000,10,2,teescan,2026-01-01 00:02:06.229000+00:00
한림용인,2026-01-14,10:26,120000,10,2,teescan,2026-01-01 00:02:06.229000+00:00
한림용인,2026-01-14,10:33,120000,10,2,teescan,2026-01-01 00:02:06.229000+00:00
한림용인,2026-01-14,10:40,120000,10,2,teescan,2026-01-01 00:02:06.229000+00:00
한림용인,2026-01-14,10:47,120000,10,2,teescan,2026-01-01 00:02:06.229000+00:00
한림용인,2026-01-14,10:54,120000,10,2,teescan,2026-01-01 00:02:06.229000+00:00
한림용인,2026-01-14,11:01,120000,11,2,teescan,2026-01-01 00:02:06.229000+00:00
한림용인,2026-01-14,11:08,120000,11,2,teescan,2026-01-01 00:02:06.229000+00:00
한림용인,2026-01-14,11:15,120000,11,2,teescan,2026-01-01 00:02:06.229000+00:00
한림용인,2026-01-14,11:22,120000,11,2,teescan,2026-01-01 00:02:06.229000+00:00
한림용인,2026-01-14,11:29,120000,11,2,teescan,2026-01-01 00:02:06.229000+00:00
한림용인,2026-01-14,11:36,120000,11,2,teescan,2026-01-01 00:02:06.229000+00:00
한림용인,2026-01-14,11:43,120000,11,2,teescan,2026-01-01 00:02:06.229000+00:00
한림용인,2026-01-14,11:50,120000,11,2,teescan,2026-01-01 00:02:06.229000+00:00
한림용인,2026-01-14,11:57,120000,11,2,teescan,2026-01-01 00:02:06.229000+00:00
한원,2026-01-14,09:35,99000,9,2,teescan,2026-01-01 00:02:06.229000+00:00
한원,2026-01-14,09:42,99000,9,2,teescan,2026-01-01 00:02:06.229000+00:00
한원,2026-01-14,09:49,99000,9,2,teescan,2026-01-01 00:02:06.229000+00:00
한원,2026-01-14,09:56,99000,9,2,teescan,2026-01-01 00:02:06.229000+00:00
한원,2026-01-14,10:17,99000,10,2,teescan,2026-01-01 00:02:06.229000+00:00
한원,2026-01-14,10:31,99000,10,2,teescan,2026-01-01 00:02:06.229000+00:00
한원,2026-01-14,10:38,99000,10,2,teescan,2026-01-01 00:02:06.229000+00:00
한원,2026-01-14,10:45,99000,10,2,teescan,2026-01-01 00:02:06.229000+00:00
한원,2026-01-14,10:59,99000,10,2,teescan,2026-01-01 00:02:06.229000+00:00
한원,2026-01-14,11:13,99000,11,2,teescan,2026-01-01 00:02:06.229000+00:00
한원,2026-01-14,11:20,99000,11,2,teescan,2026-01-01 00:02:06.229000+00:00
한원,2026-01-14,11:27,99000,11,2,teescan,2026-01-01 00:02:06.229000+00:00
한원,2026-01-14,11:34,99000,11,2,teescan,2026-01-01 00:02:06.229000+00:00
해솔리아,2026-01-14,09:00,130000,9,2,teescan,2026-01-01 00:02:06.229000+00:00
해솔리아,2026-01-14,09:07,130000,9,2,teescan,2026-01-01 00:02:06.229000+00:00
해솔리아,2026-01-14,09:14,130000,9,2,teescan,2026-01-01 00:02:06.229000+00:00
해솔리아,2026-01-14,09:21,130000,9,2,teescan,2026-01-01 00:02:06.229000+00:00
해솔리아,2026-01-14,09:28,130000,9,2,teescan,2026-01-01 00:02:06.229000+00:00
해솔리아,2026-01-14,09:35,130000,9,2,teescan,2026-01-01 00:02:06.229000+00:00
해솔리아,2026-01-14,09:42,130000,9,2,teescan,2026-01-01 00:02:06.229000+00:00
해솔리아,2026-01-14,09:49,130000,9,2,teescan,2026-01-01 00:02:06.229000+00:00
해솔리아,2026-01-14,09:56,130000,9,2,teescan,2026-01-01 00:02:06.229000+00:00
해솔리아,2026-01-14,10:03,130000,10,2,teescan,2026-01-01 00:02:06.229000+00:00
해솔리아,2026-01-14,10:10,130000,10,2,teescan,2026-01-01 00:02:06.229000+00:00
해솔리아,2026-01-14,10:17,130000,10,2,teescan,2026-01-01 00:02:06.229000+00:00
해솔리아,2026-01-14,10:24,130000,10,2,teescan,2026-01-01 00:02:06.229000+00:00
해솔리아,2026-01-14,10:31,130000,10,2,teescan,2026-01-01 00:02:06.229000+00:00
해솔리아,2026-01-14,10:38,130000,10,2,teescan,2026-01-01 00:02:06.229000+00:00
해솔리아,2026-01-14,10:45,130000,10,2,teescan,2026-01-01 00:02:06.229000+00:00
해솔리아,2026-01-14,10:52,130000,10,2,teescan,2026-01-01 00:02:06.229000+00:00
해솔리아,2026-01-14,10:59,130000,10,2,teescan,2026-01-01 00:02:06.229000+00:00
해솔리아,2026-01-14,11:06,130000,11,2,teescan,2026-01-01 00:02:06.229000+00:00
해솔리아,2026-01-14,11:13,130000,11,2,teescan,2026-01-01 00:02:06.229000+00:00
해솔리아,2026-01-14,11:20,130000,11,2,teescan,2026-01-01 00:02:06.229000+00:00
해솔리아,2026-01-14,11:27,130000,11,2,teescan,2026-01-01 00:02:06.229000+00:00
화성상록,2026-01-14,10:19,130000,10,2,teescan,2026-01-05 04:31:43.676000+00:00
화성상록,2026-01-14,11:08,130000,11,2,teescan,2026-01-05 04:31:43.676000+00:00
화성상록,2026-01-14,11:29,130000,11,2,teescan,2026-01-05 04:31:43.676000+00:00
히든밸리,2026-01-14,09:44,50000,9,2,teescan,2026-01-01 00:02:06.884000+00:00
히든밸리,2026-01-14,09:51,50000,9,2,teescan,2026-01-01 00:02:06.884000+00:00
히든밸리,2026-01-14,09:58,50000,9,2,teescan,2026-01-01 00:02:06.884000+00:00
히든밸리,2026-01-14,10:05,50000,10,2,teescan,2026-01-01 00:02:06.884000+00:00
히든밸리,2026-01-14,10:12,50000,10,2,teescan,2026-01-01 00:02:06.884000+00:00
히든밸리,2026-01-14,10:19,50000,10,2,teescan,2026-01-01 00:02:06.884000+00:00
히든밸리,2026-01-14,10:26,50000,10,2,teescan,2026-01-01 00:02:06.884000+00:00
히든밸리,2026-01-14,10:33,50000,10,2,teescan,2026-01-01 00:02:06.229000+00:00
히든밸리,2026-01-14,10:40,50000,10,2,teescan,2026-01-01 00:02:06.884000+00:00
히든밸리,2026-01-14,10:47,50000,10,2,teescan,2026-01-01 00:02:06.884000+00:00
히든밸리,2026-01-14,10:54,50000,10,2,teescan,2026-01-01 00:02:06.884000+00:00
히든밸리,2026-01-14,11:01,50000,11,2,teescan,2026-01-01 00:02:06.884000+00:00
히든밸리,2026-01-14,11:08,50000,11,2,teescan,2026-01-01 00:02:06.884000+00:00
히든밸리,2026-01-14,11:15,50000,11,2,teescan,2026-01-01 00:02:06.229000+00:00
히든밸리,2026-01-14,11:22,50000,11,2,teescan,2026-01-01 00:02:06.884000+00:00
히든밸리,2026-01-14,11:29,50000,11,2,teescan,2026-01-01 00:02:06.884000+00:00
히든밸리,2026-01-14,11:36,50000,11,2,teescan,2026-01-01 00:02:06.884000+00:00
히든밸리,2026-01-14,11:43,50000,11,2,teescan,2026-01-01 00:02:06.884000+00:00
히든밸리,2026-01-14,11:50,50000,11,2,teescan,2026-01-01 00:02:06.884000+00:00
히든밸리,2026-01-14,11:57,50000,11,2,teescan,2026-01-01 00:02:06.884000+00:00
히든밸리,2026-01-14,12:04,50000,12,2,teescan,2026-01-01 00:02:06.884000+00:00
히든밸리,2026-01-14,12:11,50000,12,2,teescan,2026-01-01 00:02:06.884000+00:00
히든밸리,2026-01-14,12:18,50000,12,2,teescan,2026-01-01 00:02:06.884000+00:00
힐데스,2026-01-14,09:37,35000,9,2,teescan,2026-01-05 07:01:58.742000+00:00
힐데스,2026-01-14,09:44,35000,9,2,teescan,2026-01-05 07:01:58.742000+00:00
힐데스,2026-01-14,09:52,35000,9,2,teescan,2026-01-05 07:01:58.742000+00:00
힐데스,2026-01-14,09:59,35000,9,2,teescan,2026-01-05 07:01:58.742000+00:00
힐데스,2026-01-14,10:07,40000,10,2,teescan,2026-01-01 04:02:17.027000+00:00
힐데스,2026-01-14,10:14,40000,10,2,teescan,2026-01-01 04:02:17.027000+00:00
힐데스,2026-01-14,10:22,40000,10,2,teescan,2026-01-01 04:02:17.027000+00:00
힐데스,2026-01-14,10:29,40000,10,2,teescan,2026-01-01 04:02:17.027000+00:00
힐데스,2026-01-14,10:37,40000,10,2,teescan,2026-01-01 04:02:17.027000+00:00
힐데스,2026-01-14,10:44,40000,10,2,teescan,2026-01-01 04:02:17.027000+00:00
힐데스,2026-01-14,10:52,40000,10,2,teescan,2026-01-01 04:02:17.027000+00:00
힐데스,2026-01-14,10:59,40000,10,2,teescan,2026-01-01 04:02:17.027000+00:00
힐데스,2026-01-14,11:07,40000,11,2,teescan,2026-01-01 04:02:17.027000+00:00
힐데스,2026-01-14,11:14,40000,11,2,teescan,2026-01-01 04:02:17.027000+00:00
힐데스,2026-01-14,11:22,40000,11,2,teescan,2026-01-01 04:02:17.027000+00:00
힐데스,2026-01-14,11:29,40000,11,2,teescan,2026-01-01 04:02:17.027000+00:00
힐데스,2026-01-14,11:37,35000,11,2,teescan,2026-01-05 07:01:58.742000+00:00
힐데스,2026-01-14,11:44,35000,11,2,teescan,2026-01-05 07:01:58.742000+00:00
힐데스,2026-01-14,11:52,35000,11,2,teescan,2026-01-05 07:01:58.742000+00:00
힐데스,2026-01-14,11:59,35000,11,2,teescan,2026-01-05 07:01:58.742000+00:00
감곡,2026-01-15,09:30,56400,9,3,teescan,2026-01-02 00:02:09.021000+00:00
감곡,2026-01-15,09:37,56400,9,3,teescan,2026-01-02 00:02:09.021000+00:00
감곡,2026-01-15,09:44,56400,9,3,teescan,2026-01-02 00:02:09.021000+00:00
감곡,2026-01-15,09:51,56400,9,3,teescan,2026-01-02 00:02:09.021000+00:00
감곡,2026-01-15,09:58,56400,9,3,teescan,2026-01-02 00:02:09.021000+00:00
감곡,2026-01-15,10:05,56400,10,3,teescan,2026-01-02 00:02:09.021000+00:00
감곡,2026-01-15,10:12,56400,10,3,teescan,2026-01-02 00:02:09.021000+00:00
감곡,2026-01-15,10:19,56400,10,3,teescan,2026-01-02 00:02:09.021000+00:00
감곡,2026-01-15,10:26,56400,10,3,teescan,2026-01-02 00:02:09.021000+00:00
감곡,2026-01-15,10:33,56400,10,3,teescan,2026-01-02 00:02:09.021000+00:00
감곡,2026-01-15,10:40,56400,10,3,teescan,2026-01-02 00:02:09.021000+00:00
감곡,2026-01-15,10:47,56400,10,3,teescan,2026-01-02 00:02:09.021000+00:00
감곡,2026-01-15,11:01,65800,11,3,teescan,2026-01-02 00:02:09.021000+00:00
감곡,2026-01-15,11:08,65800,11,3,teescan,2026-01-02 00:02:09.021000+00:00
감곡,2026-01-15,11:15,65800,11,3,teescan,2026-01-02 00:02:09.021000+00:00
감곡,2026-01-15,11:22,65800,11,3,teescan,2026-01-02 00:02:09.021000+00:00
감곡,2026-01-15,11:29,65800,11,3,teescan,2026-01-02 00:02:09.021000+00:00
감곡,2026-01-15,11:36,65800,11,3,teescan,2026-01-02 00:02:09.021000+00:00
감곡,2026-01-15,11:43,65800,11,3,teescan,2026-01-02 00:02:09.021000+00:00
감곡,2026-01-15,11:50,65800,11,3,teescan,2026-01-02 00:02:09.021000+00:00
골프존화랑,2026-01-15,09:50,40000,9,3,teescan,2026-01-05 01:31:50.915000+00:00
골프존화랑,2026-01-15,09:57,40000,9,3,teescan,2026-01-05 01:31:50.915000+00:00
골프존화랑,2026-01-15,10:04,40000,10,3,teescan,2026-01-05 01:31:50.915000+00:00
골프존화랑,2026-01-15,10:11,40000,10,3,teescan,2026-01-05 01:31:50.915000+00:00
골프존화랑,2026-01-15,10:18,40000,10,3,teescan,2026-01-05 01:31:50.915000+00:00
골프존화랑,2026-01-15,10:32,50000,10,3,golfpang,2026-01-06 04:31:59.767000+00:00
골프존화랑,2026-01-15,10:39,40000,10,3,teescan,2026-01-05 01:31:50.915000+00:00
골프존화랑,2026-01-15,10:46,40000,10,3,teescan,2026-01-05 01:31:50.915000+00:00
골프존화랑,2026-01-15,10:53,40000,10,3,teescan,2026-01-05 01:31:50.915000+00:00
골프존화랑,2026-01-15,11:07,40000,11,3,teescan,2026-01-05 01:31:50.915000+00:00
골프존화랑,2026-01-15,11:14,40000,11,3,teescan,2026-01-05 01:31:50.915000+00:00
골프존화랑,2026-01-15,11:21,40000,11,3,teescan,2026-01-05 01:31:50.915000+00:00
골프존화랑,2026-01-15,11:28,40000,11,3,teescan,2026-01-05 01:31:50.915000+00:00
골프존화랑,2026-01-15,11:35,40000,11,3,teescan,2026-01-05 01:31:50.915000+00:00
골프존화랑,2026-01-15,11:49,40000,11,3,teescan,2026-01-05 01:31:50.915000+00:00
골프존화랑,2026-01-15,11:56,40000,11,3,teescan,2026-01-05 01:31:50.915000+00:00
골프존화랑,2026-01-15,12:03,50000,12,3,golfpang,2026-01-06 04:31:59.767000+00:00
골프존화랑,2026-01-15,12:10,40000,12,3,teescan,2026-01-05 01:31:50.915000+00:00
기흥,2026-01-15,10:30,110000,10,3,golfpang,2026-01-06 05:02:02.556000+00:00
기흥,2026-01-15,11:00,110000,11,3,golfpang,2026-01-06 04:01:46.195000+00:00
대영힐스,2026-01-15,09:27,40000,9,3,teescan,2026-01-02 00:02:09.718000+00:00
대영힐스,2026-01-15,09:34,40000,9,3,teescan,2026-01-02 00:02:09.021000+00:00
대영힐스,2026-01-15,09:41,40000,9,3,teescan,2026-01-02 00:02:09.718000+00:00
대영힐스,2026-01-15,09:48,40000,9,3,teescan,2026-01-02 00:02:09.718000+00:00
대영힐스,2026-01-15,09:55,40000,9,3,teescan,2026-01-02 00:02:09.718000+00:00
대영힐스,2026-01-15,10:02,40000,10,3,teescan,2026-01-02 00:02:09.718000+00:00
대영힐스,2026-01-15,10:09,40000,10,3,teescan,2026-01-02 00:02:09.718000+00:00
대영힐스,2026-01-15,10:16,40000,10,3,teescan,2026-01-02 00:02:09.718000+00:00
대영힐스,2026-01-15,10:23,40000,10,3,teescan,2026-01-02 00:02:09.718000+00:00
대영힐스,2026-01-15,10:30,40000,10,3,teescan,2026-01-02 00:02:09.718000+00:00
대영힐스,2026-01-15,10:37,40000,10,3,teescan,2026-01-02 00:02:09.718000+00:00
대영힐스,2026-01-15,10:44,40000,10,3,teescan,2026-01-02 00:02:09.718000+00:00
대영힐스,2026-01-15,10:51,40000,10,3,teescan,2026-01-02 00:02:09.021000+00:00
대영힐스,2026-01-15,10:58,40000,10,3,teescan,2026-01-02 00:02:09.718000+00:00
대영힐스,2026-01-15,11:05,40000,11,3,teescan,2026-01-02 00:02:09.718000+00:00
대영힐스,2026-01-15,11:12,40000,11,3,teescan,2026-01-02 00:02:09.718000+00:00
대영힐스,2026-01-15,11:19,40000,11,3,teescan,2026-01-02 00:02:09.021000+00:00
대영힐스,2026-01-15,11:26,40000,11,3,teescan,2026-01-02 00:02:09.718000+00:00
대영힐스,2026-01-15,11:40,40000,11,3,teescan,2026-01-02 00:02:09.718000+00:00
대영힐스,2026-01-15,11:47,40000,11,3,teescan,2026-01-02 00:02:09.718000+00:00
대영힐스,2026-01-15,11:54,40000,11,3,teescan,2026-01-02 00:02:09.718000+00:00
대영힐스,2026-01-15,12:01,40000,12,3,teescan,2026-01-02 00:02:09.021000+00:00
더크로스비,2026-01-15,10:05,60000,10,3,teescan,2026-01-02 00:02:09.021000+00:00
더크로스비,2026-01-15,10:12,60000,10,3,teescan,2026-01-02 00:02:09.021000+00:00
더크로스비,2026-01-15,10:19,60000,10,3,teescan,2026-01-02 00:02:09.021000+00:00
더크로스비,2026-01-15,10:26,60000,10,3,teescan,2026-01-02 00:02:09.021000+00:00
더크로스비,2026-01-15,10:33,60000,10,3,teescan,2026-01-02 00:02:09.021000+00:00
더크로스비,2026-01-15,10:40,60000,10,3,teescan,2026-01-02 00:02:09.021000+00:00
더크로스비,2026-01-15,10:47,60000,10,3,teescan,2026-01-02 00:02:09.021000+00:00
더크로스비,2026-01-15,10:54,60000,10,3,teescan,2026-01-02 00:02:09.021000+00:00
더크로스비,2026-01-15,11:01,60000,11,3,teescan,2026-01-02 00:02:09.021000+00:00
더크로스비,2026-01-15,11:08,60000,11,3,teescan,2026-01-02 00:02:09.021000+00:00
더크로스비,2026-01-15,11:15,60000,11,3,teescan,2026-01-02 00:02:09.021000+00:00
더크로스비,2026-01-15,11:22,60000,11,3,teescan,2026-01-02 00:02:09.021000+00:00
더크로스비,2026-01-15,11:36,60000,11,3,teescan,2026-01-02 00:02:09.021000+00:00
더크로스비,2026-01-15,11:43,60000,11,3,teescan,2026-01-02 00:02:09.021000+00:00
더크로스비,2026-01-15,11:50,60000,11,3,teescan,2026-01-02 00:02:09.021000+00:00
더크로스비,2026-01-15,11:57,60000,11,3,teescan,2026-01-02 00:02:09.021000+00:00
더크로스비,2026-01-15,12:04,60000,12,3,teescan,2026-01-02 00:02:09.021000+00:00
더크로스비,2026-01-15,12:11,60000,12,3,teescan,2026-01-02 00:02:09.021000+00:00
동촌,2026-01-15,09:37,60000,9,3,teescan,2026-01-05 15:01:59.287000+00:00
동촌,2026-01-15,09:44,60000,9,3,teescan,2026-01-05 15:01:59.287000+00:00
동촌,2026-01-15,09:51,60000,9,3,teescan,2026-01-05 15:01:59.287000+00:00
동촌,2026-01-15,10:05,60000,10,3,teescan,2026-01-05 15:01:59.287000+00:00
동촌,2026-01-15,10:12,60000,10,3,teescan,2026-01-05 15:01:59.287000+00:00
동촌,2026-01-15,10:26,60000,10,3,teescan,2026-01-05 15:01:59.287000+00:00
동촌,2026-01-15,10:33,70000,10,3,golfpang,2026-01-06 04:31:59.767000+00:00
동촌,2026-01-15,10:40,55000,10,3,golfpang,2026-01-06 05:02:02.556000+00:00
동촌,2026-01-15,11:01,55000,11,3,golfpang,2026-01-06 05:02:02.556000+00:00
동촌,2026-01-15,11:08,60000,11,3,teescan,2026-01-05 15:01:59.287000+00:00
동촌,2026-01-15,11:29,60000,11,3,teescan,2026-01-02 07:02:28.146000+00:00
동촌,2026-01-15,11:43,60000,11,3,teescan,2026-01-05 15:01:59.287000+00:00
동촌,2026-01-15,11:50,60000,11,3,teescan,2026-01-05 15:01:59.287000+00:00
떼제베,2026-01-15,10:00,50000,10,3,teescan,2026-01-02 00:02:09.021000+00:00
떼제베,2026-01-15,10:07,50000,10,3,teescan,2026-01-02 00:02:09.021000+00:00
떼제베,2026-01-15,10:14,50000,10,3,teescan,2026-01-04 23:32:00.676000+00:00
떼제베,2026-01-15,10:21,50000,10,3,teescan,2026-01-04 23:32:00.676000+00:00
떼제베,2026-01-15,10:42,50000,10,3,teescan,2026-01-03 00:32:02.412000+00:00
떼제베,2026-01-15,10:49,50000,10,3,teescan,2026-01-03 00:32:02.412000+00:00
떼제베,2026-01-15,11:03,50000,11,3,teescan,2026-01-02 00:02:09.021000+00:00
떼제베,2026-01-15,11:10,50000,11,3,teescan,2026-01-02 00:02:09.021000+00:00
떼제베,2026-01-15,11:17,50000,11,3,teescan,2026-01-02 00:02:09.021000+00:00
떼제베,2026-01-15,11:24,50000,11,3,teescan,2026-01-03 00:32:02.412000+00:00
떼제베,2026-01-15,11:31,50000,11,3,teescan,2026-01-02 00:02:09.021000+00:00
떼제베,2026-01-15,11:45,50000,11,3,teescan,2026-01-02 00:02:09.021000+00:00
떼제베,2026-01-15,11:52,50000,11,3,teescan,2026-01-02 00:02:09.021000+00:00
떼제베,2026-01-15,12:06,50000,12,3,golfpang,2026-01-06 05:02:02.556000+00:00
떼제베,2026-01-15,12:13,50000,12,3,teescan,2026-01-02 00:02:09.021000+00:00
떼제베,2026-01-15,12:20,50000,12,3,teescan,2026-01-02 00:02:09.021000+00:00
라데나,2026-01-15,09:47,100000,9,3,teescan,2026-01-02 00:02:09.718000+00:00
라데나,2026-01-15,09:54,100000,9,3,teescan,2026-01-02 00:02:09.718000+00:00
라데나,2026-01-15,10:01,100000,10,3,teescan,2026-01-02 00:02:09.718000+00:00
라데나,2026-01-15,10:08,100000,10,3,teescan,2026-01-02 00:02:09.718000+00:00
라데나,2026-01-15,10:15,100000,10,3,teescan,2026-01-02 00:02:09.718000+00:00
라데나,2026-01-15,10:22,100000,10,3,teescan,2026-01-02 00:02:09.718000+00:00
라데나,2026-01-15,10:29,100000,10,3,teescan,2026-01-02 00:02:09.718000+00:00
라데나,2026-01-15,10:36,100000,10,3,teescan,2026-01-02 00:02:09.718000+00:00
라데나,2026-01-15,10:43,100000,10,3,teescan,2026-01-02 00:02:09.718000+00:00
라데나,2026-01-15,10:50,100000,10,3,teescan,2026-01-02 00:02:09.718000+00:00
라데나,2026-01-15,10:57,100000,10,3,teescan,2026-01-02 00:02:09.718000+00:00
라데나,2026-01-15,11:04,100000,11,3,teescan,2026-01-02 00:02:09.718000+00:00
라데나,2026-01-15,11:11,100000,11,3,teescan,2026-01-02 00:02:09.718000+00:00
라데나,2026-01-15,11:18,100000,11,3,teescan,2026-01-02 00:02:09.718000+00:00
라데나,2026-01-15,11:25,100000,11,3,teescan,2026-01-02 00:02:09.718000+00:00
라데나,2026-01-15,11:32,100000,11,3,teescan,2026-01-02 00:02:09.718000+00:00
라데나,2026-01-15,11:39,100000,11,3,teescan,2026-01-02 00:02:09.718000+00:00
라데나,2026-01-15,11:46,100000,11,3,teescan,2026-01-02 00:02:09.718000+00:00
라데나,2026-01-15,11:53,100000,11,3,teescan,2026-01-02 00:02:09.718000+00:00
라데나,2026-01-15,12:00,100000,12,3,teescan,2026-01-02 00:02:09.718000+00:00
레싸,2026-01-15,09:58,150000,9,3,teescan,2026-01-02 00:32:10.387000+00:00
레싸,2026-01-15,10:19,130000,10,3,teescan,2026-01-02 00:32:10.387000+00:00
레싸,2026-01-15,10:26,150000,10,3,teescan,2026-01-02 00:32:10.387000+00:00
레싸,2026-01-15,10:33,130000,10,3,teescan,2026-01-02 00:32:10.387000+00:00
레싸,2026-01-15,10:47,150000,10,3,teescan,2026-01-02 00:32:10.387000+00:00
레싸,2026-01-15,10:54,130000,10,3,teescan,2026-01-02 00:32:10.387000+00:00
레싸,2026-01-15,11:22,130000,11,3,teescan,2026-01-02 00:32:10.387000+00:00
레싸,2026-01-15,11:29,150000,11,3,teescan,2026-01-02 00:32:10.387000+00:00
레싸,2026-01-15,11:43,130000,11,3,teescan,2026-01-02 00:32:10.387000+00:00
로얄포레,2026-01-15,09:27,40000,9,3,teescan,2026-01-02 00:02:09.718000+00:00
로얄포레,2026-01-15,09:34,40000,9,3,teescan,2026-01-02 00:02:09.718000+00:00
로얄포레,2026-01-15,09:41,40000,9,3,teescan,2026-01-02 00:02:09.718000+00:00
로얄포레,2026-01-15,09:48,40000,9,3,teescan,2026-01-02 00:02:09.718000+00:00
로얄포레,2026-01-15,09:55,40000,9,3,teescan,2026-01-02 00:02:09.718000+00:00
로얄포레,2026-01-15,10:00,50000,10,3,golfpang,2026-01-06 05:02:02.556000+00:00
로얄포레,2026-01-15,10:02,40000,10,3,teescan,2026-01-02 00:02:09.718000+00:00
로얄포레,2026-01-15,10:09,40000,10,3,teescan,2026-01-02 00:02:09.718000+00:00
로얄포레,2026-01-15,10:16,40000,10,3,teescan,2026-01-02 00:02:09.718000+00:00
로얄포레,2026-01-15,10:23,40000,10,3,teescan,2026-01-02 00:02:09.718000+00:00
로얄포레,2026-01-15,10:30,40000,10,3,teescan,2026-01-02 00:02:09.718000+00:00
로얄포레,2026-01-15,10:37,40000,10,3,teescan,2026-01-02 00:02:09.718000+00:00
로얄포레,2026-01-15,10:44,40000,10,3,teescan,2026-01-02 00:02:09.718000+00:00
로얄포레,2026-01-15,10:51,40000,10,3,teescan,2026-01-02 00:02:09.718000+00:00
로얄포레,2026-01-15,10:58,40000,10,3,teescan,2026-01-02 00:02:09.718000+00:00
로얄포레,2026-01-15,11:03,50000,11,3,golfpang,2026-01-06 05:02:02.556000+00:00
로얄포레,2026-01-15,11:05,40000,11,3,teescan,2026-01-02 00:02:09.718000+00:00
로얄포레,2026-01-15,11:12,40000,11,3,teescan,2026-01-02 00:02:09.718000+00:00
로얄포레,2026-01-15,11:19,40000,11,3,teescan,2026-01-02 00:02:09.718000+00:00
로얄포레,2026-01-15,11:26,40000,11,3,teescan,2026-01-02 00:02:09.718000+00:00
로얄포레,2026-01-15,11:40,40000,11,3,teescan,2026-01-02 00:02:09.718000+00:00
로얄포레,2026-01-15,11:47,40000,11,3,teescan,2026-01-02 00:02:09.718000+00:00
로얄포레,2026-01-15,11:54,40000,11,3,teescan,2026-01-02 00:02:09.718000+00:00
로얄포레,2026-01-15,12:01,40000,12,3,teescan,2026-01-02 00:02:09.718000+00:00
로얄포레,2026-01-15,12:06,50000,12,3,golfpang,2026-01-06 03:31:48.476000+00:00
리베라,2026-01-15,09:09,120000,9,3,teescan,2026-01-02 00:02:09.021000+00:00
리베라,2026-01-15,09:16,120000,9,3,teescan,2026-01-02 00:02:09.021000+00:00
리베라,2026-01-15,09:23,120000,9,3,teescan,2026-01-02 00:02:09.021000+00:00
리베라,2026-01-15,09:30,120000,9,3,teescan,2026-01-02 00:02:09.021000+00:00
리베라,2026-01-15,09:37,120000,9,3,teescan,2026-01-02 00:02:09.021000+00:00
리베라,2026-01-15,09:44,120000,9,3,teescan,2026-01-02 00:02:09.021000+00:00
리베라,2026-01-15,09:51,120000,9,3,teescan,2026-01-02 00:02:09.021000+00:00
리베라,2026-01-15,09:58,120000,9,3,teescan,2026-01-02 00:02:09.021000+00:00
리베라,2026-01-15,10:05,120000,10,3,teescan,2026-01-02 00:02:09.021000+00:00
리베라,2026-01-15,10:12,120000,10,3,teescan,2026-01-02 00:02:09.021000+00:00
리베라,2026-01-15,10:19,120000,10,3,teescan,2026-01-02 00:02:09.021000+00:00
리베라,2026-01-15,10:26,120000,10,3,teescan,2026-01-02 00:02:09.021000+00:00
리베라,2026-01-15,10:33,120000,10,3,teescan,2026-01-02 00:02:09.021000+00:00
리베라,2026-01-15,10:40,120000,10,3,teescan,2026-01-02 00:02:09.021000+00:00
리베라,2026-01-15,10:47,120000,10,3,teescan,2026-01-02 00:02:09.021000+00:00
리베라,2026-01-15,10:54,120000,10,3,teescan,2026-01-02 00:02:09.021000+00:00
리베라,2026-01-15,11:01,150000,11,3,teescan,2026-01-06 05:02:02.556000+00:00
리베라,2026-01-15,11:08,120000,11,3,teescan,2026-01-02 00:02:09.021000+00:00
리베라,2026-01-15,11:15,130000,11,3,golfpang,2026-01-06 03:31:48.476000+00:00
리베라,2026-01-15,11:22,120000,11,3,teescan,2026-01-02 00:02:09.021000+00:00
마이다스,2026-01-15,10:40,120000,10,3,teescan,2026-01-02 02:32:13.421000+00:00
모나크,2026-01-15,09:40,60000,9,3,teescan,2026-01-02 00:02:09.021000+00:00
모나크,2026-01-15,09:47,60000,9,3,teescan,2026-01-02 00:02:09.718000+00:00
모나크,2026-01-15,09:54,60000,9,3,teescan,2026-01-02 00:02:09.718000+00:00
모나크,2026-01-15,10:01,60000,10,3,teescan,2026-01-02 00:02:09.718000+00:00
모나크,2026-01-15,10:08,60000,10,3,teescan,2026-01-02 00:02:09.718000+00:00
모나크,2026-01-15,10:15,60000,10,3,teescan,2026-01-02 00:02:09.718000+00:00
모나크,2026-01-15,10:22,60000,10,3,teescan,2026-01-02 00:02:09.718000+00:00
모나크,2026-01-15,10:29,60000,10,3,teescan,2026-01-02 00:02:09.718000+00:00
모나크,2026-01-15,10:36,60000,10,3,teescan,2026-01-02 00:02:09.718000+00:00
모나크,2026-01-15,10:43,60000,10,3,teescan,2026-01-02 00:02:09.021000+00:00
모나크,2026-01-15,10:50,60000,10,3,teescan,2026-01-02 00:02:09.718000+00:00
모나크,2026-01-15,10:57,60000,10,3,teescan,2026-01-02 00:02:09.718000+00:00
모나크,2026-01-15,11:11,70000,11,3,golfpang,2026-01-06 02:32:13.588000+00:00
벨라스톤,2026-01-15,09:30,49000,9,3,teescan,2026-01-05 02:01:57.693000+00:00
벨라스톤,2026-01-15,09:37,49000,9,3,teescan,2026-01-05 02:01:57.693000+00:00
벨라스톤,2026-01-15,09:44,49000,9,3,teescan,2026-01-05 02:01:57.693000+00:00
벨라스톤,2026-01-15,09:51,49000,9,3,teescan,2026-01-05 02:01:57.693000+00:00
벨라스톤,2026-01-15,09:58,49000,9,3,teescan,2026-01-05 02:01:57.693000+00:00
벨라스톤,2026-01-15,10:05,70000,10,3,teescan,2026-01-05 09:32:13.445000+00:00
벨라스톤,2026-01-15,10:12,70000,10,3,teescan,2026-01-05 09:32:13.445000+00:00
벨라스톤,2026-01-15,10:19,70000,10,3,teescan,2026-01-05 09:32:13.445000+00:00
벨라스톤,2026-01-15,10:26,70000,10,3,teescan,2026-01-05 09:32:13.445000+00:00
벨라스톤,2026-01-15,10:33,70000,10,3,teescan,2026-01-05 09:32:13.445000+00:00
벨라스톤,2026-01-15,10:47,70000,10,3,teescan,2026-01-05 09:32:13.445000+00:00
벨라스톤,2026-01-15,10:54,70000,10,3,teescan,2026-01-05 09:32:13.445000+00:00
벨라스톤,2026-01-15,11:08,80000,11,3,teescan,2026-01-05 09:32:13.445000+00:00
벨라스톤,2026-01-15,11:15,80000,11,3,teescan,2026-01-05 09:32:13.445000+00:00
벨라스톤,2026-01-15,11:22,80000,11,3,teescan,2026-01-05 09:32:13.445000+00:00
벨라스톤,2026-01-15,11:29,80000,11,3,teescan,2026-01-05 09:32:13.445000+00:00
벨라스톤,2026-01-15,11:36,80000,11,3,teescan,2026-01-05 09:32:13.445000+00:00
벨라스톤,2026-01-15,11:43,80000,11,3,teescan,2026-01-05 09:32:13.445000+00:00
벨라스톤,2026-01-15,11:50,80000,11,3,teescan,2026-01-05 09:32:13.445000+00:00
블루원용인,2026-01-15,10:12,100000,10,3,teescan,2026-01-02 00:02:09.021000+00:00
블루원용인,2026-01-15,10:26,100000,10,3,teescan,2026-01-02 00:02:09.021000+00:00
블루원용인,2026-01-15,10:40,100000,10,3,teescan,2026-01-02 00:02:09.021000+00:00
블루원용인,2026-01-15,10:47,100000,10,3,teescan,2026-01-02 00:02:09.021000+00:00
블루원용인,2026-01-15,11:08,100000,11,3,teescan,2026-01-05 07:02:10.447000+00:00
블루원용인,2026-01-15,11:15,100000,11,3,teescan,2026-01-02 00:02:09.021000+00:00
블루원용인,2026-01-15,11:36,100000,11,3,teescan,2026-01-02 00:02:09.021000+00:00
블루원용인,2026-01-15,11:57,100000,11,3,teescan,2026-01-02 00:02:09.021000+00:00
블루원용인,2026-01-15,12:18,100000,12,3,teescan,2026-01-02 00:02:09.021000+00:00
세현,2026-01-15,09:30,70000,9,3,teescan,2026-01-02 01:02:07.415000+00:00
세현,2026-01-15,09:37,70000,9,3,teescan,2026-01-02 01:02:07.415000+00:00
세현,2026-01-15,09:44,70000,9,3,teescan,2026-01-02 01:02:07.415000+00:00
세현,2026-01-15,09:51,70000,9,3,teescan,2026-01-02 01:02:07.415000+00:00
세현,2026-01-15,09:58,70000,9,3,teescan,2026-01-02 01:02:07.415000+00:00
세현,2026-01-15,10:05,70000,10,3,teescan,2026-01-02 01:02:07.415000+00:00
세현,2026-01-15,10:12,70000,10,3,teescan,2026-01-02 01:02:07.415000+00:00
세현,2026-01-15,10:19,70000,10,3,teescan,2026-01-02 01:02:07.415000+00:00
세현,2026-01-15,10:26,70000,10,3,teescan,2026-01-02 01:02:07.415000+00:00
세현,2026-01-15,10:33,70000,10,3,teescan,2026-01-02 01:02:07.415000+00:00
세현,2026-01-15,10:40,70000,10,3,teescan,2026-01-02 01:02:07.415000+00:00
세현,2026-01-15,10:47,70000,10,3,teescan,2026-01-02 01:02:07.415000+00:00
세현,2026-01-15,10:54,70000,10,3,teescan,2026-01-02 01:02:07.415000+00:00
세현,2026-01-15,11:01,70000,11,3,teescan,2026-01-02 01:02:07.415000+00:00
세현,2026-01-15,11:08,70000,11,3,teescan,2026-01-02 01:02:07.415000+00:00
세현,2026-01-15,11:15,70000,11,3,teescan,2026-01-02 01:02:07.415000+00:00
세현,2026-01-15,11:22,70000,11,3,teescan,2026-01-02 01:02:07.415000+00:00
세현,2026-01-15,11:29,70000,11,3,teescan,2026-01-02 01:02:07.415000+00:00
세현,2026-01-15,11:36,70000,11,3,teescan,2026-01-02 01:02:07.415000+00:00
세현,2026-01-15,11:43,70000,11,3,teescan,2026-01-02 01:02:07.415000+00:00
세현,2026-01-15,11:50,70000,11,3,teescan,2026-01-02 01:02:07.415000+00:00
센추리,2026-01-15,09:30,95000,9,3,teescan,2026-01-06 00:32:08.525000+00:00
센추리,2026-01-15,09:37,95000,9,3,teescan,2026-01-06 00:32:08.525000+00:00
센추리,2026-01-15,09:44,85000,9,3,teescan,2026-01-06 00:32:08.525000+00:00
센추리,2026-01-15,09:51,85000,9,3,teescan,2026-01-06 00:32:08.525000+00:00
센추리,2026-01-15,09:58,95000,9,3,teescan,2026-01-06 00:32:08.525000+00:00
센추리,2026-01-15,10:05,95000,10,3,teescan,2026-01-06 00:32:08.525000+00:00
센추리,2026-01-15,10:12,85000,10,3,teescan,2026-01-06 00:32:08.525000+00:00
센추리,2026-01-15,10:19,85000,10,3,teescan,2026-01-06 00:32:08.525000+00:00
센추리,2026-01-15,10:26,95000,10,3,teescan,2026-01-06 00:32:08.525000+00:00
센추리,2026-01-15,10:33,95000,10,3,teescan,2026-01-06 00:32:08.525000+00:00
센추리,2026-01-15,10:40,95000,10,3,teescan,2026-01-06 00:32:08.525000+00:00
센추리,2026-01-15,10:47,95000,10,3,teescan,2026-01-06 00:32:08.525000+00:00
센추리,2026-01-15,10:54,95000,10,3,teescan,2026-01-06 00:32:08.525000+00:00
센추리,2026-01-15,11:01,95000,11,3,teescan,2026-01-06 00:32:08.525000+00:00
센추리,2026-01-15,11:08,95000,11,3,teescan,2026-01-06 00:32:08.525000+00:00
센추리,2026-01-15,11:15,95000,11,3,teescan,2026-01-06 00:32:08.525000+00:00
센추리,2026-01-15,11:22,95000,11,3,teescan,2026-01-06 00:32:08.525000+00:00
센추리,2026-01-15,11:29,95000,11,3,teescan,2026-01-06 00:32:08.525000+00:00
센추리,2026-01-15,11:36,95000,11,3,teescan,2026-01-06 00:32:08.525000+00:00
센추리,2026-01-15,11:43,95000,11,3,teescan,2026-01-06 00:32:08.525000+00:00
센추리,2026-01-15,11:50,85000,11,3,teescan,2026-01-06 00:32:08.525000+00:00
센추리,2026-01-15,11:57,85000,11,3,teescan,2026-01-06 00:32:08.525000+00:00
수원,2026-01-15,10:05,150000,10,3,teescan,2026-01-02 03:02:09.392000+00:00
수원,2026-01-15,10:26,150000,10,3,teescan,2026-01-02 03:02:09.392000+00:00
수원,2026-01-15,10:47,150000,10,3,teescan,2026-01-06 02:01:52.788000+00:00
수원,2026-01-15,11:36,150000,11,3,teescan,2026-01-02 03:02:09.392000+00:00
수원,2026-01-15,11:57,150000,11,3,teescan,2026-01-02 03:02:09.392000+00:00
수원,2026-01-15,12:11,150000,12,3,teescan,2026-01-02 03:02:09.392000+00:00
신라,2026-01-15,09:41,70000,9,3,teescan,2026-01-04 01:01:58.920000+00:00
신라,2026-01-15,09:48,70000,9,3,teescan,2026-01-04 01:01:58.920000+00:00
신라,2026-01-15,09:55,70000,9,3,teescan,2026-01-04 01:01:58.920000+00:00
신라,2026-01-15,10:30,70000,10,3,teescan,2026-01-05 08:31:52.353000+00:00
신라,2026-01-15,10:37,70000,10,3,teescan,2026-01-05 08:31:52.353000+00:00
신라,2026-01-15,10:44,70000,10,3,teescan,2026-01-05 08:31:52.353000+00:00
신라,2026-01-15,11:05,70000,11,3,teescan,2026-01-05 08:31:52.353000+00:00
신라,2026-01-15,11:47,70000,11,3,teescan,2026-01-05 08:31:52.353000+00:00
신라,2026-01-15,11:54,70000,11,3,teescan,2026-01-05 08:31:52.353000+00:00
써닝포인트,2026-01-15,10:05,75000,10,3,teescan,2026-01-02 00:02:09.021000+00:00
써닝포인트,2026-01-15,10:12,75000,10,3,teescan,2026-01-02 00:02:09.021000+00:00
써닝포인트,2026-01-15,10:19,75000,10,3,teescan,2026-01-02 00:02:09.021000+00:00
써닝포인트,2026-01-15,10:26,75000,10,3,teescan,2026-01-02 00:02:09.021000+00:00
써닝포인트,2026-01-15,10:33,75000,10,3,teescan,2026-01-02 00:02:09.021000+00:00
써닝포인트,2026-01-15,10:40,75000,10,3,teescan,2026-01-02 00:02:09.021000+00:00
써닝포인트,2026-01-15,10:47,75000,10,3,teescan,2026-01-02 00:02:09.021000+00:00
써닝포인트,2026-01-15,10:54,75000,10,3,teescan,2026-01-02 00:02:09.021000+00:00
써닝포인트,2026-01-15,11:01,75000,11,3,teescan,2026-01-02 00:02:09.021000+00:00
써닝포인트,2026-01-15,11:08,75000,11,3,teescan,2026-01-02 00:02:09.021000+00:00
써닝포인트,2026-01-15,11:15,75000,11,3,teescan,2026-01-02 00:02:09.021000+00:00
써닝포인트,2026-01-15,11:22,75000,11,3,teescan,2026-01-02 00:02:09.021000+00:00
써닝포인트,2026-01-15,11:29,75000,11,3,teescan,2026-01-02 00:02:09.021000+00:00
써닝포인트,2026-01-15,11:36,75000,11,3,teescan,2026-01-02 00:02:09.021000+00:00
써닝포인트,2026-01-15,11:43,75000,11,3,teescan,2026-01-02 00:02:09.021000+00:00
써닝포인트,2026-01-15,11:50,75000,11,3,teescan,2026-01-02 00:02:09.021000+00:00
써닝포인트,2026-01-15,11:57,75000,11,3,teescan,2026-01-02 00:02:09.021000+00:00
써닝포인트,2026-01-15,12:04,75000,12,3,teescan,2026-01-02 00:02:09.021000+00:00
써닝포인트,2026-01-15,12:11,75000,12,3,teescan,2026-01-02 00:02:09.021000+00:00
써닝포인트,2026-01-15,12:18,75000,12,3,teescan,2026-01-02 00:02:09.021000+00:00
양지파인,2026-01-15,09:30,55000,9,3,teescan,2026-01-02 00:02:09.021000+00:00
양지파인,2026-01-15,09:37,55000,9,3,teescan,2026-01-02 00:02:09.021000+00:00
양지파인,2026-01-15,09:44,55000,9,3,teescan,2026-01-02 00:02:09.021000+00:00
양지파인,2026-01-15,09:51,55000,9,3,teescan,2026-01-02 00:02:09.021000+00:00
양지파인,2026-01-15,09:58,55000,9,3,teescan,2026-01-02 00:02:09.021000+00:00
양지파인,2026-01-15,10:05,55000,10,3,teescan,2026-01-02 00:02:09.021000+00:00
양지파인,2026-01-15,10:12,55000,10,3,teescan,2026-01-02 00:02:09.021000+00:00
양지파인,2026-01-15,10:19,55000,10,3,teescan,2026-01-02 00:02:09.021000+00:00
양지파인,2026-01-15,10:26,55000,10,3,teescan,2026-01-02 00:02:09.021000+00:00
양지파인,2026-01-15,10:33,75000,10,3,teescan,2026-01-02 00:02:09.021000+00:00
양지파인,2026-01-15,10:40,75000,10,3,teescan,2026-01-02 00:02:09.021000+00:00
양지파인,2026-01-15,10:47,75000,10,3,teescan,2026-01-02 00:02:09.021000+00:00
양지파인,2026-01-15,10:54,75000,10,3,teescan,2026-01-02 00:02:09.021000+00:00
양지파인,2026-01-15,11:01,75000,11,3,teescan,2026-01-02 00:02:09.021000+00:00
양지파인,2026-01-15,11:08,75000,11,3,teescan,2026-01-02 00:02:09.021000+00:00
양지파인,2026-01-15,11:15,75000,11,3,teescan,2026-01-02 00:02:09.021000+00:00
양지파인,2026-01-15,11:22,75000,11,3,teescan,2026-01-02 00:02:09.021000+00:00
양지파인,2026-01-15,11:29,75000,11,3,teescan,2026-01-02 00:02:09.021000+00:00
양지파인,2026-01-15,11:36,65000,11,3,teescan,2026-01-02 00:02:09.021000+00:00
양지파인,2026-01-15,11:43,65000,11,3,teescan,2026-01-02 00:02:09.021000+00:00
양지파인,2026-01-15,11:50,65000,11,3,teescan,2026-01-02 00:02:09.021000+00:00
올데이,2026-01-15,10:00,40000,10,3,teescan,2026-01-02 00:02:09.718000+00:00
올데이,2026-01-15,10:07,40000,10,3,teescan,2026-01-02 00:02:09.021000+00:00
올데이,2026-01-15,10:35,45000,10,3,teescan,2026-01-02 00:02:09.718000+00:00
올데이,2026-01-15,10:42,45000,10,3,teescan,2026-01-02 00:02:09.021000+00:00
올데이,2026-01-15,10:49,45000,10,3,golfpang,2026-01-06 04:31:59.767000+00:00
올데이,2026-01-15,11:03,45000,11,3,teescan,2026-01-02 00:02:09.718000+00:00
올데이,2026-01-15,11:10,45000,11,3,teescan,2026-01-02 00:02:09.021000+00:00
올데이,2026-01-15,11:31,40000,11,3,teescan,2026-01-02 00:02:09.718000+00:00
올데이,2026-01-15,11:38,40000,11,3,teescan,2026-01-02 00:02:09.021000+00:00
올데이,2026-01-15,11:59,40000,11,3,teescan,2026-01-02 00:02:09.718000+00:00
올데이,2026-01-15,12:06,40000,12,3,teescan,2026-01-02 00:02:09.021000+00:00
윈체스트,2026-01-15,09:41,70000,9,3,teescan,2026-01-04 01:01:58.920000+00:00
윈체스트,2026-01-15,09:48,70000,9,3,teescan,2026-01-04 01:01:58.920000+00:00
윈체스트,2026-01-15,09:55,70000,9,3,teescan,2026-01-04 01:01:58.920000+00:00
윈체스트,2026-01-15,10:30,70000,10,3,teescan,2026-01-05 08:31:52.353000+00:00
윈체스트,2026-01-15,10:37,70000,10,3,teescan,2026-01-05 08:31:52.353000+00:00
윈체스트,2026-01-15,10:44,70000,10,3,teescan,2026-01-05 08:31:52.353000+00:00
윈체스트,2026-01-15,11:05,70000,11,3,teescan,2026-01-05 08:31:52.353000+00:00
윈체스트,2026-01-15,11:47,70000,11,3,teescan,2026-01-05 08:31:52.353000+00:00
윈체스트,2026-01-15,11:54,70000,11,3,teescan,2026-01-05 08:31:52.353000+00:00
은화삼,2026-01-15,09:30,100000,9,3,teescan,2026-01-02 00:02:09.021000+00:00
은화삼,2026-01-15,09:51,100000,9,3,teescan,2026-01-02 00:02:09.021000+00:00
은화삼,2026-01-15,10:12,100000,10,3,teescan,2026-01-02 00:02:09.021000+00:00
은화삼,2026-01-15,10:33,100000,10,3,teescan,2026-01-02 00:02:09.021000+00:00
은화삼,2026-01-15,10:54,100000,10,3,teescan,2026-01-02 00:02:09.021000+00:00
은화삼,2026-01-15,11:15,100000,11,3,teescan,2026-01-02 00:02:09.021000+00:00
은화삼,2026-01-15,11:36,100000,11,3,teescan,2026-01-02 00:02:09.021000+00:00
은화삼,2026-01-15,11:57,100000,11,3,teescan,2026-01-02 00:02:09.021000+00:00
이글몬트,2026-01-15,09:30,90000,9,3,teescan,2026-01-02 00:02:09.021000+00:00
이글몬트,2026-01-15,09:37,90000,9,3,teescan,2026-01-02 00:02:09.021000+00:00
이글몬트,2026-01-15,09:44,90000,9,3,teescan,2026-01-02 00:02:09.021000+00:00
이글몬트,2026-01-15,09:51,90000,9,3,teescan,2026-01-02 00:02:09.021000+00:00
이글몬트,2026-01-15,09:58,90000,9,3,teescan,2026-01-02 00:02:09.021000+00:00
이글몬트,2026-01-15,10:05,90000,10,3,teescan,2026-01-02 00:02:09.021000+00:00
이글몬트,2026-01-15,10:12,90000,10,3,teescan,2026-01-02 00:02:09.021000+00:00
이글몬트,2026-01-15,10:19,90000,10,3,teescan,2026-01-02 00:02:09.021000+00:00
이글몬트,2026-01-15,10:26,90000,10,3,teescan,2026-01-02 00:02:09.021000+00:00
이글몬트,2026-01-15,10:33,90000,10,3,teescan,2026-01-02 00:02:09.021000+00:00
이글몬트,2026-01-15,10:40,90000,10,3,teescan,2026-01-02 00:02:09.021000+00:00
이글몬트,2026-01-15,10:47,90000,10,3,teescan,2026-01-02 00:02:09.021000+00:00
이글몬트,2026-01-15,10:54,90000,10,3,teescan,2026-01-02 00:02:09.021000+00:00
이글몬트,2026-01-15,11:01,90000,11,3,teescan,2026-01-02 00:02:09.021000+00:00
이글몬트,2026-01-15,11:08,90000,11,3,teescan,2026-01-02 00:02:09.021000+00:00
이글몬트,2026-01-15,11:15,90000,11,3,teescan,2026-01-02 00:02:09.021000+00:00
이글몬트,2026-01-15,11:22,90000,11,3,teescan,2026-01-02 00:02:09.021000+00:00
이글몬트,2026-01-15,11:29,90000,11,3,teescan,2026-01-02 00:02:09.021000+00:00
이글몬트,2026-01-15,11:36,90000,11,3,teescan,2026-01-02 00:02:09.021000+00:00
이글몬트,2026-01-15,11:43,90000,11,3,teescan,2026-01-02 00:02:09.021000+00:00
이글몬트,2026-01-15,11:50,90000,11,3,teescan,2026-01-02 00:02:09.021000+00:00
일레븐,2026-01-15,09:37,40000,9,3,teescan,2026-01-05 03:32:00.685000+00:00
일레븐,2026-01-15,09:44,40000,9,3,teescan,2026-01-05 03:32:00.685000+00:00
일레븐,2026-01-15,09:51,40000,9,3,teescan,2026-01-02 00:02:09.021000+00:00
일레븐,2026-01-15,09:58,40000,9,3,teescan,2026-01-02 00:02:09.021000+00:00
일레븐,2026-01-15,10:05,40000,10,3,teescan,2026-01-02 00:02:09.021000+00:00
일레븐,2026-01-15,10:12,40000,10,3,teescan,2026-01-02 00:02:09.718000+00:00
일레븐,2026-01-15,10:19,40000,10,3,teescan,2026-01-02 00:02:09.718000+00:00
일레븐,2026-01-15,10:26,40000,10,3,teescan,2026-01-02 00:02:09.718000+00:00
일레븐,2026-01-15,10:33,40000,10,3,teescan,2026-01-02 00:02:09.021000+00:00
일레븐,2026-01-15,10:40,40000,10,3,teescan,2026-01-02 00:02:09.718000+00:00
일레븐,2026-01-15,10:47,40000,10,3,teescan,2026-01-02 00:02:09.718000+00:00
일레븐,2026-01-15,10:54,40000,10,3,teescan,2026-01-02 00:02:09.021000+00:00
일레븐,2026-01-15,11:01,40000,11,3,teescan,2026-01-02 00:02:09.021000+00:00
일레븐,2026-01-15,11:08,40000,11,3,teescan,2026-01-02 00:02:09.718000+00:00
일레븐,2026-01-15,11:15,40000,11,3,teescan,2026-01-03 14:01:47.940000+00:00
일레븐,2026-01-15,11:22,40000,11,3,teescan,2026-01-02 00:02:09.021000+00:00
일레븐,2026-01-15,11:29,40000,11,3,teescan,2026-01-02 00:02:09.718000+00:00
일레븐,2026-01-15,11:36,40000,11,3,teescan,2026-01-02 00:02:09.718000+00:00
일레븐,2026-01-15,11:43,40000,11,3,teescan,2026-01-02 00:02:09.718000+00:00
일레븐,2026-01-15,11:50,40000,11,3,teescan,2026-01-02 00:02:09.718000+00:00
일레븐,2026-01-15,11:57,40000,11,3,teescan,2026-01-02 00:02:09.718000+00:00
일레븐,2026-01-15,12:04,40000,12,3,teescan,2026-01-02 00:02:09.021000+00:00
일레븐,2026-01-15,12:11,40000,12,3,golfpang,2026-01-06 05:02:02.556000+00:00
진양밸리,2026-01-15,09:30,60000,9,3,teescan,2026-01-02 00:02:09.718000+00:00
진양밸리,2026-01-15,09:37,60000,9,3,teescan,2026-01-02 00:02:09.718000+00:00
진양밸리,2026-01-15,09:44,60000,9,3,teescan,2026-01-02 00:02:09.718000+00:00
진양밸리,2026-01-15,09:51,60000,9,3,teescan,2026-01-02 00:02:09.718000+00:00
진양밸리,2026-01-15,09:58,60000,9,3,teescan,2026-01-02 00:02:09.718000+00:00
진양밸리,2026-01-15,10:05,60000,10,3,teescan,2026-01-02 00:02:09.718000+00:00
진양밸리,2026-01-15,10:12,60000,10,3,teescan,2026-01-02 00:02:09.718000+00:00
진양밸리,2026-01-15,10:19,60000,10,3,teescan,2026-01-02 00:02:09.718000+00:00
진양밸리,2026-01-15,10:26,60000,10,3,teescan,2026-01-02 00:02:09.718000+00:00
진양밸리,2026-01-15,10:33,60000,10,3,teescan,2026-01-02 00:02:09.718000+00:00
진양밸리,2026-01-15,10:40,60000,10,3,teescan,2026-01-02 00:02:09.718000+00:00
진양밸리,2026-01-15,10:47,60000,10,3,teescan,2026-01-02 00:02:09.718000+00:00
진양밸리,2026-01-15,10:54,60000,10,3,teescan,2026-01-02 00:02:09.718000+00:00
진양밸리,2026-01-15,11:01,60000,11,3,teescan,2026-01-02 00:02:09.718000+00:00
진양밸리,2026-01-15,11:08,60000,11,3,teescan,2026-01-02 00:02:09.718000+00:00
진양밸리,2026-01-15,11:15,60000,11,3,teescan,2026-01-02 00:02:09.718000+00:00
진양밸리,2026-01-15,11:22,60000,11,3,teescan,2026-01-02 00:02:09.718000+00:00
진양밸리,2026-01-15,11:29,60000,11,3,teescan,2026-01-02 00:02:09.718000+00:00
진양밸리,2026-01-15,11:36,60000,11,3,teescan,2026-01-02 00:02:09.718000+00:00
진양밸리,2026-01-15,11:43,60000,11,3,teescan,2026-01-02 00:02:09.718000+00:00
진양밸리,2026-01-15,11:50,60000,11,3,teescan,2026-01-02 00:02:09.718000+00:00
코리아,2026-01-15,09:30,150000,9,3,teescan,2026-01-02 00:02:09.021000+00:00
코리아,2026-01-15,09:37,150000,9,3,teescan,2026-01-02 00:02:09.021000+00:00
코리아,2026-01-15,09:44,150000,9,3,teescan,2026-01-02 00:02:09.021000+00:00
코리아,2026-01-15,09:58,99000,9,3,golfpang,2026-01-06 04:31:59.767000+00:00
코리아,2026-01-15,10:26,150000,10,3,teescan,2026-01-02 00:02:09.021000+00:00
코리아,2026-01-15,10:33,150000,10,3,teescan,2026-01-02 00:02:09.021000+00:00
코리아,2026-01-15,10:54,150000,10,3,teescan,2026-01-02 00:02:09.021000+00:00
코리아,2026-01-15,11:08,109000,11,3,golfpang,2026-01-05 02:01:57.693000+00:00
코리아,2026-01-15,11:22,150000,11,3,teescan,2026-01-02 00:02:09.021000+00:00
코리아,2026-01-15,11:29,150000,11,3,teescan,2026-01-02 00:02:09.021000+00:00
코리아,2026-01-15,11:36,99000,11,3,golfpang,2026-01-06 04:31:59.767000+00:00
코리아,2026-01-15,11:43,150000,11,3,teescan,2026-01-02 00:02:09.021000+00:00
태광,2026-01-15,09:20,150000,9,3,teescan,2026-01-02 00:02:09.021000+00:00
태광,2026-01-15,09:34,150000,9,3,teescan,2026-01-02 00:02:09.021000+00:00
태광,2026-01-15,09:41,150000,9,3,teescan,2026-01-02 00:02:09.021000+00:00
태광,2026-01-15,09:55,150000,9,3,teescan,2026-01-05 00:01:57.792000+00:00
태광,2026-01-15,10:02,150000,10,3,teescan,2026-01-05 00:01:57.792000+00:00
태광,2026-01-15,10:30,150000,10,3,teescan,2026-01-02 00:02:09.021000+00:00
태광,2026-01-15,11:05,150000,11,3,teescan,2026-01-05 04:31:59.282000+00:00
태광,2026-01-15,11:40,150000,11,3,teescan,2026-01-02 00:02:09.021000+00:00
태광,2026-01-15,11:54,150000,11,3,teescan,2026-01-02 00:02:09.021000+00:00
포웰,2026-01-15,09:56,70000,9,3,teescan,2026-01-05 01:31:50.915000+00:00
포웰,2026-01-15,10:31,70000,10,3,golfpang,2026-01-06 05:02:02.556000+00:00
포웰,2026-01-15,14:54,60000,14,3,teescan,2026-01-05 01:31:50.915000+00:00
포웰,2026-01-15,15:01,60000,15,3,teescan,2026-01-05 01:31:50.915000+00:00
플라자용인,2026-01-15,09:27,100000,9,3,teescan,2026-01-02 00:02:09.021000+00:00
플라자용인,2026-01-15,09:28,100000,9,3,teescan,2026-01-02 00:02:09.021000+00:00
플라자용인,2026-01-15,09:30,100000,9,3,teescan,2026-01-02 00:02:09.021000+00:00
플라자용인,2026-01-15,09:34,100000,9,3,teescan,2026-01-02 00:02:09.021000+00:00
플라자용인,2026-01-15,09:35,100000,9,3,teescan,2026-01-02 00:02:09.021000+00:00
플라자용인,2026-01-15,09:36,100000,9,3,teescan,2026-01-02 00:02:09.021000+00:00
플라자용인,2026-01-15,09:37,100000,9,3,teescan,2026-01-02 00:02:09.021000+00:00
플라자용인,2026-01-15,09:41,100000,9,3,teescan,2026-01-02 00:02:09.021000+00:00
플라자용인,2026-01-15,09:42,100000,9,3,teescan,2026-01-02 00:02:09.021000+00:00
플라자용인,2026-01-15,09:43,100000,9,3,teescan,2026-01-02 00:02:09.021000+00:00
플라자용인,2026-01-15,09:48,100000,9,3,teescan,2026-01-02 00:02:09.021000+00:00
플라자용인,2026-01-15,09:49,100000,9,3,teescan,2026-01-02 00:02:09.021000+00:00
플라자용인,2026-01-15,09:50,100000,9,3,teescan,2026-01-02 00:02:09.021000+00:00
플라자용인,2026-01-15,09:51,100000,9,3,teescan,2026-01-02 00:02:09.021000+00:00
플라자용인,2026-01-15,09:55,100000,9,3,teescan,2026-01-02 00:02:09.021000+00:00
플라자용인,2026-01-15,09:56,100000,9,3,teescan,2026-01-02 00:02:09.021000+00:00
플라자용인,2026-01-15,09:57,100000,9,3,teescan,2026-01-02 00:02:09.021000+00:00
플라자용인,2026-01-15,09:58,100000,9,3,teescan,2026-01-02 00:02:09.021000+00:00
플라자용인,2026-01-15,10:02,100000,10,3,teescan,2026-01-02 00:02:09.021000+00:00
플라자용인,2026-01-15,10:03,100000,10,3,teescan,2026-01-02 00:02:09.021000+00:00
플라자용인,2026-01-15,10:04,100000,10,3,teescan,2026-01-02 00:02:09.021000+00:00
플라자용인,2026-01-15,10:05,100000,10,3,teescan,2026-01-02 00:02:09.021000+00:00
플라자용인,2026-01-15,10:09,100000,10,3,teescan,2026-01-02 00:02:09.021000+00:00
플라자용인,2026-01-15,10:10,100000,10,3,teescan,2026-01-02 00:02:09.021000+00:00
플라자용인,2026-01-15,10:11,100000,10,3,teescan,2026-01-02 00:02:09.021000+00:00
플라자용인,2026-01-15,10:12,100000,10,3,teescan,2026-01-02 00:02:09.021000+00:00
플라자용인,2026-01-15,10:16,100000,10,3,teescan,2026-01-02 00:02:09.021000+00:00
플라자용인,2026-01-15,10:17,100000,10,3,teescan,2026-01-02 00:02:09.021000+00:00
플라자용인,2026-01-15,10:18,100000,10,3,teescan,2026-01-02 07:02:28.146000+00:00
플라자용인,2026-01-15,10:23,100000,10,3,teescan,2026-01-02 00:02:09.021000+00:00
플라자용인,2026-01-15,10:24,100000,10,3,teescan,2026-01-02 00:02:09.021000+00:00
플라자용인,2026-01-15,10:25,100000,10,3,teescan,2026-01-02 00:02:09.021000+00:00
플라자용인,2026-01-15,10:26,100000,10,3,teescan,2026-01-02 00:02:09.021000+00:00
플라자용인,2026-01-15,10:30,100000,10,3,teescan,2026-01-02 00:02:09.021000+00:00
플라자용인,2026-01-15,10:31,100000,10,3,teescan,2026-01-02 00:02:09.021000+00:00
플라자용인,2026-01-15,10:32,100000,10,3,teescan,2026-01-02 00:02:09.021000+00:00
플라자용인,2026-01-15,10:33,100000,10,3,teescan,2026-01-02 00:02:09.021000+00:00
플라자용인,2026-01-15,10:37,100000,10,3,teescan,2026-01-02 00:02:09.021000+00:00
플라자용인,2026-01-15,10:38,100000,10,3,teescan,2026-01-02 00:02:09.021000+00:00
플라자용인,2026-01-15,10:39,100000,10,3,teescan,2026-01-02 00:02:09.021000+00:00
플라자용인,2026-01-15,10:40,100000,10,3,teescan,2026-01-02 00:02:09.021000+00:00
플라자용인,2026-01-15,10:44,100000,10,3,teescan,2026-01-02 00:02:09.021000+00:00
플라자용인,2026-01-15,10:45,100000,10,3,teescan,2026-01-02 00:02:09.021000+00:00
플라자용인,2026-01-15,10:47,100000,10,3,teescan,2026-01-02 00:02:09.021000+00:00
플라자용인,2026-01-15,10:51,100000,10,3,teescan,2026-01-02 00:02:09.021000+00:00
플라자용인,2026-01-15,10:52,100000,10,3,teescan,2026-01-02 00:02:09.021000+00:00
플라자용인,2026-01-15,10:58,100000,10,3,teescan,2026-01-02 00:02:09.021000+00:00
플라자용인,2026-01-15,10:59,100000,10,3,teescan,2026-01-02 00:02:09.021000+00:00
플라자용인,2026-01-15,11:00,100000,11,3,teescan,2026-01-02 00:02:09.021000+00:00
플라자용인,2026-01-15,11:01,100000,11,3,teescan,2026-01-02 00:02:09.021000+00:00
플라자용인,2026-01-15,11:05,100000,11,3,teescan,2026-01-02 00:02:09.021000+00:00
플라자용인,2026-01-15,11:06,100000,11,3,teescan,2026-01-02 00:02:09.021000+00:00
플라자용인,2026-01-15,11:07,100000,11,3,teescan,2026-01-05 08:02:08.043000+00:00
플라자용인,2026-01-15,11:08,100000,11,3,teescan,2026-01-02 00:02:09.021000+00:00
플라자용인,2026-01-15,11:12,100000,11,3,teescan,2026-01-02 00:02:09.021000+00:00
플라자용인,2026-01-15,11:13,100000,11,3,teescan,2026-01-02 00:02:09.021000+00:00
플라자용인,2026-01-15,11:14,100000,11,3,teescan,2026-01-02 00:02:09.021000+00:00
플라자용인,2026-01-15,11:19,100000,11,3,teescan,2026-01-02 00:02:09.021000+00:00
플라자용인,2026-01-15,11:20,100000,11,3,teescan,2026-01-02 00:02:09.021000+00:00
플라자용인,2026-01-15,11:22,100000,11,3,teescan,2026-01-02 00:02:09.021000+00:00
플라자용인,2026-01-15,11:26,100000,11,3,teescan,2026-01-02 00:02:09.021000+00:00
플라자용인,2026-01-15,11:27,100000,11,3,teescan,2026-01-02 00:02:09.021000+00:00
플라자용인,2026-01-15,11:33,100000,11,3,teescan,2026-01-02 00:02:09.021000+00:00
플라자용인,2026-01-15,11:34,100000,11,3,teescan,2026-01-02 00:02:09.021000+00:00
플라자용인,2026-01-15,11:40,100000,11,3,teescan,2026-01-02 00:02:09.021000+00:00
플라자용인,2026-01-15,11:41,100000,11,3,teescan,2026-01-02 00:02:09.021000+00:00
플라자용인,2026-01-15,11:42,100000,11,3,teescan,2026-01-02 00:02:09.021000+00:00
한림용인,2026-01-15,09:30,110000,9,3,teescan,2026-01-02 00:02:09.021000+00:00
한림용인,2026-01-15,09:37,110000,9,3,teescan,2026-01-02 00:02:09.021000+00:00
한림용인,2026-01-15,09:44,110000,9,3,teescan,2026-01-02 00:02:09.021000+00:00
한림용인,2026-01-15,09:51,110000,9,3,teescan,2026-01-02 00:02:09.021000+00:00
한림용인,2026-01-15,09:58,110000,9,3,teescan,2026-01-02 00:02:09.021000+00:00
한림용인,2026-01-15,10:05,120000,10,3,teescan,2026-01-02 00:02:09.021000+00:00
한림용인,2026-01-15,10:12,120000,10,3,teescan,2026-01-02 00:02:09.021000+00:00
한림용인,2026-01-15,10:19,120000,10,3,teescan,2026-01-02 00:02:09.021000+00:00
한림용인,2026-01-15,10:26,120000,10,3,teescan,2026-01-02 00:02:09.021000+00:00
한림용인,2026-01-15,10:33,120000,10,3,teescan,2026-01-02 00:02:09.021000+00:00
한림용인,2026-01-15,10:40,120000,10,3,teescan,2026-01-02 00:02:09.021000+00:00
한림용인,2026-01-15,10:47,120000,10,3,teescan,2026-01-02 00:02:09.021000+00:00
한림용인,2026-01-15,10:54,120000,10,3,teescan,2026-01-02 00:02:09.021000+00:00
한림용인,2026-01-15,11:01,120000,11,3,teescan,2026-01-02 00:02:09.021000+00:00
한림용인,2026-01-15,11:08,120000,11,3,teescan,2026-01-02 00:02:09.021000+00:00
한림용인,2026-01-15,11:15,120000,11,3,teescan,2026-01-02 00:02:09.021000+00:00
한림용인,2026-01-15,11:22,120000,11,3,teescan,2026-01-02 00:02:09.021000+00:00
한림용인,2026-01-15,11:29,120000,11,3,teescan,2026-01-02 00:02:09.021000+00:00
한림용인,2026-01-15,11:36,120000,11,3,teescan,2026-01-02 00:02:09.021000+00:00
한림용인,2026-01-15,11:43,120000,11,3,teescan,2026-01-02 00:02:09.021000+00:00
한림용인,2026-01-15,11:50,120000,11,3,teescan,2026-01-02 00:02:09.021000+00:00
한림용인,2026-01-15,11:57,120000,11,3,teescan,2026-01-02 00:02:09.021000+00:00
한원,2026-01-15,09:35,99000,9,3,teescan,2026-01-02 00:02:09.021000+00:00
한원,2026-01-15,09:42,99000,9,3,teescan,2026-01-02 00:02:09.021000+00:00
한원,2026-01-15,09:49,99000,9,3,teescan,2026-01-02 00:02:09.021000+00:00
한원,2026-01-15,09:56,99000,9,3,teescan,2026-01-02 00:02:09.021000+00:00
한원,2026-01-15,10:03,99000,10,3,teescan,2026-01-02 00:02:09.021000+00:00
한원,2026-01-15,10:10,99000,10,3,teescan,2026-01-02 00:02:09.021000+00:00
한원,2026-01-15,10:31,99000,10,3,teescan,2026-01-06 00:32:08.525000+00:00
한원,2026-01-15,10:38,99000,10,3,teescan,2026-01-02 00:02:09.021000+00:00
한원,2026-01-15,10:45,99000,10,3,teescan,2026-01-02 00:02:09.021000+00:00
한원,2026-01-15,11:06,99000,11,3,teescan,2026-01-02 00:02:09.021000+00:00
한원,2026-01-15,11:13,99000,11,3,teescan,2026-01-02 00:02:09.021000+00:00
한원,2026-01-15,11:20,99000,11,3,teescan,2026-01-02 00:02:09.021000+00:00
한원,2026-01-15,11:27,99000,11,3,teescan,2026-01-02 00:02:09.021000+00:00
해솔리아,2026-01-15,09:00,130000,9,3,teescan,2026-01-02 00:02:09.021000+00:00
해솔리아,2026-01-15,09:07,130000,9,3,teescan,2026-01-02 00:02:09.021000+00:00
해솔리아,2026-01-15,09:14,130000,9,3,teescan,2026-01-02 00:02:09.021000+00:00
해솔리아,2026-01-15,09:21,130000,9,3,teescan,2026-01-02 00:02:09.021000+00:00
해솔리아,2026-01-15,09:28,130000,9,3,teescan,2026-01-02 00:02:09.021000+00:00
해솔리아,2026-01-15,09:35,130000,9,3,teescan,2026-01-02 00:02:09.021000+00:00
해솔리아,2026-01-15,09:42,130000,9,3,teescan,2026-01-02 00:02:09.021000+00:00
해솔리아,2026-01-15,09:49,130000,9,3,teescan,2026-01-02 00:02:09.021000+00:00
해솔리아,2026-01-15,09:56,130000,9,3,teescan,2026-01-02 00:02:09.021000+00:00
해솔리아,2026-01-15,10:03,130000,10,3,teescan,2026-01-02 00:02:09.021000+00:00
해솔리아,2026-01-15,10:10,130000,10,3,teescan,2026-01-02 00:02:09.021000+00:00
해솔리아,2026-01-15,10:17,130000,10,3,teescan,2026-01-02 00:02:09.021000+00:00
해솔리아,2026-01-15,10:24,130000,10,3,teescan,2026-01-02 00:02:09.021000+00:00
해솔리아,2026-01-15,10:31,130000,10,3,teescan,2026-01-02 00:02:09.021000+00:00
해솔리아,2026-01-15,10:38,130000,10,3,teescan,2026-01-02 00:02:09.021000+00:00
해솔리아,2026-01-15,10:45,130000,10,3,teescan,2026-01-02 00:02:09.021000+00:00
해솔리아,2026-01-15,10:52,130000,10,3,teescan,2026-01-02 00:02:09.021000+00:00
해솔리아,2026-01-15,10:59,130000,10,3,teescan,2026-01-02 00:02:09.021000+00:00
해솔리아,2026-01-15,11:06,130000,11,3,teescan,2026-01-02 00:02:09.021000+00:00
해솔리아,2026-01-15,11:13,130000,11,3,teescan,2026-01-02 00:02:09.021000+00:00
해솔리아,2026-01-15,11:20,130000,11,3,teescan,2026-01-02 00:02:09.021000+00:00
해솔리아,2026-01-15,11:27,130000,11,3,teescan,2026-01-02 00:02:09.021000+00:00
화성상록,2026-01-15,10:05,130000,10,3,teescan,2026-01-05 04:31:59.282000+00:00
화성상록,2026-01-15,10:19,130000,10,3,teescan,2026-01-05 04:31:59.282000+00:00
화성상록,2026-01-15,11:01,130000,11,3,teescan,2026-01-05 04:31:59.282000+00:00
화성상록,2026-01-15,11:29,130000,11,3,teescan,2026-01-05 04:31:59.282000+00:00
히든밸리,2026-01-15,09:44,50000,9,3,teescan,2026-01-02 00:02:09.718000+00:00
히든밸리,2026-01-15,09:51,50000,9,3,teescan,2026-01-02 00:02:09.718000+00:00
히든밸리,2026-01-15,09:58,50000,9,3,teescan,2026-01-02 00:02:09.718000+00:00
히든밸리,2026-01-15,10:05,50000,10,3,teescan,2026-01-02 00:02:09.718000+00:00
히든밸리,2026-01-15,10:12,50000,10,3,teescan,2026-01-02 00:02:09.718000+00:00
히든밸리,2026-01-15,10:19,50000,10,3,teescan,2026-01-02 00:02:09.718000+00:00
히든밸리,2026-01-15,10:26,50000,10,3,teescan,2026-01-02 00:02:09.718000+00:00
히든밸리,2026-01-15,10:33,50000,10,3,teescan,2026-01-02 00:02:09.021000+00:00
히든밸리,2026-01-15,10:40,50000,10,3,teescan,2026-01-02 00:02:09.718000+00:00
히든밸리,2026-01-15,10:47,50000,10,3,teescan,2026-01-02 00:02:09.718000+00:00
히든밸리,2026-01-15,10:54,50000,10,3,teescan,2026-01-02 00:02:09.718000+00:00
히든밸리,2026-01-15,11:01,50000,11,3,teescan,2026-01-02 00:02:09.718000+00:00
히든밸리,2026-01-15,11:08,50000,11,3,teescan,2026-01-02 00:02:09.718000+00:00
히든밸리,2026-01-15,11:15,50000,11,3,teescan,2026-01-02 00:02:09.021000+00:00
히든밸리,2026-01-15,11:22,50000,11,3,teescan,2026-01-02 00:02:09.718000+00:00
히든밸리,2026-01-15,11:29,50000,11,3,teescan,2026-01-02 00:02:09.718000+00:00
히든밸리,2026-01-15,11:36,50000,11,3,teescan,2026-01-02 00:02:09.718000+00:00
히든밸리,2026-01-15,11:43,50000,11,3,teescan,2026-01-02 00:02:09.718000+00:00
히든밸리,2026-01-15,11:50,50000,11,3,teescan,2026-01-02 00:02:09.718000+00:00
히든밸리,2026-01-15,11:57,50000,11,3,teescan,2026-01-02 00:02:09.718000+00:00
히든밸리,2026-01-15,12:04,50000,12,3,teescan,2026-01-02 00:02:09.718000+00:00
히든밸리,2026-01-15,12:11,50000,12,3,teescan,2026-01-02 00:02:09.718000+00:00
히든밸리,2026-01-15,12:18,50000,12,3,teescan,2026-01-02 00:02:09.718000+00:00
힐데스,2026-01-15,09:37,35000,9,3,teescan,2026-01-05 07:02:10.447000+00:00
힐데스,2026-01-15,09:44,35000,9,3,teescan,2026-01-05 07:02:10.447000+00:00
힐데스,2026-01-15,09:52,35000,9,3,teescan,2026-01-05 07:02:10.447000+00:00
힐데스,2026-01-15,09:59,35000,9,3,teescan,2026-01-05 07:02:10.447000+00:00
힐데스,2026-01-15,10:07,40000,10,3,teescan,2026-01-02 00:02:09.021000+00:00
힐데스,2026-01-15,10:14,40000,10,3,teescan,2026-01-02 00:02:09.718000+00:00
힐데스,2026-01-15,10:22,40000,10,3,teescan,2026-01-02 00:02:09.718000+00:00
힐데스,2026-01-15,10:29,40000,10,3,teescan,2026-01-02 00:02:09.718000+00:00
힐데스,2026-01-15,10:37,40000,10,3,teescan,2026-01-02 00:02:09.718000+00:00
힐데스,2026-01-15,10:44,40000,10,3,teescan,2026-01-02 00:02:09.718000+00:00
힐데스,2026-01-15,10:52,40000,10,3,teescan,2026-01-02 00:02:09.021000+00:00
힐데스,2026-01-15,10:59,40000,10,3,teescan,2026-01-02 00:02:09.718000+00:00
힐데스,2026-01-15,11:07,40000,11,3,teescan,2026-01-02 00:02:09.021000+00:00
힐데스,2026-01-15,11:14,40000,11,3,teescan,2026-01-02 00:02:09.718000+00:00
힐데스,2026-01-15,11:22,40000,11,3,teescan,2026-01-02 00:02:09.021000+00:00
힐데스,2026-01-15,11:29,40000,11,3,teescan,2026-01-02 00:02:09.718000+00:00
힐데스,2026-01-15,11:37,35000,11,3,teescan,2026-01-05 07:02:10.447000+00:00
힐데스,2026-01-15,11:44,35000,11,3,teescan,2026-01-05 07:02:10.447000+00:00
힐데스,2026-01-15,11:52,35000,11,3,teescan,2026-01-05 07:02:10.447000+00:00
힐데스,2026-01-15,11:59,35000,11,3,teescan,2026-01-05 07:02:10.447000+00:00
감곡,2026-01-16,09:30,56400,9,4,teescan,2026-01-03 00:02:09.091000+00:00
감곡,2026-01-16,09:37,56400,9,4,teescan,2026-01-03 00:02:09.991000+00:00
감곡,2026-01-16,09:44,56400,9,4,teescan,2026-01-03 00:02:09.991000+00:00
감곡,2026-01-16,09:51,56400,9,4,teescan,2026-01-03 00:02:09.991000+00:00
감곡,2026-01-16,09:58,56400,9,4,teescan,2026-01-03 00:02:09.991000+00:00
감곡,2026-01-16,10:05,56400,10,4,teescan,2026-01-03 00:02:09.991000+00:00
감곡,2026-01-16,10:12,56400,10,4,teescan,2026-01-03 00:02:09.991000+00:00
감곡,2026-01-16,10:19,56400,10,4,teescan,2026-01-03 00:02:09.991000+00:00
감곡,2026-01-16,10:26,56400,10,4,teescan,2026-01-03 00:02:09.991000+00:00
감곡,2026-01-16,10:33,56400,10,4,teescan,2026-01-03 00:02:09.991000+00:00
감곡,2026-01-16,10:40,56400,10,4,teescan,2026-01-03 00:02:09.991000+00:00
감곡,2026-01-16,10:47,56400,10,4,teescan,2026-01-03 00:02:09.991000+00:00
감곡,2026-01-16,10:54,56400,10,4,teescan,2026-01-03 00:02:09.091000+00:00
감곡,2026-01-16,11:01,65800,11,4,teescan,2026-01-03 00:02:09.991000+00:00
감곡,2026-01-16,11:08,65800,11,4,teescan,2026-01-03 00:02:09.991000+00:00
감곡,2026-01-16,11:15,65800,11,4,teescan,2026-01-03 00:02:09.991000+00:00
감곡,2026-01-16,11:22,65800,11,4,teescan,2026-01-03 00:02:09.091000+00:00
감곡,2026-01-16,11:29,65800,11,4,teescan,2026-01-03 00:02:09.991000+00:00
감곡,2026-01-16,11:36,65800,11,4,teescan,2026-01-03 00:02:09.091000+00:00
감곡,2026-01-16,11:43,65800,11,4,teescan,2026-01-03 00:02:09.991000+00:00
감곡,2026-01-16,11:50,65800,11,4,teescan,2026-01-03 00:02:09.991000+00:00
골프존화랑,2026-01-16,09:50,45000,9,4,teescan,2026-01-05 01:31:58.716000+00:00
골프존화랑,2026-01-16,09:57,45000,9,4,teescan,2026-01-05 01:31:58.716000+00:00
골프존화랑,2026-01-16,10:04,45000,10,4,teescan,2026-01-05 01:31:58.716000+00:00
골프존화랑,2026-01-16,10:18,45000,10,4,teescan,2026-01-05 01:31:58.716000+00:00
골프존화랑,2026-01-16,10:32,45000,10,4,teescan,2026-01-05 01:31:58.716000+00:00
골프존화랑,2026-01-16,10:39,45000,10,4,teescan,2026-01-05 01:31:58.716000+00:00
골프존화랑,2026-01-16,10:53,45000,10,4,teescan,2026-01-05 01:31:58.716000+00:00
골프존화랑,2026-01-16,11:07,45000,11,4,teescan,2026-01-05 01:31:58.716000+00:00
골프존화랑,2026-01-16,11:14,45000,11,4,teescan,2026-01-05 01:31:58.716000+00:00
골프존화랑,2026-01-16,11:21,45000,11,4,teescan,2026-01-05 01:31:58.716000+00:00
골프존화랑,2026-01-16,11:28,45000,11,4,teescan,2026-01-05 01:31:58.716000+00:00
골프존화랑,2026-01-16,11:49,45000,11,4,teescan,2026-01-05 01:31:58.716000+00:00
골프존화랑,2026-01-16,11:56,45000,11,4,teescan,2026-01-05 01:31:58.716000+00:00
골프존화랑,2026-01-16,12:03,55000,12,4,golfpang,2026-01-06 04:32:10.636000+00:00
골프존화랑,2026-01-16,12:10,45000,12,4,teescan,2026-01-05 01:31:58.716000+00:00
기흥,2026-01-16,10:51,110000,10,4,golfpang,2026-01-06 04:32:10.636000+00:00
기흥,2026-01-16,11:00,110000,11,4,golfpang,2026-01-06 05:02:11.904000+00:00
대영힐스,2026-01-16,09:27,40000,9,4,teescan,2026-01-03 00:02:09.091000+00:00
대영힐스,2026-01-16,09:41,40000,9,4,teescan,2026-01-03 00:02:09.991000+00:00
대영힐스,2026-01-16,09:48,40000,9,4,teescan,2026-01-03 00:02:09.991000+00:00
대영힐스,2026-01-16,09:55,40000,9,4,teescan,2026-01-03 00:02:09.991000+00:00
대영힐스,2026-01-16,10:02,40000,10,4,teescan,2026-01-03 00:02:09.991000+00:00
대영힐스,2026-01-16,10:09,40000,10,4,teescan,2026-01-03 00:02:09.991000+00:00
대영힐스,2026-01-16,10:16,40000,10,4,teescan,2026-01-03 00:02:09.991000+00:00
대영힐스,2026-01-16,10:23,40000,10,4,teescan,2026-01-03 00:02:09.991000+00:00
대영힐스,2026-01-16,10:30,40000,10,4,teescan,2026-01-03 00:02:09.991000+00:00
대영힐스,2026-01-16,10:37,40000,10,4,teescan,2026-01-03 00:02:09.991000+00:00
대영힐스,2026-01-16,10:44,40000,10,4,teescan,2026-01-03 00:02:09.991000+00:00
대영힐스,2026-01-16,10:51,40000,10,4,teescan,2026-01-03 00:02:09.091000+00:00
대영힐스,2026-01-16,10:58,40000,10,4,teescan,2026-01-03 00:02:09.991000+00:00
대영힐스,2026-01-16,11:05,40000,11,4,teescan,2026-01-03 00:02:09.091000+00:00
대영힐스,2026-01-16,11:12,40000,11,4,teescan,2026-01-03 00:02:09.991000+00:00
대영힐스,2026-01-16,11:19,40000,11,4,teescan,2026-01-03 00:02:09.991000+00:00
대영힐스,2026-01-16,11:26,40000,11,4,teescan,2026-01-03 00:02:09.991000+00:00
대영힐스,2026-01-16,11:33,40000,11,4,teescan,2026-01-03 00:02:09.991000+00:00
대영힐스,2026-01-16,11:40,40000,11,4,teescan,2026-01-03 00:02:09.991000+00:00
대영힐스,2026-01-16,11:47,40000,11,4,teescan,2026-01-03 00:02:09.991000+00:00
대영힐스,2026-01-16,11:54,40000,11,4,teescan,2026-01-03 00:02:09.991000+00:00
대영힐스,2026-01-16,12:01,40000,12,4,teescan,2026-01-03 00:02:09.091000+00:00
더크로스비,2026-01-16,10:05,60000,10,4,teescan,2026-01-03 00:02:09.091000+00:00
더크로스비,2026-01-16,10:12,60000,10,4,teescan,2026-01-03 00:02:09.091000+00:00
더크로스비,2026-01-16,10:19,60000,10,4,teescan,2026-01-03 00:02:09.091000+00:00
더크로스비,2026-01-16,10:26,60000,10,4,teescan,2026-01-03 02:02:19.195000+00:00
더크로스비,2026-01-16,10:33,60000,10,4,teescan,2026-01-03 00:02:09.091000+00:00
더크로스비,2026-01-16,10:40,60000,10,4,teescan,2026-01-03 00:02:09.091000+00:00
더크로스비,2026-01-16,10:47,60000,10,4,teescan,2026-01-03 00:02:09.091000+00:00
더크로스비,2026-01-16,11:01,60000,11,4,teescan,2026-01-03 00:02:09.091000+00:00
더크로스비,2026-01-16,11:36,60000,11,4,teescan,2026-01-03 00:02:09.091000+00:00
더크로스비,2026-01-16,11:43,60000,11,4,teescan,2026-01-03 00:02:09.091000+00:00
더크로스비,2026-01-16,11:50,60000,11,4,teescan,2026-01-03 00:02:09.091000+00:00
더크로스비,2026-01-16,11:57,60000,11,4,teescan,2026-01-03 00:02:09.091000+00:00
더크로스비,2026-01-16,12:04,60000,12,4,teescan,2026-01-03 00:02:09.091000+00:00
더크로스비,2026-01-16,12:11,60000,12,4,teescan,2026-01-03 00:02:09.091000+00:00
동촌,2026-01-16,09:37,70000,9,4,teescan,2026-01-03 00:02:09.991000+00:00
동촌,2026-01-16,09:44,70000,9,4,teescan,2026-01-03 00:02:09.991000+00:00
동촌,2026-01-16,09:51,70000,9,4,teescan,2026-01-03 00:02:09.991000+00:00
동촌,2026-01-16,10:12,70000,10,4,teescan,2026-01-03 00:02:09.991000+00:00
동촌,2026-01-16,10:33,70000,10,4,golfpang,2026-01-06 04:32:10.636000+00:00
동촌,2026-01-16,10:40,70000,10,4,teescan,2026-01-03 00:02:09.991000+00:00
동촌,2026-01-16,10:54,55000,10,4,golfpang,2026-01-06 05:02:11.904000+00:00
동촌,2026-01-16,11:22,55000,11,4,golfpang,2026-01-06 05:02:11.904000+00:00
동촌,2026-01-16,11:29,60000,11,4,teescan,2026-01-03 00:02:09.991000+00:00
동촌,2026-01-16,11:36,70000,11,4,teescan,2026-01-03 00:02:09.991000+00:00
동촌,2026-01-16,11:43,70000,11,4,teescan,2026-01-03 00:02:09.991000+00:00
동촌,2026-01-16,11:50,70000,11,4,teescan,2026-01-03 00:02:09.991000+00:00
떼제베,2026-01-16,10:00,60000,10,4,teescan,2026-01-03 00:02:09.091000+00:00
떼제베,2026-01-16,10:07,60000,10,4,teescan,2026-01-03 00:02:09.991000+00:00
떼제베,2026-01-16,10:14,60000,10,4,teescan,2026-01-04 23:32:10.457000+00:00
떼제베,2026-01-16,10:35,70000,10,4,teescan,2026-01-04 23:32:10.457000+00:00
떼제베,2026-01-16,10:42,70000,10,4,teescan,2026-01-04 23:32:10.457000+00:00
떼제베,2026-01-16,10:49,70000,10,4,teescan,2026-01-03 00:02:09.991000+00:00
떼제베,2026-01-16,10:56,70000,10,4,teescan,2026-01-03 00:02:09.091000+00:00
떼제베,2026-01-16,11:03,70000,11,4,teescan,2026-01-03 00:32:06.016000+00:00
떼제베,2026-01-16,11:17,70000,11,4,teescan,2026-01-03 00:02:09.091000+00:00
떼제베,2026-01-16,11:24,70000,11,4,teescan,2026-01-03 00:02:09.991000+00:00
떼제베,2026-01-16,11:31,70000,11,4,teescan,2026-01-03 00:02:09.991000+00:00
떼제베,2026-01-16,11:38,70000,11,4,teescan,2026-01-03 00:02:09.991000+00:00
떼제베,2026-01-16,11:45,70000,11,4,teescan,2026-01-03 00:02:09.991000+00:00
떼제베,2026-01-16,11:52,70000,11,4,teescan,2026-01-04 23:32:10.457000+00:00
떼제베,2026-01-16,12:06,60000,12,4,teescan,2026-01-04 23:32:10.457000+00:00
떼제베,2026-01-16,12:13,60000,12,4,teescan,2026-01-03 00:02:09.091000+00:00
떼제베,2026-01-16,12:20,60000,12,4,teescan,2026-01-03 00:02:09.991000+00:00
라데나,2026-01-16,09:54,100000,9,4,teescan,2026-01-03 00:02:09.991000+00:00
라데나,2026-01-16,10:01,100000,10,4,teescan,2026-01-03 00:02:09.991000+00:00
라데나,2026-01-16,10:08,100000,10,4,teescan,2026-01-03 00:02:09.991000+00:00
라데나,2026-01-16,10:15,100000,10,4,teescan,2026-01-03 00:02:09.991000+00:00
라데나,2026-01-16,10:22,100000,10,4,teescan,2026-01-03 00:02:09.991000+00:00
라데나,2026-01-16,10:29,100000,10,4,teescan,2026-01-03 00:02:09.991000+00:00
라데나,2026-01-16,10:36,100000,10,4,teescan,2026-01-03 00:02:09.991000+00:00
라데나,2026-01-16,10:43,100000,10,4,teescan,2026-01-03 00:02:09.991000+00:00
라데나,2026-01-16,10:50,100000,10,4,teescan,2026-01-03 00:02:09.991000+00:00
라데나,2026-01-16,10:57,100000,10,4,teescan,2026-01-03 00:02:09.991000+00:00
라데나,2026-01-16,11:04,100000,11,4,teescan,2026-01-03 00:02:09.991000+00:00
라데나,2026-01-16,11:11,100000,11,4,teescan,2026-01-03 00:02:09.991000+00:00
라데나,2026-01-16,11:18,100000,11,4,teescan,2026-01-03 00:02:09.991000+00:00
라데나,2026-01-16,11:25,100000,11,4,teescan,2026-01-03 00:02:09.991000+00:00
라데나,2026-01-16,11:32,100000,11,4,teescan,2026-01-03 00:02:09.991000+00:00
라데나,2026-01-16,11:39,100000,11,4,teescan,2026-01-03 00:02:09.991000+00:00
라데나,2026-01-16,11:46,100000,11,4,teescan,2026-01-03 00:02:09.991000+00:00
라데나,2026-01-16,11:53,100000,11,4,teescan,2026-01-03 00:02:09.991000+00:00
라데나,2026-01-16,12:00,100000,12,4,teescan,2026-01-03 00:02:09.991000+00:00
레싸,2026-01-16,09:58,150000,9,4,teescan,2026-01-05 07:02:18.145000+00:00
레싸,2026-01-16,10:40,130000,10,4,teescan,2026-01-03 00:02:09.091000+00:00
레싸,2026-01-16,10:54,130000,10,4,teescan,2026-01-03 00:02:09.091000+00:00
레싸,2026-01-16,11:08,150000,11,4,teescan,2026-01-05 07:02:18.145000+00:00
레싸,2026-01-16,11:15,130000,11,4,teescan,2026-01-03 00:02:09.091000+00:00
레싸,2026-01-16,11:29,130000,11,4,teescan,2026-01-03 00:02:09.091000+00:00
레싸,2026-01-16,11:43,130000,11,4,teescan,2026-01-03 00:02:09.091000+00:00
레싸,2026-01-16,12:04,130000,12,4,teescan,2026-01-03 00:02:09.091000+00:00
로얄포레,2026-01-16,09:27,40000,9,4,teescan,2026-01-03 00:02:09.991000+00:00
로얄포레,2026-01-16,09:41,40000,9,4,teescan,2026-01-03 00:02:09.991000+00:00
로얄포레,2026-01-16,09:48,40000,9,4,teescan,2026-01-03 00:02:09.991000+00:00
로얄포레,2026-01-16,09:55,40000,9,4,teescan,2026-01-03 00:02:09.991000+00:00
로얄포레,2026-01-16,10:00,50000,10,4,golfpang,2026-01-06 05:02:11.904000+00:00
로얄포레,2026-01-16,10:02,40000,10,4,teescan,2026-01-03 00:02:09.991000+00:00
로얄포레,2026-01-16,10:09,40000,10,4,teescan,2026-01-03 00:02:09.991000+00:00
로얄포레,2026-01-16,10:16,40000,10,4,teescan,2026-01-03 00:02:09.991000+00:00
로얄포레,2026-01-16,10:23,40000,10,4,teescan,2026-01-03 00:02:09.991000+00:00
로얄포레,2026-01-16,10:30,40000,10,4,teescan,2026-01-03 00:02:09.991000+00:00
로얄포레,2026-01-16,10:37,40000,10,4,teescan,2026-01-03 00:02:09.991000+00:00
로얄포레,2026-01-16,10:44,40000,10,4,teescan,2026-01-03 00:02:09.991000+00:00
로얄포레,2026-01-16,10:51,40000,10,4,teescan,2026-01-03 00:02:09.991000+00:00
로얄포레,2026-01-16,10:58,40000,10,4,teescan,2026-01-03 00:02:09.991000+00:00
로얄포레,2026-01-16,11:03,50000,11,4,golfpang,2026-01-06 03:31:59.399000+00:00
로얄포레,2026-01-16,11:05,40000,11,4,teescan,2026-01-03 00:02:09.991000+00:00
로얄포레,2026-01-16,11:12,40000,11,4,teescan,2026-01-03 00:02:09.991000+00:00
로얄포레,2026-01-16,11:19,40000,11,4,teescan,2026-01-03 00:02:09.991000+00:00
로얄포레,2026-01-16,11:26,40000,11,4,teescan,2026-01-03 00:02:09.991000+00:00
로얄포레,2026-01-16,11:33,40000,11,4,teescan,2026-01-03 00:02:09.991000+00:00
로얄포레,2026-01-16,11:40,40000,11,4,teescan,2026-01-03 00:02:09.991000+00:00
로얄포레,2026-01-16,11:47,40000,11,4,teescan,2026-01-03 00:02:09.991000+00:00
로얄포레,2026-01-16,11:54,40000,11,4,teescan,2026-01-03 00:02:09.991000+00:00
로얄포레,2026-01-16,12:01,40000,12,4,teescan,2026-01-03 00:02:09.991000+00:00
로얄포레,2026-01-16,12:06,50000,12,4,golfpang,2026-01-06 03:31:59.399000+00:00
리베라,2026-01-16,09:09,120000,9,4,teescan,2026-01-03 00:02:09.091000+00:00
리베라,2026-01-16,09:16,120000,9,4,teescan,2026-01-03 00:02:09.091000+00:00
리베라,2026-01-16,09:23,120000,9,4,teescan,2026-01-03 00:02:09.091000+00:00
리베라,2026-01-16,09:30,120000,9,4,teescan,2026-01-03 00:02:09.091000+00:00
리베라,2026-01-16,09:37,120000,9,4,teescan,2026-01-03 00:02:09.091000+00:00
리베라,2026-01-16,09:44,120000,9,4,teescan,2026-01-03 00:02:09.091000+00:00
리베라,2026-01-16,09:51,120000,9,4,teescan,2026-01-03 00:02:09.091000+00:00
리베라,2026-01-16,09:58,120000,9,4,teescan,2026-01-03 00:02:09.091000+00:00
리베라,2026-01-16,10:05,120000,10,4,teescan,2026-01-03 00:02:09.091000+00:00
리베라,2026-01-16,10:12,120000,10,4,teescan,2026-01-03 00:02:09.091000+00:00
리베라,2026-01-16,10:19,120000,10,4,teescan,2026-01-03 00:02:09.091000+00:00
리베라,2026-01-16,10:26,120000,10,4,teescan,2026-01-03 00:02:09.091000+00:00
리베라,2026-01-16,10:40,120000,10,4,teescan,2026-01-03 00:02:09.091000+00:00
리베라,2026-01-16,10:54,130000,10,4,golfpang,2026-01-06 05:02:11.904000+00:00
리베라,2026-01-16,11:15,130000,11,4,golfpang,2026-01-05 01:01:49.475000+00:00
마이다스,2026-01-16,10:26,120000,10,4,teescan,2026-01-03 00:02:09.091000+00:00
모나크,2026-01-16,09:40,60000,9,4,teescan,2026-01-03 00:02:09.091000+00:00
모나크,2026-01-16,09:47,60000,9,4,teescan,2026-01-03 00:02:09.991000+00:00
모나크,2026-01-16,09:54,60000,9,4,teescan,2026-01-03 00:02:09.091000+00:00
모나크,2026-01-16,10:01,60000,10,4,teescan,2026-01-03 00:02:09.991000+00:00
모나크,2026-01-16,10:08,60000,10,4,teescan,2026-01-03 00:02:09.091000+00:00
모나크,2026-01-16,10:15,60000,10,4,teescan,2026-01-03 00:02:09.991000+00:00
모나크,2026-01-16,10:22,60000,10,4,teescan,2026-01-03 00:02:09.991000+00:00
모나크,2026-01-16,10:29,60000,10,4,teescan,2026-01-03 00:02:09.991000+00:00
모나크,2026-01-16,10:36,60000,10,4,teescan,2026-01-03 00:02:09.991000+00:00
모나크,2026-01-16,10:43,60000,10,4,teescan,2026-01-03 00:02:09.991000+00:00
모나크,2026-01-16,10:50,60000,10,4,teescan,2026-01-03 00:02:09.991000+00:00
모나크,2026-01-16,10:57,60000,10,4,teescan,2026-01-03 00:02:09.091000+00:00
모나크,2026-01-16,11:11,70000,11,4,golfpang,2026-01-06 02:32:27.581000+00:00
벨라스톤,2026-01-16,09:30,49000,9,4,teescan,2026-01-05 02:02:03.935000+00:00
벨라스톤,2026-01-16,09:37,49000,9,4,teescan,2026-01-05 02:02:03.935000+00:00
벨라스톤,2026-01-16,09:44,49000,9,4,teescan,2026-01-05 02:02:03.935000+00:00
벨라스톤,2026-01-16,09:51,49000,9,4,teescan,2026-01-05 02:02:03.935000+00:00
벨라스톤,2026-01-16,09:58,49000,9,4,teescan,2026-01-05 02:02:03.935000+00:00
벨라스톤,2026-01-16,10:05,70000,10,4,teescan,2026-01-05 09:32:10.442000+00:00
벨라스톤,2026-01-16,10:12,70000,10,4,teescan,2026-01-05 09:32:10.442000+00:00
벨라스톤,2026-01-16,10:19,70000,10,4,teescan,2026-01-05 09:32:10.442000+00:00
벨라스톤,2026-01-16,10:26,70000,10,4,teescan,2026-01-05 09:32:10.442000+00:00
벨라스톤,2026-01-16,10:33,70000,10,4,teescan,2026-01-05 09:32:10.442000+00:00
벨라스톤,2026-01-16,10:47,70000,10,4,teescan,2026-01-05 09:32:10.442000+00:00
벨라스톤,2026-01-16,10:54,70000,10,4,teescan,2026-01-05 09:32:10.442000+00:00
벨라스톤,2026-01-16,11:08,80000,11,4,teescan,2026-01-05 09:32:10.442000+00:00
벨라스톤,2026-01-16,11:15,80000,11,4,teescan,2026-01-05 09:32:10.442000+00:00
벨라스톤,2026-01-16,11:22,80000,11,4,teescan,2026-01-05 09:32:10.442000+00:00
벨라스톤,2026-01-16,11:29,80000,11,4,teescan,2026-01-05 09:32:10.442000+00:00
벨라스톤,2026-01-16,11:36,80000,11,4,teescan,2026-01-05 09:32:10.442000+00:00
벨라스톤,2026-01-16,11:43,80000,11,4,teescan,2026-01-05 09:32:10.442000+00:00
벨라스톤,2026-01-16,11:50,80000,11,4,teescan,2026-01-05 09:32:10.442000+00:00
블루원용인,2026-01-16,10:05,100000,10,4,teescan,2026-01-03 00:02:09.091000+00:00
블루원용인,2026-01-16,10:12,100000,10,4,teescan,2026-01-03 00:02:09.091000+00:00
블루원용인,2026-01-16,10:19,100000,10,4,teescan,2026-01-03 00:02:09.091000+00:00
블루원용인,2026-01-16,10:33,100000,10,4,teescan,2026-01-03 00:02:09.091000+00:00
블루원용인,2026-01-16,10:47,100000,10,4,teescan,2026-01-03 00:02:09.091000+00:00
블루원용인,2026-01-16,10:54,100000,10,4,teescan,2026-01-03 00:02:09.091000+00:00
블루원용인,2026-01-16,11:08,90000,11,4,golfpang,2026-01-06 01:02:12.508000+00:00
블루원용인,2026-01-16,11:22,100000,11,4,teescan,2026-01-03 00:02:09.091000+00:00
블루원용인,2026-01-16,11:36,100000,11,4,teescan,2026-01-03 00:02:09.091000+00:00
블루원용인,2026-01-16,11:57,100000,11,4,teescan,2026-01-03 00:02:09.091000+00:00
블루원용인,2026-01-16,12:18,100000,12,4,teescan,2026-01-03 00:02:09.091000+00:00
세현,2026-01-16,09:30,70000,9,4,teescan,2026-01-03 00:02:09.091000+00:00
세현,2026-01-16,09:37,70000,9,4,teescan,2026-01-03 00:02:09.091000+00:00
세현,2026-01-16,09:44,70000,9,4,teescan,2026-01-03 00:02:09.091000+00:00
세현,2026-01-16,09:51,70000,9,4,teescan,2026-01-03 00:02:09.091000+00:00
세현,2026-01-16,09:58,70000,9,4,teescan,2026-01-03 00:02:09.091000+00:00
세현,2026-01-16,10:05,70000,10,4,teescan,2026-01-03 00:02:09.091000+00:00
세현,2026-01-16,10:12,70000,10,4,teescan,2026-01-03 00:02:09.091000+00:00
세현,2026-01-16,10:19,70000,10,4,teescan,2026-01-03 00:02:09.091000+00:00
세현,2026-01-16,10:26,70000,10,4,teescan,2026-01-03 00:02:09.091000+00:00
세현,2026-01-16,10:33,70000,10,4,teescan,2026-01-03 00:02:09.091000+00:00
세현,2026-01-16,10:40,70000,10,4,teescan,2026-01-03 00:02:09.091000+00:00
세현,2026-01-16,10:47,70000,10,4,teescan,2026-01-03 00:02:09.091000+00:00
세현,2026-01-16,10:54,70000,10,4,teescan,2026-01-03 00:02:09.091000+00:00
세현,2026-01-16,11:01,70000,11,4,teescan,2026-01-03 00:02:09.091000+00:00
세현,2026-01-16,11:08,70000,11,4,teescan,2026-01-03 00:02:09.091000+00:00
세현,2026-01-16,11:15,70000,11,4,teescan,2026-01-03 00:02:09.091000+00:00
세현,2026-01-16,11:22,70000,11,4,teescan,2026-01-03 00:02:09.091000+00:00
세현,2026-01-16,11:29,70000,11,4,teescan,2026-01-03 00:02:09.091000+00:00
세현,2026-01-16,11:36,70000,11,4,teescan,2026-01-03 00:02:09.091000+00:00
세현,2026-01-16,11:43,70000,11,4,teescan,2026-01-03 00:02:09.091000+00:00
세현,2026-01-16,11:50,70000,11,4,teescan,2026-01-03 00:02:09.091000+00:00
센추리,2026-01-16,09:30,95000,9,4,teescan,2026-01-06 00:32:11.322000+00:00
센추리,2026-01-16,09:37,95000,9,4,teescan,2026-01-06 00:32:11.322000+00:00
센추리,2026-01-16,09:44,95000,9,4,teescan,2026-01-06 00:32:11.322000+00:00
센추리,2026-01-16,09:51,85000,9,4,teescan,2026-01-06 00:32:11.322000+00:00
센추리,2026-01-16,09:58,95000,9,4,teescan,2026-01-06 00:32:11.322000+00:00
센추리,2026-01-16,10:05,95000,10,4,teescan,2026-01-06 00:32:11.322000+00:00
센추리,2026-01-16,10:12,85000,10,4,teescan,2026-01-06 00:32:11.322000+00:00
센추리,2026-01-16,10:19,85000,10,4,teescan,2026-01-06 00:32:11.322000+00:00
센추리,2026-01-16,10:26,95000,10,4,teescan,2026-01-06 00:32:11.322000+00:00
센추리,2026-01-16,10:33,95000,10,4,teescan,2026-01-06 00:32:11.322000+00:00
센추리,2026-01-16,10:40,95000,10,4,teescan,2026-01-06 00:32:11.322000+00:00
센추리,2026-01-16,10:47,95000,10,4,teescan,2026-01-06 00:32:11.322000+00:00
센추리,2026-01-16,10:54,85000,10,4,teescan,2026-01-06 00:32:11.322000+00:00
센추리,2026-01-16,11:01,95000,11,4,teescan,2026-01-06 00:32:11.322000+00:00
센추리,2026-01-16,11:08,95000,11,4,teescan,2026-01-06 00:32:11.322000+00:00
센추리,2026-01-16,11:15,85000,11,4,teescan,2026-01-06 00:32:11.322000+00:00
센추리,2026-01-16,11:22,95000,11,4,teescan,2026-01-06 00:32:11.322000+00:00
센추리,2026-01-16,11:29,85000,11,4,teescan,2026-01-06 00:32:11.322000+00:00
센추리,2026-01-16,11:36,95000,11,4,teescan,2026-01-06 00:32:11.322000+00:00
센추리,2026-01-16,11:43,95000,11,4,teescan,2026-01-06 00:32:11.322000+00:00
센추리,2026-01-16,11:50,85000,11,4,teescan,2026-01-06 00:32:11.322000+00:00
센추리,2026-01-16,11:57,95000,11,4,teescan,2026-01-06 00:32:11.322000+00:00
수원,2026-01-16,10:05,150000,10,4,teescan,2026-01-03 00:02:09.091000+00:00
수원,2026-01-16,10:19,150000,10,4,teescan,2026-01-03 00:02:09.091000+00:00
수원,2026-01-16,10:33,150000,10,4,teescan,2026-01-03 00:02:09.091000+00:00
수원,2026-01-16,11:01,150000,11,4,teescan,2026-01-03 00:02:09.091000+00:00
수원,2026-01-16,11:15,150000,11,4,teescan,2026-01-03 00:02:09.091000+00:00
수원,2026-01-16,11:36,150000,11,4,teescan,2026-01-03 00:02:09.091000+00:00
수원,2026-01-16,11:57,150000,11,4,teescan,2026-01-03 00:02:09.091000+00:00
수원,2026-01-16,12:11,150000,12,4,teescan,2026-01-03 00:02:09.091000+00:00
시그너스,2026-01-16,09:40,70000,9,4,teescan,2026-01-03 00:02:09.991000+00:00
시그너스,2026-01-16,09:47,70000,9,4,teescan,2026-01-03 00:02:09.991000+00:00
시그너스,2026-01-16,09:54,70000,9,4,teescan,2026-01-03 00:02:09.991000+00:00
시그너스,2026-01-16,10:00,70000,10,4,teescan,2026-01-03 00:02:09.991000+00:00
시그너스,2026-01-16,10:07,70000,10,4,teescan,2026-01-03 00:02:09.991000+00:00
시그너스,2026-01-16,10:14,70000,10,4,teescan,2026-01-03 00:02:09.991000+00:00
시그너스,2026-01-16,10:20,70000,10,4,teescan,2026-01-03 00:02:09.991000+00:00
시그너스,2026-01-16,10:27,70000,10,4,teescan,2026-01-03 00:02:09.991000+00:00
시그너스,2026-01-16,10:34,70000,10,4,teescan,2026-01-03 00:02:09.991000+00:00
시그너스,2026-01-16,10:40,70000,10,4,teescan,2026-01-03 00:02:09.991000+00:00
시그너스,2026-01-16,10:47,70000,10,4,teescan,2026-01-03 00:02:09.991000+00:00
시그너스,2026-01-16,10:54,70000,10,4,teescan,2026-01-03 00:02:09.991000+00:00
시그너스,2026-01-16,11:00,70000,11,4,teescan,2026-01-03 00:02:09.991000+00:00
시그너스,2026-01-16,11:07,70000,11,4,teescan,2026-01-03 00:02:09.991000+00:00
시그너스,2026-01-16,11:14,70000,11,4,teescan,2026-01-03 00:02:09.991000+00:00
시그너스,2026-01-16,11:20,70000,11,4,teescan,2026-01-03 00:02:09.991000+00:00
시그너스,2026-01-16,11:27,70000,11,4,teescan,2026-01-03 00:02:09.991000+00:00
시그너스,2026-01-16,11:34,70000,11,4,teescan,2026-01-03 00:02:09.991000+00:00
시그너스,2026-01-16,11:40,70000,11,4,teescan,2026-01-03 00:02:09.991000+00:00
시그너스,2026-01-16,11:47,70000,11,4,teescan,2026-01-03 00:02:09.991000+00:00
시그너스,2026-01-16,11:54,70000,11,4,teescan,2026-01-03 00:02:09.991000+00:00
시그너스,2026-01-16,12:00,70000,12,4,teescan,2026-01-03 00:02:09.991000+00:00
신라,2026-01-16,09:48,80000,9,4,teescan,2026-01-05 08:31:56.886000+00:00
신라,2026-01-16,10:23,80000,10,4,teescan,2026-01-05 08:31:56.886000+00:00
신라,2026-01-16,10:37,80000,10,4,teescan,2026-01-05 08:31:56.886000+00:00
신라,2026-01-16,10:58,80000,10,4,teescan,2026-01-05 08:31:56.886000+00:00
신라,2026-01-16,11:12,80000,11,4,teescan,2026-01-05 08:31:56.886000+00:00
신라,2026-01-16,11:33,80000,11,4,teescan,2026-01-05 08:31:56.886000+00:00
신라,2026-01-16,11:47,80000,11,4,teescan,2026-01-05 08:31:56.886000+00:00
써닝포인트,2026-01-16,10:05,75000,10,4,teescan,2026-01-03 00:02:09.091000+00:00
써닝포인트,2026-01-16,10:12,75000,10,4,teescan,2026-01-03 00:02:09.091000+00:00
써닝포인트,2026-01-16,10:19,75000,10,4,teescan,2026-01-03 00:02:09.091000+00:00
써닝포인트,2026-01-16,10:26,75000,10,4,teescan,2026-01-03 00:02:09.091000+00:00
써닝포인트,2026-01-16,10:33,75000,10,4,teescan,2026-01-03 00:02:09.091000+00:00
써닝포인트,2026-01-16,10:40,75000,10,4,teescan,2026-01-03 00:02:09.091000+00:00
써닝포인트,2026-01-16,10:47,75000,10,4,teescan,2026-01-03 00:02:09.091000+00:00
써닝포인트,2026-01-16,10:54,75000,10,4,teescan,2026-01-03 00:02:09.091000+00:00
써닝포인트,2026-01-16,11:01,75000,11,4,teescan,2026-01-03 00:02:09.091000+00:00
써닝포인트,2026-01-16,11:08,75000,11,4,teescan,2026-01-03 00:02:09.091000+00:00
써닝포인트,2026-01-16,11:15,75000,11,4,teescan,2026-01-03 00:02:09.091000+00:00
써닝포인트,2026-01-16,11:22,75000,11,4,teescan,2026-01-03 00:02:09.091000+00:00
써닝포인트,2026-01-16,11:29,75000,11,4,teescan,2026-01-03 00:02:09.091000+00:00
써닝포인트,2026-01-16,11:36,75000,11,4,teescan,2026-01-03 00:02:09.091000+00:00
써닝포인트,2026-01-16,11:43,75000,11,4,teescan,2026-01-03 00:02:09.091000+00:00
써닝포인트,2026-01-16,11:50,75000,11,4,teescan,2026-01-03 00:02:09.091000+00:00
써닝포인트,2026-01-16,11:57,75000,11,4,teescan,2026-01-03 00:02:09.091000+00:00
써닝포인트,2026-01-16,12:04,75000,12,4,teescan,2026-01-03 00:02:09.091000+00:00
써닝포인트,2026-01-16,12:11,75000,12,4,teescan,2026-01-03 00:02:09.091000+00:00
써닝포인트,2026-01-16,12:18,75000,12,4,teescan,2026-01-03 00:02:09.091000+00:00
양지파인,2026-01-16,09:30,55000,9,4,teescan,2026-01-03 00:02:09.091000+00:00
양지파인,2026-01-16,09:37,55000,9,4,teescan,2026-01-03 00:02:09.091000+00:00
양지파인,2026-01-16,09:44,55000,9,4,teescan,2026-01-03 00:02:09.091000+00:00
양지파인,2026-01-16,09:51,55000,9,4,teescan,2026-01-03 00:02:09.091000+00:00
양지파인,2026-01-16,09:58,55000,9,4,teescan,2026-01-03 00:02:09.091000+00:00
양지파인,2026-01-16,10:05,55000,10,4,teescan,2026-01-03 00:02:09.091000+00:00
양지파인,2026-01-16,10:12,55000,10,4,teescan,2026-01-03 00:02:09.091000+00:00
양지파인,2026-01-16,10:19,55000,10,4,teescan,2026-01-03 00:02:09.091000+00:00
양지파인,2026-01-16,10:26,55000,10,4,teescan,2026-01-03 00:02:09.091000+00:00
양지파인,2026-01-16,10:33,75000,10,4,teescan,2026-01-03 00:02:09.091000+00:00
양지파인,2026-01-16,10:40,75000,10,4,teescan,2026-01-03 00:02:09.091000+00:00
양지파인,2026-01-16,10:47,75000,10,4,teescan,2026-01-03 00:02:09.091000+00:00
양지파인,2026-01-16,10:54,75000,10,4,teescan,2026-01-03 00:02:09.091000+00:00
양지파인,2026-01-16,11:01,75000,11,4,teescan,2026-01-03 00:02:09.091000+00:00
양지파인,2026-01-16,11:08,75000,11,4,teescan,2026-01-03 00:02:09.091000+00:00
양지파인,2026-01-16,11:15,75000,11,4,teescan,2026-01-03 00:02:09.091000+00:00
양지파인,2026-01-16,11:22,75000,11,4,teescan,2026-01-03 00:02:09.091000+00:00
양지파인,2026-01-16,11:29,75000,11,4,teescan,2026-01-03 00:02:09.091000+00:00
양지파인,2026-01-16,11:36,65000,11,4,teescan,2026-01-03 00:02:09.091000+00:00
양지파인,2026-01-16,11:43,65000,11,4,teescan,2026-01-03 00:02:09.091000+00:00
양지파인,2026-01-16,11:50,65000,11,4,teescan,2026-01-03 00:02:09.091000+00:00
올데이,2026-01-16,10:00,40000,10,4,teescan,2026-01-03 00:02:09.091000+00:00
올데이,2026-01-16,10:07,40000,10,4,teescan,2026-01-03 00:02:09.991000+00:00
올데이,2026-01-16,10:35,45000,10,4,teescan,2026-01-03 00:02:09.991000+00:00
올데이,2026-01-16,10:42,45000,10,4,teescan,2026-01-03 00:02:09.091000+00:00
올데이,2026-01-16,10:49,45000,10,4,golfpang,2026-01-06 04:32:10.636000+00:00
올데이,2026-01-16,11:03,45000,11,4,teescan,2026-01-03 00:02:09.991000+00:00
올데이,2026-01-16,11:10,45000,11,4,teescan,2026-01-03 00:02:09.091000+00:00
올데이,2026-01-16,11:31,40000,11,4,teescan,2026-01-03 00:02:09.091000+00:00
올데이,2026-01-16,11:38,40000,11,4,teescan,2026-01-03 00:02:09.991000+00:00
올데이,2026-01-16,11:59,40000,11,4,teescan,2026-01-03 00:02:09.991000+00:00
올데이,2026-01-16,12:06,40000,12,4,teescan,2026-01-03 00:02:09.091000+00:00
윈체스트,2026-01-16,09:48,80000,9,4,teescan,2026-01-05 08:31:56.886000+00:00
윈체스트,2026-01-16,10:21,80000,10,4,golfpang,2026-01-05 01:01:49.475000+00:00
윈체스트,2026-01-16,10:23,80000,10,4,teescan,2026-01-05 08:31:56.886000+00:00
윈체스트,2026-01-16,10:35,120000,10,4,golfpang,2026-01-03 00:02:09.091000+00:00
윈체스트,2026-01-16,10:37,80000,10,4,teescan,2026-01-05 08:31:56.886000+00:00
윈체스트,2026-01-16,10:58,80000,10,4,teescan,2026-01-05 08:31:56.886000+00:00
윈체스트,2026-01-16,11:03,120000,11,4,golfpang,2026-01-06 04:01:55.538000+00:00
윈체스트,2026-01-16,11:12,80000,11,4,teescan,2026-01-05 08:31:56.886000+00:00
윈체스트,2026-01-16,11:33,80000,11,4,teescan,2026-01-05 08:31:56.886000+00:00
윈체스트,2026-01-16,11:47,80000,11,4,teescan,2026-01-05 08:31:56.886000+00:00
은화삼,2026-01-16,09:30,100000,9,4,teescan,2026-01-03 00:02:09.091000+00:00
은화삼,2026-01-16,09:51,100000,9,4,teescan,2026-01-03 00:02:09.091000+00:00
은화삼,2026-01-16,10:12,100000,10,4,teescan,2026-01-03 00:02:09.091000+00:00
은화삼,2026-01-16,10:33,100000,10,4,teescan,2026-01-03 00:02:09.091000+00:00
은화삼,2026-01-16,10:54,100000,10,4,teescan,2026-01-04 08:32:18.361000+00:00
은화삼,2026-01-16,11:15,100000,11,4,teescan,2026-01-03 00:02:09.091000+00:00
은화삼,2026-01-16,11:36,100000,11,4,teescan,2026-01-03 00:02:09.091000+00:00
은화삼,2026-01-16,11:57,100000,11,4,teescan,2026-01-03 00:02:09.091000+00:00
이글몬트,2026-01-16,09:30,90000,9,4,teescan,2026-01-03 00:02:09.091000+00:00
이글몬트,2026-01-16,09:37,90000,9,4,teescan,2026-01-03 00:02:09.091000+00:00
이글몬트,2026-01-16,09:44,90000,9,4,teescan,2026-01-03 00:02:09.091000+00:00
이글몬트,2026-01-16,09:51,90000,9,4,teescan,2026-01-03 00:02:09.091000+00:00
이글몬트,2026-01-16,09:58,90000,9,4,teescan,2026-01-03 00:02:09.091000+00:00
이글몬트,2026-01-16,10:05,90000,10,4,teescan,2026-01-03 00:02:09.091000+00:00
이글몬트,2026-01-16,10:12,90000,10,4,teescan,2026-01-03 00:02:09.091000+00:00
이글몬트,2026-01-16,10:19,90000,10,4,teescan,2026-01-03 00:02:09.091000+00:00
이글몬트,2026-01-16,10:26,90000,10,4,teescan,2026-01-03 00:02:09.091000+00:00
이글몬트,2026-01-16,10:33,90000,10,4,teescan,2026-01-03 00:02:09.091000+00:00
이글몬트,2026-01-16,10:40,90000,10,4,teescan,2026-01-03 00:02:09.091000+00:00
이글몬트,2026-01-16,10:47,90000,10,4,teescan,2026-01-03 00:02:09.091000+00:00
이글몬트,2026-01-16,10:54,90000,10,4,teescan,2026-01-03 00:02:09.091000+00:00
이글몬트,2026-01-16,11:01,90000,11,4,teescan,2026-01-03 00:02:09.091000+00:00
이글몬트,2026-01-16,11:08,90000,11,4,teescan,2026-01-03 00:02:09.091000+00:00
이글몬트,2026-01-16,11:15,90000,11,4,teescan,2026-01-03 00:02:09.091000+00:00
이글몬트,2026-01-16,11:22,90000,11,4,teescan,2026-01-03 00:02:09.091000+00:00
이글몬트,2026-01-16,11:29,90000,11,4,teescan,2026-01-03 00:02:09.091000+00:00
이글몬트,2026-01-16,11:36,90000,11,4,teescan,2026-01-03 00:02:09.091000+00:00
이글몬트,2026-01-16,11:43,90000,11,4,teescan,2026-01-03 00:02:09.091000+00:00
이글몬트,2026-01-16,11:50,90000,11,4,teescan,2026-01-03 00:02:09.091000+00:00
일레븐,2026-01-16,09:37,40000,9,4,teescan,2026-01-05 03:32:11.684000+00:00
일레븐,2026-01-16,09:44,40000,9,4,teescan,2026-01-05 03:32:11.684000+00:00
일레븐,2026-01-16,09:51,40000,9,4,teescan,2026-01-03 00:02:09.091000+00:00
일레븐,2026-01-16,09:58,40000,9,4,teescan,2026-01-03 00:02:09.091000+00:00
일레븐,2026-01-16,10:05,40000,10,4,teescan,2026-01-03 00:02:09.091000+00:00
일레븐,2026-01-16,10:12,40000,10,4,teescan,2026-01-03 00:02:09.991000+00:00
일레븐,2026-01-16,10:19,40000,10,4,teescan,2026-01-03 00:02:09.991000+00:00
일레븐,2026-01-16,10:26,40000,10,4,teescan,2026-01-03 00:02:09.091000+00:00
일레븐,2026-01-16,10:33,40000,10,4,teescan,2026-01-03 00:02:09.091000+00:00
일레븐,2026-01-16,10:40,40000,10,4,teescan,2026-01-03 00:02:09.991000+00:00
일레븐,2026-01-16,10:47,40000,10,4,teescan,2026-01-03 00:02:09.991000+00:00
일레븐,2026-01-16,10:54,40000,10,4,teescan,2026-01-03 00:02:09.991000+00:00
일레븐,2026-01-16,11:01,40000,11,4,teescan,2026-01-03 00:02:09.091000+00:00
일레븐,2026-01-16,11:08,40000,11,4,teescan,2026-01-03 00:02:09.991000+00:00
일레븐,2026-01-16,11:15,40000,11,4,teescan,2026-01-03 00:02:09.991000+00:00
일레븐,2026-01-16,11:22,40000,11,4,teescan,2026-01-03 00:02:09.091000+00:00
일레븐,2026-01-16,11:29,40000,11,4,teescan,2026-01-03 00:02:09.991000+00:00
일레븐,2026-01-16,11:36,40000,11,4,teescan,2026-01-03 00:02:09.991000+00:00
일레븐,2026-01-16,11:43,40000,11,4,teescan,2026-01-03 00:02:09.991000+00:00
일레븐,2026-01-16,11:50,40000,11,4,teescan,2026-01-03 00:02:09.991000+00:00
일레븐,2026-01-16,11:57,40000,11,4,teescan,2026-01-03 00:02:09.991000+00:00
일레븐,2026-01-16,12:04,40000,12,4,teescan,2026-01-03 00:02:09.091000+00:00
일레븐,2026-01-16,12:11,40000,12,4,golfpang,2026-01-06 05:02:11.904000+00:00
진양밸리,2026-01-16,09:30,60000,9,4,teescan,2026-01-03 00:02:09.991000+00:00
진양밸리,2026-01-16,09:37,60000,9,4,teescan,2026-01-03 00:02:09.991000+00:00
진양밸리,2026-01-16,09:44,60000,9,4,teescan,2026-01-03 00:02:09.991000+00:00
진양밸리,2026-01-16,09:51,60000,9,4,teescan,2026-01-03 00:02:09.991000+00:00
진양밸리,2026-01-16,09:58,60000,9,4,teescan,2026-01-03 00:02:09.991000+00:00
진양밸리,2026-01-16,10:05,60000,10,4,teescan,2026-01-03 00:02:09.991000+00:00
진양밸리,2026-01-16,10:12,60000,10,4,teescan,2026-01-03 00:02:09.991000+00:00
진양밸리,2026-01-16,10:19,60000,10,4,teescan,2026-01-03 00:02:09.991000+00:00
진양밸리,2026-01-16,10:26,60000,10,4,teescan,2026-01-03 00:02:09.991000+00:00
진양밸리,2026-01-16,10:33,60000,10,4,teescan,2026-01-03 00:02:09.991000+00:00
진양밸리,2026-01-16,10:40,60000,10,4,teescan,2026-01-03 00:02:09.991000+00:00
진양밸리,2026-01-16,10:47,60000,10,4,teescan,2026-01-03 00:02:09.991000+00:00
진양밸리,2026-01-16,10:54,60000,10,4,teescan,2026-01-03 00:02:09.991000+00:00
진양밸리,2026-01-16,11:01,60000,11,4,teescan,2026-01-03 00:02:09.991000+00:00
진양밸리,2026-01-16,11:08,60000,11,4,teescan,2026-01-03 00:02:09.991000+00:00
진양밸리,2026-01-16,11:15,60000,11,4,teescan,2026-01-03 00:02:09.991000+00:00
진양밸리,2026-01-16,11:22,60000,11,4,teescan,2026-01-03 00:02:09.991000+00:00
진양밸리,2026-01-16,11:29,60000,11,4,teescan,2026-01-03 00:02:09.991000+00:00
진양밸리,2026-01-16,11:36,60000,11,4,teescan,2026-01-03 00:02:09.991000+00:00
진양밸리,2026-01-16,11:43,60000,11,4,teescan,2026-01-03 00:02:09.991000+00:00
진양밸리,2026-01-16,11:50,60000,11,4,teescan,2026-01-03 00:02:09.991000+00:00
코리아,2026-01-16,09:30,150000,9,4,teescan,2026-01-03 00:02:09.091000+00:00
코리아,2026-01-16,09:44,109000,9,4,golfpang,2026-01-05 10:32:11.599000+00:00
코리아,2026-01-16,09:51,150000,9,4,teescan,2026-01-03 00:02:09.091000+00:00
코리아,2026-01-16,09:58,150000,9,4,teescan,2026-01-03 00:02:09.091000+00:00
코리아,2026-01-16,10:19,109000,10,4,golfpang,2026-01-05 10:32:11.599000+00:00
코리아,2026-01-16,10:26,99000,10,4,golfpang,2026-01-06 04:32:10.636000+00:00
코리아,2026-01-16,10:33,150000,10,4,teescan,2026-01-03 00:02:09.091000+00:00
코리아,2026-01-16,10:40,150000,10,4,teescan,2026-01-03 00:02:09.091000+00:00
코리아,2026-01-16,11:08,109000,11,4,golfpang,2026-01-05 10:32:11.599000+00:00
코리아,2026-01-16,11:29,150000,11,4,teescan,2026-01-03 00:02:09.091000+00:00
코리아,2026-01-16,11:36,150000,11,4,teescan,2026-01-03 00:02:09.091000+00:00
코리아,2026-01-16,11:43,150000,11,4,teescan,2026-01-03 00:02:09.091000+00:00
태광,2026-01-16,09:27,150000,9,4,teescan,2026-01-03 00:02:09.091000+00:00
태광,2026-01-16,09:34,150000,9,4,teescan,2026-01-03 00:02:09.091000+00:00
태광,2026-01-16,09:41,150000,9,4,teescan,2026-01-03 00:02:09.091000+00:00
태광,2026-01-16,10:02,150000,10,4,teescan,2026-01-03 00:02:09.091000+00:00
태광,2026-01-16,10:23,150000,10,4,teescan,2026-01-03 00:02:09.091000+00:00
태광,2026-01-16,10:30,150000,10,4,teescan,2026-01-05 00:02:08.404000+00:00
태광,2026-01-16,10:51,150000,10,4,teescan,2026-01-03 00:02:09.091000+00:00
태광,2026-01-16,11:05,150000,11,4,teescan,2026-01-03 00:02:09.091000+00:00
태광,2026-01-16,11:26,150000,11,4,teescan,2026-01-03 00:02:09.091000+00:00
태광,2026-01-16,11:33,150000,11,4,teescan,2026-01-03 00:02:09.091000+00:00
태광,2026-01-16,11:40,150000,11,4,teescan,2026-01-03 00:02:09.091000+00:00
태광,2026-01-16,11:54,150000,11,4,teescan,2026-01-03 00:02:09.091000+00:00
포웰,2026-01-16,09:49,80000,9,4,golfpang,2026-01-06 04:01:55.538000+00:00
포웰,2026-01-16,10:17,80000,10,4,golfpang,2026-01-06 05:02:11.904000+00:00
포웰,2026-01-16,14:54,60000,14,4,teescan,2026-01-05 01:31:58.716000+00:00
포웰,2026-01-16,15:08,60000,15,4,golfpang,2026-01-06 03:31:59.399000+00:00
플라자용인,2026-01-16,09:27,100000,9,4,teescan,2026-01-03 00:02:09.091000+00:00
플라자용인,2026-01-16,09:28,100000,9,4,teescan,2026-01-03 00:02:09.091000+00:00
플라자용인,2026-01-16,09:30,100000,9,4,teescan,2026-01-03 00:02:09.091000+00:00
플라자용인,2026-01-16,09:34,100000,9,4,teescan,2026-01-03 00:02:09.091000+00:00
플라자용인,2026-01-16,09:35,100000,9,4,teescan,2026-01-03 00:02:09.091000+00:00
플라자용인,2026-01-16,09:36,100000,9,4,teescan,2026-01-03 00:02:09.091000+00:00
플라자용인,2026-01-16,09:37,100000,9,4,teescan,2026-01-03 00:02:09.091000+00:00
플라자용인,2026-01-16,09:41,100000,9,4,teescan,2026-01-03 00:02:09.091000+00:00
플라자용인,2026-01-16,09:42,100000,9,4,teescan,2026-01-03 00:02:09.091000+00:00
플라자용인,2026-01-16,09:43,100000,9,4,teescan,2026-01-03 00:02:09.091000+00:00
플라자용인,2026-01-16,09:48,100000,9,4,teescan,2026-01-03 00:02:09.091000+00:00
플라자용인,2026-01-16,09:49,100000,9,4,teescan,2026-01-03 00:02:09.091000+00:00
플라자용인,2026-01-16,09:50,100000,9,4,teescan,2026-01-03 00:02:09.091000+00:00
플라자용인,2026-01-16,09:51,100000,9,4,teescan,2026-01-06 05:02:11.904000+00:00
플라자용인,2026-01-16,09:55,100000,9,4,teescan,2026-01-03 00:02:09.091000+00:00
플라자용인,2026-01-16,09:56,100000,9,4,teescan,2026-01-03 00:02:09.091000+00:00
플라자용인,2026-01-16,09:57,100000,9,4,teescan,2026-01-03 00:02:09.091000+00:00
플라자용인,2026-01-16,09:58,100000,9,4,teescan,2026-01-03 00:02:09.091000+00:00
플라자용인,2026-01-16,10:02,100000,10,4,teescan,2026-01-03 00:02:09.091000+00:00
플라자용인,2026-01-16,10:03,100000,10,4,teescan,2026-01-03 00:02:09.091000+00:00
플라자용인,2026-01-16,10:04,100000,10,4,teescan,2026-01-03 00:02:09.091000+00:00
플라자용인,2026-01-16,10:05,100000,10,4,teescan,2026-01-03 00:02:09.091000+00:00
플라자용인,2026-01-16,10:09,100000,10,4,teescan,2026-01-03 00:02:09.091000+00:00
플라자용인,2026-01-16,10:10,100000,10,4,teescan,2026-01-03 00:02:09.091000+00:00
플라자용인,2026-01-16,10:11,100000,10,4,teescan,2026-01-03 00:02:09.091000+00:00
플라자용인,2026-01-16,10:12,100000,10,4,teescan,2026-01-03 00:02:09.091000+00:00
플라자용인,2026-01-16,10:16,100000,10,4,teescan,2026-01-03 00:02:09.091000+00:00
플라자용인,2026-01-16,10:17,100000,10,4,teescan,2026-01-03 00:02:09.091000+00:00
플라자용인,2026-01-16,10:18,100000,10,4,teescan,2026-01-03 00:02:09.091000+00:00
플라자용인,2026-01-16,10:19,100000,10,4,teescan,2026-01-03 00:02:09.091000+00:00
플라자용인,2026-01-16,10:23,100000,10,4,teescan,2026-01-03 00:02:09.091000+00:00
플라자용인,2026-01-16,10:24,100000,10,4,teescan,2026-01-03 00:02:09.091000+00:00
플라자용인,2026-01-16,10:25,100000,10,4,teescan,2026-01-03 00:02:09.091000+00:00
플라자용인,2026-01-16,10:26,100000,10,4,teescan,2026-01-03 00:02:09.091000+00:00
플라자용인,2026-01-16,10:30,100000,10,4,teescan,2026-01-03 00:02:09.091000+00:00
플라자용인,2026-01-16,10:31,100000,10,4,teescan,2026-01-03 00:02:09.091000+00:00
플라자용인,2026-01-16,10:32,100000,10,4,teescan,2026-01-05 00:02:08.404000+00:00
플라자용인,2026-01-16,10:37,100000,10,4,teescan,2026-01-03 00:02:09.091000+00:00
플라자용인,2026-01-16,10:38,100000,10,4,teescan,2026-01-03 00:02:09.091000+00:00
플라자용인,2026-01-16,10:40,100000,10,4,teescan,2026-01-03 00:02:09.091000+00:00
플라자용인,2026-01-16,10:44,100000,10,4,teescan,2026-01-03 00:02:09.091000+00:00
플라자용인,2026-01-16,10:45,100000,10,4,teescan,2026-01-03 00:02:09.091000+00:00
플라자용인,2026-01-16,10:47,100000,10,4,teescan,2026-01-03 00:02:09.091000+00:00
플라자용인,2026-01-16,10:51,100000,10,4,teescan,2026-01-03 00:02:09.091000+00:00
플라자용인,2026-01-16,10:52,100000,10,4,teescan,2026-01-03 00:02:09.091000+00:00
플라자용인,2026-01-16,10:54,100000,10,4,teescan,2026-01-05 02:32:05.193000+00:00
플라자용인,2026-01-16,10:58,100000,10,4,teescan,2026-01-03 00:02:09.091000+00:00
플라자용인,2026-01-16,10:59,100000,10,4,teescan,2026-01-03 00:02:09.091000+00:00
플라자용인,2026-01-16,11:00,100000,11,4,golfpang,2026-01-03 14:32:08.811000+00:00
플라자용인,2026-01-16,11:05,100000,11,4,teescan,2026-01-03 00:02:09.091000+00:00
플라자용인,2026-01-16,11:06,100000,11,4,teescan,2026-01-03 00:02:09.091000+00:00
플라자용인,2026-01-16,11:12,100000,11,4,teescan,2026-01-03 00:02:09.091000+00:00
플라자용인,2026-01-16,11:13,100000,11,4,teescan,2026-01-03 00:02:09.091000+00:00
플라자용인,2026-01-16,11:15,100000,11,4,teescan,2026-01-03 00:02:09.091000+00:00
플라자용인,2026-01-16,11:19,100000,11,4,teescan,2026-01-03 00:02:09.091000+00:00
플라자용인,2026-01-16,11:20,100000,11,4,teescan,2026-01-03 00:02:09.091000+00:00
플라자용인,2026-01-16,11:22,100000,11,4,teescan,2026-01-03 00:02:09.091000+00:00
플라자용인,2026-01-16,11:26,100000,11,4,teescan,2026-01-03 00:02:09.091000+00:00
플라자용인,2026-01-16,11:27,100000,11,4,teescan,2026-01-03 00:02:09.091000+00:00
플라자용인,2026-01-16,11:33,100000,11,4,teescan,2026-01-03 00:02:09.091000+00:00
플라자용인,2026-01-16,11:34,100000,11,4,teescan,2026-01-03 00:02:09.091000+00:00
플라자용인,2026-01-16,11:35,100000,11,4,teescan,2026-01-03 00:02:09.091000+00:00
플라자용인,2026-01-16,11:40,100000,11,4,teescan,2026-01-03 00:02:09.091000+00:00
플라자용인,2026-01-16,11:41,100000,11,4,teescan,2026-01-03 00:02:09.091000+00:00
플라자용인,2026-01-16,11:42,100000,11,4,teescan,2026-01-03 00:02:09.091000+00:00
플라자용인,2026-01-16,11:43,100000,11,4,teescan,2026-01-03 00:02:09.091000+00:00
한림용인,2026-01-16,09:30,110000,9,4,teescan,2026-01-03 00:02:09.091000+00:00
한림용인,2026-01-16,09:37,110000,9,4,teescan,2026-01-03 00:02:09.091000+00:00
한림용인,2026-01-16,09:44,110000,9,4,teescan,2026-01-03 00:02:09.091000+00:00
한림용인,2026-01-16,09:51,110000,9,4,teescan,2026-01-03 00:02:09.091000+00:00
한림용인,2026-01-16,09:58,110000,9,4,teescan,2026-01-03 00:02:09.091000+00:00
한림용인,2026-01-16,10:05,110000,10,4,teescan,2026-01-03 00:02:09.091000+00:00
한림용인,2026-01-16,10:12,110000,10,4,teescan,2026-01-03 00:02:09.091000+00:00
한림용인,2026-01-16,10:19,110000,10,4,teescan,2026-01-03 00:02:09.091000+00:00
한림용인,2026-01-16,10:26,110000,10,4,teescan,2026-01-03 00:02:09.091000+00:00
한림용인,2026-01-16,10:33,120000,10,4,teescan,2026-01-03 00:02:09.091000+00:00
한림용인,2026-01-16,10:40,120000,10,4,teescan,2026-01-03 00:02:09.091000+00:00
한림용인,2026-01-16,10:47,120000,10,4,teescan,2026-01-03 00:02:09.091000+00:00
한림용인,2026-01-16,10:54,120000,10,4,teescan,2026-01-03 00:02:09.091000+00:00
한림용인,2026-01-16,11:01,120000,11,4,teescan,2026-01-03 00:02:09.091000+00:00
한림용인,2026-01-16,11:08,120000,11,4,teescan,2026-01-03 00:02:09.091000+00:00
한림용인,2026-01-16,11:15,120000,11,4,teescan,2026-01-03 00:02:09.091000+00:00
한림용인,2026-01-16,11:22,120000,11,4,teescan,2026-01-03 00:02:09.091000+00:00
한림용인,2026-01-16,11:29,120000,11,4,teescan,2026-01-03 00:02:09.091000+00:00
한림용인,2026-01-16,11:36,120000,11,4,teescan,2026-01-03 00:02:09.091000+00:00
한림용인,2026-01-16,11:43,120000,11,4,teescan,2026-01-03 00:02:09.091000+00:00
한림용인,2026-01-16,11:50,120000,11,4,teescan,2026-01-03 00:02:09.091000+00:00
한림용인,2026-01-16,11:57,120000,11,4,teescan,2026-01-03 00:02:09.091000+00:00
한원,2026-01-16,09:42,99000,9,4,teescan,2026-01-03 00:02:09.091000+00:00
한원,2026-01-16,09:49,99000,9,4,teescan,2026-01-03 00:02:09.091000+00:00
한원,2026-01-16,09:56,99000,9,4,teescan,2026-01-03 00:02:09.091000+00:00
한원,2026-01-16,10:10,99000,10,4,teescan,2026-01-03 00:02:09.091000+00:00
한원,2026-01-16,10:17,99000,10,4,teescan,2026-01-03 00:02:09.091000+00:00
한원,2026-01-16,10:31,99000,10,4,teescan,2026-01-03 00:02:09.091000+00:00
한원,2026-01-16,10:38,99000,10,4,teescan,2026-01-03 00:02:09.091000+00:00
한원,2026-01-16,10:45,99000,10,4,teescan,2026-01-03 00:02:09.091000+00:00
한원,2026-01-16,10:52,99000,10,4,teescan,2026-01-03 00:02:09.091000+00:00
한원,2026-01-16,11:06,99000,11,4,teescan,2026-01-03 00:02:09.091000+00:00
한원,2026-01-16,11:13,99000,11,4,teescan,2026-01-03 00:02:09.091000+00:00
한원,2026-01-16,11:20,99000,11,4,teescan,2026-01-03 00:02:09.091000+00:00
한원,2026-01-16,11:27,99000,11,4,teescan,2026-01-03 00:02:09.091000+00:00
한원,2026-01-16,11:34,99000,11,4,teescan,2026-01-03 00:02:09.091000+00:00
한원,2026-01-16,11:41,99000,11,4,teescan,2026-01-03 00:02:09.091000+00:00
해솔리아,2026-01-16,09:00,130000,9,4,teescan,2026-01-03 00:02:09.091000+00:00
해솔리아,2026-01-16,09:07,130000,9,4,teescan,2026-01-03 00:02:09.091000+00:00
해솔리아,2026-01-16,09:14,130000,9,4,teescan,2026-01-03 00:02:09.091000+00:00
해솔리아,2026-01-16,09:21,130000,9,4,teescan,2026-01-03 00:02:09.091000+00:00
해솔리아,2026-01-16,09:28,130000,9,4,teescan,2026-01-03 00:02:09.091000+00:00
해솔리아,2026-01-16,09:35,130000,9,4,teescan,2026-01-03 00:02:09.091000+00:00
해솔리아,2026-01-16,09:42,130000,9,4,teescan,2026-01-03 00:02:09.091000+00:00
해솔리아,2026-01-16,09:49,130000,9,4,teescan,2026-01-03 00:02:09.091000+00:00
해솔리아,2026-01-16,09:56,130000,9,4,teescan,2026-01-03 00:02:09.091000+00:00
해솔리아,2026-01-16,10:03,130000,10,4,teescan,2026-01-03 00:02:09.091000+00:00
해솔리아,2026-01-16,10:10,130000,10,4,teescan,2026-01-03 00:02:09.091000+00:00
해솔리아,2026-01-16,10:17,130000,10,4,teescan,2026-01-03 00:02:09.091000+00:00
해솔리아,2026-01-16,10:24,130000,10,4,teescan,2026-01-03 00:02:09.091000+00:00
해솔리아,2026-01-16,10:31,130000,10,4,teescan,2026-01-03 00:02:09.091000+00:00
해솔리아,2026-01-16,10:38,130000,10,4,teescan,2026-01-03 00:02:09.091000+00:00
해솔리아,2026-01-16,10:45,130000,10,4,teescan,2026-01-03 00:02:09.091000+00:00
해솔리아,2026-01-16,10:52,130000,10,4,teescan,2026-01-03 00:02:09.091000+00:00
해솔리아,2026-01-16,10:59,130000,10,4,teescan,2026-01-03 00:02:09.091000+00:00
해솔리아,2026-01-16,11:06,130000,11,4,teescan,2026-01-03 00:02:09.091000+00:00
해솔리아,2026-01-16,11:13,130000,11,4,teescan,2026-01-03 00:02:09.091000+00:00
해솔리아,2026-01-16,11:20,130000,11,4,teescan,2026-01-03 00:02:09.091000+00:00
해솔리아,2026-01-16,11:27,130000,11,4,teescan,2026-01-03 00:02:09.091000+00:00
화성상록,2026-01-16,11:15,130000,11,4,teescan,2026-01-05 04:32:00.884000+00:00
화성상록,2026-01-16,11:22,130000,11,4,teescan,2026-01-05 04:32:00.884000+00:00
화성상록,2026-01-16,11:29,130000,11,4,teescan,2026-01-05 04:32:00.884000+00:00
히든밸리,2026-01-16,09:44,50000,9,4,teescan,2026-01-03 00:02:09.991000+00:00
히든밸리,2026-01-16,09:51,50000,9,4,teescan,2026-01-03 00:02:09.991000+00:00
히든밸리,2026-01-16,09:58,50000,9,4,teescan,2026-01-03 00:02:09.991000+00:00
히든밸리,2026-01-16,10:05,50000,10,4,teescan,2026-01-03 00:02:09.991000+00:00
히든밸리,2026-01-16,10:12,50000,10,4,teescan,2026-01-03 00:02:09.991000+00:00
히든밸리,2026-01-16,10:19,50000,10,4,teescan,2026-01-03 00:02:09.991000+00:00
히든밸리,2026-01-16,10:26,50000,10,4,teescan,2026-01-03 00:02:09.991000+00:00
히든밸리,2026-01-16,10:33,50000,10,4,teescan,2026-01-03 00:02:09.091000+00:00
히든밸리,2026-01-16,10:40,50000,10,4,teescan,2026-01-03 00:02:09.991000+00:00
히든밸리,2026-01-16,10:47,50000,10,4,teescan,2026-01-03 00:02:09.991000+00:00
히든밸리,2026-01-16,10:54,50000,10,4,teescan,2026-01-03 00:02:09.991000+00:00
히든밸리,2026-01-16,11:01,50000,11,4,teescan,2026-01-03 00:02:09.991000+00:00
히든밸리,2026-01-16,11:08,50000,11,4,teescan,2026-01-03 00:02:09.991000+00:00
히든밸리,2026-01-16,11:15,50000,11,4,teescan,2026-01-03 00:02:09.091000+00:00
히든밸리,2026-01-16,11:22,50000,11,4,teescan,2026-01-03 00:02:09.991000+00:00
히든밸리,2026-01-16,11:29,50000,11,4,teescan,2026-01-03 00:02:09.991000+00:00
히든밸리,2026-01-16,11:36,50000,11,4,teescan,2026-01-03 00:02:09.991000+00:00
히든밸리,2026-01-16,11:43,50000,11,4,teescan,2026-01-03 00:02:09.991000+00:00
히든밸리,2026-01-16,11:50,50000,11,4,teescan,2026-01-03 00:02:09.991000+00:00
히든밸리,2026-01-16,11:57,50000,11,4,teescan,2026-01-03 00:02:09.991000+00:00
히든밸리,2026-01-16,12:04,50000,12,4,teescan,2026-01-03 00:02:09.991000+00:00
히든밸리,2026-01-16,12:11,50000,12,4,teescan,2026-01-03 00:02:09.991000+00:00
히든밸리,2026-01-16,12:18,50000,12,4,teescan,2026-01-03 00:02:09.991000+00:00
힐데스,2026-01-16,09:37,45000,9,4,teescan,2026-01-05 07:02:18.145000+00:00
힐데스,2026-01-16,09:44,45000,9,4,teescan,2026-01-05 07:02:18.145000+00:00
힐데스,2026-01-16,09:52,45000,9,4,teescan,2026-01-05 07:02:18.145000+00:00
힐데스,2026-01-16,09:59,45000,9,4,teescan,2026-01-05 07:02:18.145000+00:00
힐데스,2026-01-16,10:07,50000,10,4,teescan,2026-01-05 07:02:18.145000+00:00
힐데스,2026-01-16,10:14,50000,10,4,teescan,2026-01-05 07:02:18.145000+00:00
힐데스,2026-01-16,10:22,50000,10,4,teescan,2026-01-05 07:02:18.145000+00:00
힐데스,2026-01-16,10:29,50000,10,4,teescan,2026-01-05 07:02:18.145000+00:00
힐데스,2026-01-16,10:37,50000,10,4,teescan,2026-01-05 07:02:18.145000+00:00
힐데스,2026-01-16,10:44,50000,10,4,teescan,2026-01-05 07:02:18.145000+00:00
힐데스,2026-01-16,10:52,50000,10,4,teescan,2026-01-05 07:02:18.145000+00:00
힐데스,2026-01-16,10:59,50000,10,4,teescan,2026-01-05 07:02:18.145000+00:00
힐데스,2026-01-16,11:00,55000,11,4,golfpang,2026-01-06 01:31:53.872000+00:00
힐데스,2026-01-16,11:07,50000,11,4,teescan,2026-01-05 08:02:07.370000+00:00
힐데스,2026-01-16,11:14,50000,11,4,teescan,2026-01-05 07:02:18.145000+00:00
힐데스,2026-01-16,11:22,50000,11,4,teescan,2026-01-05 07:02:18.145000+00:00
힐데스,2026-01-16,11:37,45000,11,4,teescan,2026-01-05 23:01:47.913000+00:00
힐데스,2026-01-16,11:44,45000,11,4,teescan,2026-01-05 07:02:18.145000+00:00
힐데스,2026-01-16,11:52,45000,11,4,teescan,2026-01-05 07:02:18.145000+00:00
힐데스,2026-01-16,11:59,45000,11,4,teescan,2026-01-05 07:02:18.145000+00:00
감곡,2026-01-17,09:30,94000,9,5,teescan,2026-01-04 00:01:56.483000+00:00
감곡,2026-01-17,09:37,75200,9,5,teescan,2026-01-04 00:01:56.483000+00:00
감곡,2026-01-17,09:44,75200,9,5,teescan,2026-01-04 00:01:56.483000+00:00
감곡,2026-01-17,09:51,75200,9,5,teescan,2026-01-04 00:01:56.483000+00:00
감곡,2026-01-17,09:58,75200,9,5,teescan,2026-01-04 00:01:56.483000+00:00
감곡,2026-01-17,10:05,75200,10,5,teescan,2026-01-04 00:01:56.483000+00:00
감곡,2026-01-17,10:12,75200,10,5,teescan,2026-01-04 00:01:56.483000+00:00
감곡,2026-01-17,10:19,75200,10,5,teescan,2026-01-04 00:01:56.483000+00:00
감곡,2026-01-17,10:26,75200,10,5,teescan,2026-01-04 00:01:56.483000+00:00
감곡,2026-01-17,10:33,75200,10,5,teescan,2026-01-04 00:01:56.483000+00:00
감곡,2026-01-17,10:40,84600,10,5,teescan,2026-01-04 00:01:56.483000+00:00
감곡,2026-01-17,10:47,84600,10,5,teescan,2026-01-04 00:01:56.483000+00:00
감곡,2026-01-17,10:54,84600,10,5,teescan,2026-01-04 00:01:56.483000+00:00
감곡,2026-01-17,11:08,84600,11,5,teescan,2026-01-04 00:01:56.483000+00:00
감곡,2026-01-17,11:15,84600,11,5,teescan,2026-01-04 00:01:56.483000+00:00
감곡,2026-01-17,11:22,84600,11,5,teescan,2026-01-04 00:01:56.483000+00:00
감곡,2026-01-17,11:29,84600,11,5,teescan,2026-01-04 00:01:56.483000+00:00
감곡,2026-01-17,11:36,84600,11,5,teescan,2026-01-04 00:01:56.483000+00:00
감곡,2026-01-17,11:43,84600,11,5,teescan,2026-01-04 00:01:56.483000+00:00
감곡,2026-01-17,11:50,84600,11,5,teescan,2026-01-04 00:01:56.483000+00:00
골드,2026-01-17,09:30,160000,9,5,teescan,2026-01-05 04:32:00.285000+00:00
골드,2026-01-17,09:51,160000,9,5,teescan,2026-01-05 05:02:07.711000+00:00
골드,2026-01-17,09:58,119000,9,5,golfpang,2026-01-06 03:32:07.378000+00:00
골드,2026-01-17,10:26,119000,10,5,golfpang,2026-01-06 04:32:21.204000+00:00
골드,2026-01-17,10:54,160000,10,5,teescan,2026-01-04 23:32:13.165000+00:00
골드,2026-01-17,11:36,119000,11,5,golfpang,2026-01-06 04:32:21.204000+00:00
골드,2026-01-17,12:11,160000,12,5,teescan,2026-01-04 23:32:13.165000+00:00
골프존화랑,2026-01-17,09:50,55000,9,5,teescan,2026-01-05 01:31:56.503000+00:00
골프존화랑,2026-01-17,09:57,55000,9,5,teescan,2026-01-05 01:31:56.503000+00:00
골프존화랑,2026-01-17,10:04,55000,10,5,teescan,2026-01-05 01:31:56.503000+00:00
골프존화랑,2026-01-17,10:11,55000,10,5,teescan,2026-01-05 01:31:56.503000+00:00
골프존화랑,2026-01-17,10:18,55000,10,5,teescan,2026-01-05 01:31:56.503000+00:00
골프존화랑,2026-01-17,10:32,65000,10,5,golfpang,2026-01-06 05:02:09.347000+00:00
골프존화랑,2026-01-17,10:39,55000,10,5,teescan,2026-01-05 01:31:56.503000+00:00
골프존화랑,2026-01-17,11:14,55000,11,5,teescan,2026-01-05 01:31:56.503000+00:00
골프존화랑,2026-01-17,11:21,55000,11,5,teescan,2026-01-05 01:31:56.503000+00:00
골프존화랑,2026-01-17,11:28,55000,11,5,teescan,2026-01-05 01:31:56.503000+00:00
골프존화랑,2026-01-17,11:35,55000,11,5,teescan,2026-01-05 01:31:56.503000+00:00
골프존화랑,2026-01-17,11:49,55000,11,5,teescan,2026-01-05 01:31:56.503000+00:00
골프존화랑,2026-01-17,11:56,55000,11,5,teescan,2026-01-05 01:31:56.503000+00:00
골프존화랑,2026-01-17,12:03,65000,12,5,golfpang,2026-01-06 04:32:21.204000+00:00
골프존화랑,2026-01-17,12:10,55000,12,5,teescan,2026-01-05 01:31:56.503000+00:00
기흥,2026-01-17,10:26,160000,10,5,golfpang,2026-01-05 03:32:11.941000+00:00
대영힐스,2026-01-17,09:27,50000,9,5,teescan,2026-01-04 00:01:57.280000+00:00
대영힐스,2026-01-17,09:34,50000,9,5,teescan,2026-01-04 00:01:57.280000+00:00
대영힐스,2026-01-17,09:41,50000,9,5,teescan,2026-01-04 00:01:57.280000+00:00
대영힐스,2026-01-17,09:48,50000,9,5,teescan,2026-01-04 00:01:57.280000+00:00
대영힐스,2026-01-17,09:55,50000,9,5,teescan,2026-01-04 00:01:56.483000+00:00
대영힐스,2026-01-17,10:02,50000,10,5,teescan,2026-01-04 00:01:57.280000+00:00
대영힐스,2026-01-17,10:09,50000,10,5,teescan,2026-01-04 00:01:56.483000+00:00
대영힐스,2026-01-17,10:16,50000,10,5,teescan,2026-01-04 00:01:57.280000+00:00
대영힐스,2026-01-17,10:23,50000,10,5,teescan,2026-01-04 00:01:57.280000+00:00
대영힐스,2026-01-17,10:30,59000,10,5,teescan,2026-01-04 00:01:57.280000+00:00
대영힐스,2026-01-17,10:37,59000,10,5,teescan,2026-01-04 00:01:57.280000+00:00
대영힐스,2026-01-17,10:44,59000,10,5,teescan,2026-01-04 00:01:56.483000+00:00
대영힐스,2026-01-17,10:51,59000,10,5,teescan,2026-01-04 00:01:57.280000+00:00
대영힐스,2026-01-17,10:58,59000,10,5,teescan,2026-01-04 00:01:57.280000+00:00
대영힐스,2026-01-17,11:05,59000,11,5,teescan,2026-01-04 00:01:57.280000+00:00
대영힐스,2026-01-17,11:12,59000,11,5,teescan,2026-01-04 00:01:57.280000+00:00
대영힐스,2026-01-17,11:19,59000,11,5,teescan,2026-01-04 00:01:57.280000+00:00
대영힐스,2026-01-17,11:26,59000,11,5,teescan,2026-01-04 00:01:57.280000+00:00
대영힐스,2026-01-17,11:33,59000,11,5,teescan,2026-01-04 00:01:57.280000+00:00
대영힐스,2026-01-17,11:40,59000,11,5,teescan,2026-01-04 00:01:57.280000+00:00
대영힐스,2026-01-17,11:47,59000,11,5,teescan,2026-01-04 00:01:57.280000+00:00
대영힐스,2026-01-17,11:54,59000,11,5,teescan,2026-01-04 00:01:56.483000+00:00
대영힐스,2026-01-17,12:01,59000,12,5,teescan,2026-01-04 00:01:56.483000+00:00
더크로스비,2026-01-17,10:54,90000,10,5,golfpang,2026-01-04 00:01:56.483000+00:00
더크로스비,2026-01-17,11:01,90000,11,5,golfpang,2026-01-06 05:02:09.347000+00:00
더크로스비,2026-01-17,11:08,90000,11,5,teescan,2026-01-05 01:31:56.503000+00:00
더크로스비,2026-01-17,11:22,90000,11,5,teescan,2026-01-04 03:32:07.999000+00:00
더크로스비,2026-01-17,11:36,90000,11,5,teescan,2026-01-04 00:01:56.483000+00:00
더크로스비,2026-01-17,11:43,90000,11,5,teescan,2026-01-04 00:01:56.483000+00:00
더크로스비,2026-01-17,11:50,90000,11,5,teescan,2026-01-04 00:01:56.483000+00:00
더크로스비,2026-01-17,11:57,90000,11,5,teescan,2026-01-04 00:01:56.483000+00:00
더크로스비,2026-01-17,12:04,90000,12,5,teescan,2026-01-04 00:01:56.483000+00:00
더크로스비,2026-01-17,12:11,90000,12,5,teescan,2026-01-04 00:01:56.483000+00:00
동촌,2026-01-17,09:37,90000,9,5,teescan,2026-01-04 00:01:57.280000+00:00
동촌,2026-01-17,09:44,90000,9,5,teescan,2026-01-04 00:01:57.280000+00:00
동촌,2026-01-17,09:51,90000,9,5,teescan,2026-01-04 00:01:57.280000+00:00
동촌,2026-01-17,10:12,80000,10,5,teescan,2026-01-04 00:01:57.280000+00:00
동촌,2026-01-17,10:26,90000,10,5,teescan,2026-01-04 00:01:56.483000+00:00
동촌,2026-01-17,10:40,90000,10,5,teescan,2026-01-04 00:01:57.280000+00:00
동촌,2026-01-17,10:47,90000,10,5,teescan,2026-01-04 00:01:57.280000+00:00
동촌,2026-01-17,11:01,90000,11,5,teescan,2026-01-04 00:01:57.280000+00:00
동촌,2026-01-17,11:08,90000,11,5,teescan,2026-01-04 00:01:57.280000+00:00
동촌,2026-01-17,11:15,90000,11,5,teescan,2026-01-04 00:01:57.280000+00:00
동촌,2026-01-17,11:22,90000,11,5,golfpang,2026-01-04 00:01:56.483000+00:00
동촌,2026-01-17,11:29,80000,11,5,teescan,2026-01-05 13:02:26.142000+00:00
동촌,2026-01-17,11:43,90000,11,5,teescan,2026-01-04 00:01:57.280000+00:00
동촌,2026-01-17,11:50,90000,11,5,teescan,2026-01-04 00:01:57.280000+00:00
떼제베,2026-01-17,10:07,100000,10,5,golfpang,2026-01-05 04:32:00.285000+00:00
떼제베,2026-01-17,10:14,100000,10,5,teescan,2026-01-04 00:01:56.483000+00:00
떼제베,2026-01-17,10:35,110000,10,5,teescan,2026-01-04 23:32:13.165000+00:00
떼제베,2026-01-17,10:37,80000,10,5,golfpang,2026-01-06 01:31:53.684000+00:00
떼제베,2026-01-17,10:42,80000,10,5,teescan,2026-01-05 09:02:15.149000+00:00
떼제베,2026-01-17,10:49,110000,10,5,teescan,2026-01-04 00:01:56.483000+00:00
떼제베,2026-01-17,10:56,110000,10,5,teescan,2026-01-04 00:01:56.483000+00:00
떼제베,2026-01-17,11:03,80000,11,5,teescan,2026-01-05 09:02:15.149000+00:00
떼제베,2026-01-17,11:17,110000,11,5,teescan,2026-01-04 00:01:56.483000+00:00
떼제베,2026-01-17,11:24,80000,11,5,teescan,2026-01-05 09:02:15.149000+00:00
떼제베,2026-01-17,11:52,80000,11,5,teescan,2026-01-05 09:02:15.149000+00:00
떼제베,2026-01-17,11:59,110000,11,5,teescan,2026-01-04 00:01:56.483000+00:00
떼제베,2026-01-17,12:20,100000,12,5,teescan,2026-01-04 00:01:56.483000+00:00
떼제베,2026-01-17,12:27,100000,12,5,teescan,2026-01-04 00:01:56.483000+00:00
라데나,2026-01-17,09:47,130000,9,5,teescan,2026-01-05 02:32:07.621000+00:00
라데나,2026-01-17,09:54,130000,9,5,teescan,2026-01-05 02:32:07.621000+00:00
라데나,2026-01-17,10:01,130000,10,5,teescan,2026-01-05 02:32:07.621000+00:00
라데나,2026-01-17,10:08,130000,10,5,teescan,2026-01-05 02:32:07.621000+00:00
라데나,2026-01-17,10:15,130000,10,5,teescan,2026-01-05 02:32:07.621000+00:00
라데나,2026-01-17,10:22,130000,10,5,teescan,2026-01-05 02:32:07.621000+00:00
라데나,2026-01-17,10:29,130000,10,5,teescan,2026-01-05 02:32:07.621000+00:00
라데나,2026-01-17,10:36,130000,10,5,teescan,2026-01-05 02:32:07.621000+00:00
라데나,2026-01-17,10:43,130000,10,5,teescan,2026-01-05 02:32:07.621000+00:00
라데나,2026-01-17,10:50,130000,10,5,teescan,2026-01-05 02:32:07.621000+00:00
라데나,2026-01-17,10:57,130000,10,5,teescan,2026-01-05 02:32:07.621000+00:00
라데나,2026-01-17,11:04,130000,11,5,teescan,2026-01-05 02:32:07.621000+00:00
라데나,2026-01-17,11:11,130000,11,5,teescan,2026-01-05 02:32:07.621000+00:00
라데나,2026-01-17,11:18,130000,11,5,teescan,2026-01-05 02:32:07.621000+00:00
라데나,2026-01-17,11:25,130000,11,5,teescan,2026-01-05 02:32:07.621000+00:00
라데나,2026-01-17,11:32,130000,11,5,teescan,2026-01-05 02:32:07.621000+00:00
라데나,2026-01-17,11:39,130000,11,5,teescan,2026-01-05 02:32:07.621000+00:00
라데나,2026-01-17,11:46,130000,11,5,teescan,2026-01-05 02:32:07.621000+00:00
라데나,2026-01-17,11:53,130000,11,5,teescan,2026-01-05 02:32:07.621000+00:00
라데나,2026-01-17,12:00,130000,12,5,teescan,2026-01-05 02:32:07.621000+00:00
레싸,2026-01-17,09:51,180000,9,5,teescan,2026-01-04 00:01:56.483000+00:00
레싸,2026-01-17,09:58,180000,9,5,teescan,2026-01-04 00:01:56.483000+00:00
레싸,2026-01-17,10:12,180000,10,5,teescan,2026-01-06 04:32:21.204000+00:00
레싸,2026-01-17,10:33,210000,10,5,teescan,2026-01-05 07:02:16.840000+00:00
레싸,2026-01-17,10:40,180000,10,5,teescan,2026-01-04 00:01:56.483000+00:00
레싸,2026-01-17,11:22,180000,11,5,teescan,2026-01-04 00:01:56.483000+00:00
레싸,2026-01-17,11:43,180000,11,5,teescan,2026-01-04 00:01:56.483000+00:00
레싸,2026-01-17,11:57,180000,11,5,teescan,2026-01-04 00:01:56.483000+00:00
레싸,2026-01-17,12:04,180000,12,5,teescan,2026-01-04 00:01:56.483000+00:00
로얄포레,2026-01-17,09:27,50000,9,5,teescan,2026-01-04 00:01:57.280000+00:00
로얄포레,2026-01-17,09:34,50000,9,5,teescan,2026-01-04 00:01:57.280000+00:00
로얄포레,2026-01-17,09:41,50000,9,5,teescan,2026-01-04 00:01:57.280000+00:00
로얄포레,2026-01-17,09:48,50000,9,5,teescan,2026-01-04 00:01:57.280000+00:00
로얄포레,2026-01-17,09:55,50000,9,5,teescan,2026-01-04 00:01:57.280000+00:00
로얄포레,2026-01-17,10:00,79000,10,5,golfpang,2026-01-06 05:02:09.347000+00:00
로얄포레,2026-01-17,10:02,50000,10,5,teescan,2026-01-04 00:01:57.280000+00:00
로얄포레,2026-01-17,10:09,50000,10,5,teescan,2026-01-04 00:01:57.280000+00:00
로얄포레,2026-01-17,10:16,50000,10,5,teescan,2026-01-04 00:01:57.280000+00:00
로얄포레,2026-01-17,10:23,50000,10,5,teescan,2026-01-04 00:01:57.280000+00:00
로얄포레,2026-01-17,10:30,59000,10,5,teescan,2026-01-04 00:01:57.280000+00:00
로얄포레,2026-01-17,10:37,59000,10,5,teescan,2026-01-04 00:01:57.280000+00:00
로얄포레,2026-01-17,10:44,59000,10,5,teescan,2026-01-04 00:01:57.280000+00:00
로얄포레,2026-01-17,10:51,59000,10,5,teescan,2026-01-04 00:01:57.280000+00:00
로얄포레,2026-01-17,10:58,59000,10,5,teescan,2026-01-04 00:01:57.280000+00:00
로얄포레,2026-01-17,11:05,59000,11,5,teescan,2026-01-04 00:01:57.280000+00:00
로얄포레,2026-01-17,11:10,89000,11,5,golfpang,2026-01-06 04:02:00.887000+00:00
로얄포레,2026-01-17,11:12,59000,11,5,teescan,2026-01-04 00:01:57.280000+00:00
로얄포레,2026-01-17,11:19,59000,11,5,teescan,2026-01-04 00:01:57.280000+00:00
로얄포레,2026-01-17,11:26,59000,11,5,teescan,2026-01-04 00:01:57.280000+00:00
로얄포레,2026-01-17,11:33,59000,11,5,teescan,2026-01-04 00:01:57.280000+00:00
로얄포레,2026-01-17,11:38,79000,11,5,golfpang,2026-01-06 05:02:09.347000+00:00
로얄포레,2026-01-17,11:40,59000,11,5,teescan,2026-01-04 00:01:57.280000+00:00
로얄포레,2026-01-17,11:47,59000,11,5,teescan,2026-01-04 00:01:57.280000+00:00
로얄포레,2026-01-17,11:54,59000,11,5,teescan,2026-01-04 00:01:57.280000+00:00
로얄포레,2026-01-17,12:01,59000,12,5,teescan,2026-01-04 00:01:57.280000+00:00
로얄포레,2026-01-17,12:06,79000,12,5,golfpang,2026-01-04 00:01:56.483000+00:00
리베라,2026-01-17,09:58,180000,9,5,golfpang,2026-01-06 04:02:00.887000+00:00
리베라,2026-01-17,10:05,170000,10,5,teescan,2026-01-04 06:32:01.173000+00:00
리베라,2026-01-17,10:12,170000,10,5,teescan,2026-01-04 06:32:01.173000+00:00
리베라,2026-01-17,10:19,170000,10,5,teescan,2026-01-04 06:32:01.173000+00:00
리베라,2026-01-17,10:26,170000,10,5,teescan,2026-01-04 06:32:01.173000+00:00
리베라,2026-01-17,10:33,170000,10,5,teescan,2026-01-04 06:32:01.173000+00:00
마이다스,2026-01-17,09:51,170000,9,5,teescan,2026-01-04 01:32:17.028000+00:00
마이다스,2026-01-17,09:58,170000,9,5,teescan,2026-01-04 00:01:56.483000+00:00
마이다스,2026-01-17,10:26,170000,10,5,teescan,2026-01-04 00:01:56.483000+00:00
마이다스,2026-01-17,11:08,170000,11,5,teescan,2026-01-04 00:01:56.483000+00:00
모나크,2026-01-17,10:01,80000,10,5,teescan,2026-01-04 00:01:57.280000+00:00
모나크,2026-01-17,10:08,80000,10,5,teescan,2026-01-04 00:01:57.280000+00:00
모나크,2026-01-17,10:15,80000,10,5,teescan,2026-01-04 00:01:57.280000+00:00
모나크,2026-01-17,10:22,80000,10,5,teescan,2026-01-04 00:01:57.280000+00:00
모나크,2026-01-17,10:29,80000,10,5,teescan,2026-01-04 00:01:57.280000+00:00
모나크,2026-01-17,10:43,80000,10,5,teescan,2026-01-04 00:01:56.483000+00:00
모나크,2026-01-17,10:50,90000,10,5,golfpang,2026-01-06 05:02:09.347000+00:00
모나크,2026-01-17,11:04,90000,11,5,golfpang,2026-01-04 00:01:56.483000+00:00
벨라스톤,2026-01-17,09:30,69000,9,5,teescan,2026-01-05 02:02:02.316000+00:00
벨라스톤,2026-01-17,09:37,69000,9,5,teescan,2026-01-05 02:02:02.316000+00:00
벨라스톤,2026-01-17,09:44,69000,9,5,teescan,2026-01-05 02:02:02.316000+00:00
벨라스톤,2026-01-17,09:51,69000,9,5,teescan,2026-01-05 02:02:02.316000+00:00
벨라스톤,2026-01-17,09:58,69000,9,5,teescan,2026-01-05 02:02:02.316000+00:00
벨라스톤,2026-01-17,10:05,90000,10,5,teescan,2026-01-05 09:32:09.715000+00:00
벨라스톤,2026-01-17,10:12,90000,10,5,teescan,2026-01-05 09:32:09.715000+00:00
벨라스톤,2026-01-17,10:19,90000,10,5,teescan,2026-01-05 09:32:09.715000+00:00
벨라스톤,2026-01-17,10:26,90000,10,5,teescan,2026-01-05 09:32:09.715000+00:00
벨라스톤,2026-01-17,10:33,90000,10,5,teescan,2026-01-05 09:32:09.715000+00:00
벨라스톤,2026-01-17,10:47,90000,10,5,teescan,2026-01-05 09:32:09.715000+00:00
벨라스톤,2026-01-17,10:54,90000,10,5,teescan,2026-01-05 09:32:09.715000+00:00
벨라스톤,2026-01-17,11:01,100000,11,5,teescan,2026-01-05 09:32:09.715000+00:00
벨라스톤,2026-01-17,11:08,100000,11,5,teescan,2026-01-05 09:32:09.715000+00:00
벨라스톤,2026-01-17,11:15,100000,11,5,teescan,2026-01-05 09:32:09.715000+00:00
벨라스톤,2026-01-17,11:22,100000,11,5,teescan,2026-01-05 09:32:09.715000+00:00
벨라스톤,2026-01-17,11:29,100000,11,5,teescan,2026-01-05 09:32:09.715000+00:00
벨라스톤,2026-01-17,11:36,100000,11,5,teescan,2026-01-05 09:32:09.715000+00:00
벨라스톤,2026-01-17,11:43,100000,11,5,teescan,2026-01-05 09:32:09.715000+00:00
벨라스톤,2026-01-17,11:50,100000,11,5,teescan,2026-01-05 09:32:09.715000+00:00
블루원용인,2026-01-17,10:19,150000,10,5,teescan,2026-01-04 00:01:56.483000+00:00
블루원용인,2026-01-17,10:26,150000,10,5,teescan,2026-01-04 00:01:56.483000+00:00
블루원용인,2026-01-17,10:47,150000,10,5,teescan,2026-01-04 00:01:56.483000+00:00
블루원용인,2026-01-17,11:00,120000,11,5,golfpang,2026-01-05 04:32:00.285000+00:00
블루원용인,2026-01-17,11:01,150000,11,5,teescan,2026-01-04 00:01:56.483000+00:00
블루원용인,2026-01-17,11:15,150000,11,5,teescan,2026-01-04 00:01:56.483000+00:00
블루원용인,2026-01-17,11:22,150000,11,5,teescan,2026-01-04 00:01:56.483000+00:00
블루원용인,2026-01-17,11:36,150000,11,5,teescan,2026-01-04 00:01:56.483000+00:00
블루원용인,2026-01-17,11:43,150000,11,5,teescan,2026-01-04 00:01:56.483000+00:00
블루원용인,2026-01-17,11:57,150000,11,5,teescan,2026-01-04 00:01:56.483000+00:00
블루원용인,2026-01-17,12:04,150000,12,5,teescan,2026-01-04 00:01:56.483000+00:00
블루원용인,2026-01-17,12:11,150000,12,5,teescan,2026-01-04 00:01:56.483000+00:00
서산수,2026-01-17,09:20,160000,9,5,teescan,2026-01-04 00:01:57.280000+00:00
서산수,2026-01-17,09:27,160000,9,5,teescan,2026-01-04 00:01:57.280000+00:00
서산수,2026-01-17,09:34,160000,9,5,teescan,2026-01-04 00:01:57.280000+00:00
서산수,2026-01-17,09:41,160000,9,5,teescan,2026-01-04 00:01:57.280000+00:00
서산수,2026-01-17,09:55,160000,9,5,teescan,2026-01-04 00:01:57.280000+00:00
서산수,2026-01-17,10:02,160000,10,5,teescan,2026-01-04 00:01:57.280000+00:00
서산수,2026-01-17,10:09,160000,10,5,teescan,2026-01-04 00:01:57.280000+00:00
서산수,2026-01-17,10:16,160000,10,5,teescan,2026-01-04 00:01:57.280000+00:00
서산수,2026-01-17,10:23,160000,10,5,teescan,2026-01-04 00:01:57.280000+00:00
서산수,2026-01-17,10:30,160000,10,5,teescan,2026-01-04 00:01:57.280000+00:00
서산수,2026-01-17,10:37,160000,10,5,teescan,2026-01-04 00:01:57.280000+00:00
서산수,2026-01-17,10:44,160000,10,5,teescan,2026-01-04 00:01:56.483000+00:00
서산수,2026-01-17,10:51,160000,10,5,teescan,2026-01-05 02:02:02.316000+00:00
서산수,2026-01-17,10:58,160000,10,5,teescan,2026-01-04 00:01:57.280000+00:00
서산수,2026-01-17,11:05,160000,11,5,teescan,2026-01-04 00:01:57.280000+00:00
서산수,2026-01-17,11:19,160000,11,5,teescan,2026-01-04 00:01:57.280000+00:00
서산수,2026-01-17,11:26,160000,11,5,teescan,2026-01-04 00:01:57.280000+00:00
서산수,2026-01-17,11:33,160000,11,5,teescan,2026-01-04 00:01:57.280000+00:00
서산수,2026-01-17,11:40,160000,11,5,teescan,2026-01-04 00:01:57.280000+00:00
세현,2026-01-17,09:30,140000,9,5,teescan,2026-01-04 00:01:56.483000+00:00
세현,2026-01-17,09:37,140000,9,5,teescan,2026-01-04 00:01:56.483000+00:00
세현,2026-01-17,09:44,140000,9,5,teescan,2026-01-04 00:01:56.483000+00:00
세현,2026-01-17,09:51,140000,9,5,teescan,2026-01-04 00:01:56.483000+00:00
세현,2026-01-17,09:58,140000,9,5,teescan,2026-01-04 00:01:56.483000+00:00
세현,2026-01-17,10:05,140000,10,5,teescan,2026-01-04 00:01:56.483000+00:00
세현,2026-01-17,10:12,140000,10,5,teescan,2026-01-04 00:01:56.483000+00:00
세현,2026-01-17,10:19,140000,10,5,teescan,2026-01-04 00:01:56.483000+00:00
세현,2026-01-17,10:26,140000,10,5,teescan,2026-01-04 00:01:56.483000+00:00
세현,2026-01-17,10:33,140000,10,5,teescan,2026-01-04 00:01:56.483000+00:00
세현,2026-01-17,10:40,140000,10,5,teescan,2026-01-04 00:01:56.483000+00:00
세현,2026-01-17,10:47,140000,10,5,teescan,2026-01-04 00:01:56.483000+00:00
세현,2026-01-17,10:54,140000,10,5,teescan,2026-01-04 00:01:56.483000+00:00
세현,2026-01-17,11:01,140000,11,5,teescan,2026-01-04 00:01:56.483000+00:00
세현,2026-01-17,11:08,140000,11,5,teescan,2026-01-04 00:01:56.483000+00:00
세현,2026-01-17,11:15,140000,11,5,teescan,2026-01-04 00:01:56.483000+00:00
세현,2026-01-17,11:22,140000,11,5,teescan,2026-01-04 00:01:56.483000+00:00
세현,2026-01-17,11:29,140000,11,5,teescan,2026-01-04 00:01:56.483000+00:00
세현,2026-01-17,11:36,140000,11,5,teescan,2026-01-04 00:01:56.483000+00:00
세현,2026-01-17,11:43,140000,11,5,teescan,2026-01-04 00:01:56.483000+00:00
세현,2026-01-17,11:50,140000,11,5,teescan,2026-01-04 00:01:56.483000+00:00
센추리,2026-01-17,09:30,130000,9,5,teescan,2026-01-06 00:32:07.243000+00:00
센추리,2026-01-17,09:37,130000,9,5,teescan,2026-01-06 00:32:07.243000+00:00
센추리,2026-01-17,09:44,130000,9,5,teescan,2026-01-06 00:32:07.243000+00:00
센추리,2026-01-17,09:51,130000,9,5,teescan,2026-01-06 00:32:07.243000+00:00
센추리,2026-01-17,09:58,130000,9,5,teescan,2026-01-06 00:32:07.243000+00:00
센추리,2026-01-17,10:05,130000,10,5,teescan,2026-01-06 00:32:07.243000+00:00
센추리,2026-01-17,10:12,130000,10,5,teescan,2026-01-06 00:32:07.243000+00:00
센추리,2026-01-17,10:19,130000,10,5,teescan,2026-01-06 00:32:07.243000+00:00
센추리,2026-01-17,10:26,130000,10,5,teescan,2026-01-06 00:32:07.243000+00:00
센추리,2026-01-17,10:33,130000,10,5,teescan,2026-01-06 00:32:07.243000+00:00
센추리,2026-01-17,10:40,130000,10,5,teescan,2026-01-06 00:32:07.243000+00:00
센추리,2026-01-17,10:47,130000,10,5,teescan,2026-01-06 00:32:07.243000+00:00
센추리,2026-01-17,10:54,120000,10,5,teescan,2026-01-06 00:32:07.243000+00:00
센추리,2026-01-17,11:01,130000,11,5,teescan,2026-01-06 00:32:07.243000+00:00
센추리,2026-01-17,11:08,130000,11,5,teescan,2026-01-06 00:32:07.243000+00:00
센추리,2026-01-17,11:15,130000,11,5,teescan,2026-01-06 00:32:07.243000+00:00
센추리,2026-01-17,11:22,130000,11,5,teescan,2026-01-06 00:32:07.243000+00:00
센추리,2026-01-17,11:29,130000,11,5,teescan,2026-01-06 00:32:07.243000+00:00
센추리,2026-01-17,11:36,130000,11,5,teescan,2026-01-06 00:32:07.243000+00:00
센추리,2026-01-17,11:43,130000,11,5,teescan,2026-01-06 00:32:07.243000+00:00
센추리,2026-01-17,11:50,130000,11,5,teescan,2026-01-06 00:32:07.243000+00:00
센추리,2026-01-17,11:57,130000,11,5,teescan,2026-01-06 00:32:07.243000+00:00
수원,2026-01-17,10:19,200000,10,5,teescan,2026-01-04 00:01:56.483000+00:00
수원,2026-01-17,11:50,200000,11,5,teescan,2026-01-04 00:01:56.483000+00:00
시그너스,2026-01-17,09:40,100000,9,5,teescan,2026-01-04 00:01:57.280000+00:00
시그너스,2026-01-17,09:47,100000,9,5,teescan,2026-01-04 00:01:57.280000+00:00
시그너스,2026-01-17,09:54,100000,9,5,teescan,2026-01-04 00:01:57.280000+00:00
시그너스,2026-01-17,10:00,100000,10,5,teescan,2026-01-04 00:01:57.280000+00:00
시그너스,2026-01-17,10:07,100000,10,5,teescan,2026-01-04 00:01:57.280000+00:00
시그너스,2026-01-17,10:14,100000,10,5,teescan,2026-01-04 00:01:57.280000+00:00
시그너스,2026-01-17,10:20,100000,10,5,teescan,2026-01-04 00:01:57.280000+00:00
시그너스,2026-01-17,10:27,100000,10,5,teescan,2026-01-04 00:01:57.280000+00:00
시그너스,2026-01-17,10:34,100000,10,5,teescan,2026-01-04 00:01:57.280000+00:00
시그너스,2026-01-17,10:40,100000,10,5,teescan,2026-01-04 00:01:57.280000+00:00
시그너스,2026-01-17,10:47,100000,10,5,teescan,2026-01-04 00:01:57.280000+00:00
시그너스,2026-01-17,10:54,100000,10,5,teescan,2026-01-04 00:01:57.280000+00:00
시그너스,2026-01-17,11:00,100000,11,5,teescan,2026-01-04 00:01:57.280000+00:00
시그너스,2026-01-17,11:07,100000,11,5,teescan,2026-01-04 00:01:57.280000+00:00
시그너스,2026-01-17,11:14,100000,11,5,teescan,2026-01-04 00:01:57.280000+00:00
시그너스,2026-01-17,11:20,100000,11,5,teescan,2026-01-04 00:01:57.280000+00:00
시그너스,2026-01-17,11:27,100000,11,5,teescan,2026-01-04 00:01:57.280000+00:00
시그너스,2026-01-17,11:34,100000,11,5,teescan,2026-01-04 00:01:57.280000+00:00
시그너스,2026-01-17,11:40,100000,11,5,teescan,2026-01-04 00:01:57.280000+00:00
시그너스,2026-01-17,11:47,100000,11,5,teescan,2026-01-04 00:01:57.280000+00:00
시그너스,2026-01-17,11:54,100000,11,5,teescan,2026-01-04 00:01:57.280000+00:00
시그너스,2026-01-17,12:00,100000,12,5,teescan,2026-01-04 00:01:57.280000+00:00
신라,2026-01-17,09:41,110000,9,5,teescan,2026-01-04 00:01:56.483000+00:00
신라,2026-01-17,09:48,110000,9,5,teescan,2026-01-04 00:01:56.483000+00:00
신라,2026-01-17,09:55,110000,9,5,teescan,2026-01-04 00:01:56.483000+00:00
신라,2026-01-17,10:23,110000,10,5,teescan,2026-01-04 00:01:56.483000+00:00
신라,2026-01-17,10:30,110000,10,5,teescan,2026-01-04 00:01:56.483000+00:00
신라,2026-01-17,10:37,110000,10,5,teescan,2026-01-04 00:01:56.483000+00:00
신라,2026-01-17,11:05,110000,11,5,golfpang,2026-01-06 05:02:09.347000+00:00
신라,2026-01-17,11:19,110000,11,5,teescan,2026-01-04 00:01:56.483000+00:00
써닝포인트,2026-01-17,10:05,145000,10,5,teescan,2026-01-04 00:01:56.483000+00:00
써닝포인트,2026-01-17,10:12,145000,10,5,teescan,2026-01-04 00:01:56.483000+00:00
써닝포인트,2026-01-17,10:19,145000,10,5,teescan,2026-01-04 00:01:56.483000+00:00
써닝포인트,2026-01-17,10:26,145000,10,5,teescan,2026-01-04 00:01:56.483000+00:00
써닝포인트,2026-01-17,10:33,145000,10,5,teescan,2026-01-04 00:01:56.483000+00:00
써닝포인트,2026-01-17,10:40,145000,10,5,teescan,2026-01-04 00:01:56.483000+00:00
써닝포인트,2026-01-17,10:47,145000,10,5,teescan,2026-01-04 00:01:56.483000+00:00
써닝포인트,2026-01-17,10:54,145000,10,5,teescan,2026-01-04 00:01:56.483000+00:00
써닝포인트,2026-01-17,11:01,145000,11,5,teescan,2026-01-04 00:01:56.483000+00:00
써닝포인트,2026-01-17,11:08,145000,11,5,teescan,2026-01-04 00:01:56.483000+00:00
써닝포인트,2026-01-17,11:15,145000,11,5,teescan,2026-01-04 00:01:56.483000+00:00
써닝포인트,2026-01-17,11:22,145000,11,5,teescan,2026-01-04 00:01:56.483000+00:00
써닝포인트,2026-01-17,11:29,145000,11,5,teescan,2026-01-04 00:01:56.483000+00:00
써닝포인트,2026-01-17,11:36,145000,11,5,teescan,2026-01-04 00:01:56.483000+00:00
써닝포인트,2026-01-17,11:43,145000,11,5,teescan,2026-01-04 00:01:56.483000+00:00
써닝포인트,2026-01-17,11:50,145000,11,5,teescan,2026-01-04 00:01:56.483000+00:00
써닝포인트,2026-01-17,11:57,145000,11,5,teescan,2026-01-04 00:01:56.483000+00:00
써닝포인트,2026-01-17,12:04,145000,12,5,teescan,2026-01-04 00:01:56.483000+00:00
써닝포인트,2026-01-17,12:11,145000,12,5,teescan,2026-01-04 00:01:56.483000+00:00
써닝포인트,2026-01-17,12:18,145000,12,5,teescan,2026-01-04 00:01:56.483000+00:00
양지파인,2026-01-17,08:00,75000,8,5,teescan,2026-01-04 00:01:56.483000+00:00
양지파인,2026-01-17,08:20,75000,8,5,teescan,2026-01-04 00:01:56.483000+00:00
양지파인,2026-01-17,08:40,75000,8,5,teescan,2026-01-04 00:01:56.483000+00:00
양지파인,2026-01-17,09:30,85000,9,5,teescan,2026-01-04 00:01:56.483000+00:00
양지파인,2026-01-17,09:37,85000,9,5,teescan,2026-01-04 00:01:56.483000+00:00
양지파인,2026-01-17,09:44,85000,9,5,teescan,2026-01-04 00:01:56.483000+00:00
양지파인,2026-01-17,09:51,85000,9,5,teescan,2026-01-04 00:01:56.483000+00:00
양지파인,2026-01-17,09:58,85000,9,5,teescan,2026-01-04 00:01:56.483000+00:00
양지파인,2026-01-17,10:05,85000,10,5,teescan,2026-01-04 00:01:56.483000+00:00
양지파인,2026-01-17,10:33,105000,10,5,teescan,2026-01-04 00:01:56.483000+00:00
양지파인,2026-01-17,10:40,105000,10,5,teescan,2026-01-04 00:01:56.483000+00:00
양지파인,2026-01-17,10:47,105000,10,5,teescan,2026-01-04 00:01:56.483000+00:00
양지파인,2026-01-17,11:01,105000,11,5,teescan,2026-01-04 00:01:56.483000+00:00
양지파인,2026-01-17,11:08,105000,11,5,teescan,2026-01-04 00:01:56.483000+00:00
양지파인,2026-01-17,11:15,105000,11,5,teescan,2026-01-04 00:01:56.483000+00:00
양지파인,2026-01-17,11:22,105000,11,5,teescan,2026-01-04 00:01:56.483000+00:00
양지파인,2026-01-17,11:29,105000,11,5,teescan,2026-01-04 00:01:56.483000+00:00
양지파인,2026-01-17,11:36,95000,11,5,teescan,2026-01-04 00:01:56.483000+00:00
양지파인,2026-01-17,11:43,95000,11,5,teescan,2026-01-04 00:01:56.483000+00:00
양지파인,2026-01-17,11:50,95000,11,5,teescan,2026-01-04 00:01:56.483000+00:00
올데이,2026-01-17,10:00,59000,10,5,teescan,2026-01-04 00:01:57.280000+00:00
올데이,2026-01-17,10:07,59000,10,5,teescan,2026-01-04 00:01:57.280000+00:00
올데이,2026-01-17,10:35,59000,10,5,teescan,2026-01-04 00:01:57.280000+00:00
올데이,2026-01-17,10:42,59000,10,5,teescan,2026-01-04 00:01:57.280000+00:00
올데이,2026-01-17,11:03,59000,11,5,teescan,2026-01-04 00:01:56.483000+00:00
올데이,2026-01-17,11:10,59000,11,5,teescan,2026-01-04 00:01:57.280000+00:00
올데이,2026-01-17,11:31,59000,11,5,teescan,2026-01-04 00:01:57.280000+00:00
올데이,2026-01-17,11:38,59000,11,5,teescan,2026-01-04 00:01:57.280000+00:00
올데이,2026-01-17,11:59,59000,11,5,teescan,2026-01-04 00:01:57.280000+00:00
올데이,2026-01-17,12:06,59000,12,5,teescan,2026-01-04 00:01:56.483000+00:00
윈체스트,2026-01-17,09:41,110000,9,5,teescan,2026-01-04 00:01:56.483000+00:00
윈체스트,2026-01-17,09:48,110000,9,5,teescan,2026-01-04 00:01:56.483000+00:00
윈체스트,2026-01-17,09:55,110000,9,5,teescan,2026-01-04 00:01:56.483000+00:00
윈체스트,2026-01-17,10:08,120000,10,5,golfpang,2026-01-05 01:01:59.578000+00:00
윈체스트,2026-01-17,10:23,110000,10,5,teescan,2026-01-04 00:01:56.483000+00:00
윈체스트,2026-01-17,10:30,110000,10,5,teescan,2026-01-04 00:01:56.483000+00:00
윈체스트,2026-01-17,10:36,180000,10,5,golfpang,2026-01-06 04:02:00.887000+00:00
윈체스트,2026-01-17,10:37,110000,10,5,teescan,2026-01-04 00:01:56.483000+00:00
윈체스트,2026-01-17,11:04,120000,11,5,golfpang,2026-01-06 05:02:09.347000+00:00
윈체스트,2026-01-17,11:19,110000,11,5,teescan,2026-01-04 00:01:56.483000+00:00
윈체스트,2026-01-17,11:32,180000,11,5,golfpang,2026-01-06 05:02:09.347000+00:00
은화삼,2026-01-17,09:30,130000,9,5,teescan,2026-01-04 23:32:13.165000+00:00
은화삼,2026-01-17,09:51,130000,9,5,teescan,2026-01-04 23:32:13.165000+00:00
은화삼,2026-01-17,10:12,130000,10,5,teescan,2026-01-05 06:02:16.010000+00:00
은화삼,2026-01-17,10:26,160000,10,5,golfpang,2026-01-05 00:02:13.336000+00:00
은화삼,2026-01-17,10:33,130000,10,5,teescan,2026-01-05 06:02:16.010000+00:00
은화삼,2026-01-17,10:54,130000,10,5,teescan,2026-01-05 06:02:16.010000+00:00
은화삼,2026-01-17,11:15,150000,11,5,teescan,2026-01-04 00:01:56.483000+00:00
은화삼,2026-01-17,11:36,150000,11,5,teescan,2026-01-04 00:01:56.483000+00:00
은화삼,2026-01-17,11:57,150000,11,5,teescan,2026-01-04 00:01:56.483000+00:00
이글몬트,2026-01-17,09:30,130000,9,5,teescan,2026-01-04 00:01:56.483000+00:00
이글몬트,2026-01-17,09:37,130000,9,5,teescan,2026-01-04 00:01:56.483000+00:00
이글몬트,2026-01-17,09:44,130000,9,5,teescan,2026-01-04 00:01:56.483000+00:00
이글몬트,2026-01-17,09:51,130000,9,5,teescan,2026-01-04 00:01:56.483000+00:00
이글몬트,2026-01-17,09:58,130000,9,5,teescan,2026-01-04 00:01:56.483000+00:00
이글몬트,2026-01-17,10:05,130000,10,5,teescan,2026-01-04 00:01:56.483000+00:00
이글몬트,2026-01-17,10:12,130000,10,5,teescan,2026-01-04 00:01:56.483000+00:00
이글몬트,2026-01-17,10:19,130000,10,5,teescan,2026-01-04 00:01:56.483000+00:00
이글몬트,2026-01-17,10:26,130000,10,5,teescan,2026-01-04 00:01:56.483000+00:00
이글몬트,2026-01-17,10:33,130000,10,5,teescan,2026-01-04 00:01:56.483000+00:00
이글몬트,2026-01-17,10:40,130000,10,5,teescan,2026-01-04 00:01:56.483000+00:00
이글몬트,2026-01-17,10:47,130000,10,5,teescan,2026-01-04 00:01:56.483000+00:00
이글몬트,2026-01-17,10:54,130000,10,5,teescan,2026-01-04 00:01:56.483000+00:00
이글몬트,2026-01-17,11:01,130000,11,5,teescan,2026-01-04 00:01:56.483000+00:00
이글몬트,2026-01-17,11:08,130000,11,5,teescan,2026-01-04 00:01:56.483000+00:00
이글몬트,2026-01-17,11:15,130000,11,5,teescan,2026-01-04 00:01:56.483000+00:00
이글몬트,2026-01-17,11:22,130000,11,5,teescan,2026-01-04 00:01:56.483000+00:00
이글몬트,2026-01-17,11:29,130000,11,5,teescan,2026-01-04 00:01:56.483000+00:00
이글몬트,2026-01-17,11:36,130000,11,5,teescan,2026-01-04 00:01:56.483000+00:00
이글몬트,2026-01-17,11:43,130000,11,5,teescan,2026-01-04 00:01:56.483000+00:00
이글몬트,2026-01-17,11:50,130000,11,5,teescan,2026-01-04 00:01:56.483000+00:00
일레븐,2026-01-17,09:51,55000,9,5,teescan,2026-01-04 00:01:57.280000+00:00
일레븐,2026-01-17,09:58,55000,9,5,teescan,2026-01-04 00:01:56.483000+00:00
일레븐,2026-01-17,10:05,55000,10,5,teescan,2026-01-04 00:01:57.280000+00:00
일레븐,2026-01-17,10:12,55000,10,5,teescan,2026-01-04 00:01:57.280000+00:00
일레븐,2026-01-17,10:19,55000,10,5,teescan,2026-01-04 00:01:57.280000+00:00
일레븐,2026-01-17,10:26,55000,10,5,teescan,2026-01-04 00:01:57.280000+00:00
일레븐,2026-01-17,10:33,55000,10,5,teescan,2026-01-04 00:01:56.483000+00:00
일레븐,2026-01-17,10:40,55000,10,5,teescan,2026-01-04 02:32:10.620000+00:00
일레븐,2026-01-17,10:47,55000,10,5,teescan,2026-01-04 00:01:57.280000+00:00
일레븐,2026-01-17,10:54,55000,10,5,teescan,2026-01-04 00:01:57.280000+00:00
일레븐,2026-01-17,11:01,55000,11,5,teescan,2026-01-04 00:01:56.483000+00:00
일레븐,2026-01-17,11:08,55000,11,5,teescan,2026-01-04 00:01:57.280000+00:00
일레븐,2026-01-17,11:15,55000,11,5,teescan,2026-01-04 00:01:57.280000+00:00
일레븐,2026-01-17,11:22,55000,11,5,teescan,2026-01-04 00:01:56.483000+00:00
일레븐,2026-01-17,11:29,55000,11,5,teescan,2026-01-04 00:01:57.280000+00:00
일레븐,2026-01-17,11:36,55000,11,5,teescan,2026-01-04 00:01:57.280000+00:00
일레븐,2026-01-17,11:43,55000,11,5,teescan,2026-01-04 00:01:57.280000+00:00
일레븐,2026-01-17,11:50,55000,11,5,teescan,2026-01-04 00:01:57.280000+00:00
일레븐,2026-01-17,11:57,55000,11,5,teescan,2026-01-04 00:01:57.280000+00:00
일레븐,2026-01-17,12:04,55000,12,5,teescan,2026-01-04 00:01:56.483000+00:00
일레븐,2026-01-17,12:11,55000,12,5,teescan,2026-01-04 00:01:56.483000+00:00
진양밸리,2026-01-17,09:30,90000,9,5,teescan,2026-01-04 00:01:57.280000+00:00
진양밸리,2026-01-17,09:37,90000,9,5,teescan,2026-01-04 00:01:57.280000+00:00
진양밸리,2026-01-17,09:44,90000,9,5,teescan,2026-01-04 00:01:57.280000+00:00
진양밸리,2026-01-17,09:51,90000,9,5,teescan,2026-01-04 00:01:57.280000+00:00
진양밸리,2026-01-17,09:58,90000,9,5,teescan,2026-01-04 00:01:57.280000+00:00
진양밸리,2026-01-17,10:05,90000,10,5,teescan,2026-01-04 00:01:57.280000+00:00
진양밸리,2026-01-17,10:12,90000,10,5,teescan,2026-01-04 00:01:57.280000+00:00
진양밸리,2026-01-17,10:19,90000,10,5,teescan,2026-01-04 00:01:57.280000+00:00
진양밸리,2026-01-17,10:26,90000,10,5,teescan,2026-01-04 00:01:57.280000+00:00
진양밸리,2026-01-17,10:33,90000,10,5,teescan,2026-01-04 00:01:57.280000+00:00
진양밸리,2026-01-17,10:40,90000,10,5,teescan,2026-01-04 00:01:57.280000+00:00
진양밸리,2026-01-17,10:47,90000,10,5,teescan,2026-01-04 00:01:57.280000+00:00
진양밸리,2026-01-17,10:54,90000,10,5,teescan,2026-01-04 00:01:57.280000+00:00
진양밸리,2026-01-17,11:01,90000,11,5,teescan,2026-01-06 02:32:27.898000+00:00
진양밸리,2026-01-17,11:08,90000,11,5,teescan,2026-01-04 00:01:57.280000+00:00
진양밸리,2026-01-17,11:15,90000,11,5,teescan,2026-01-04 00:01:57.280000+00:00
진양밸리,2026-01-17,11:22,90000,11,5,teescan,2026-01-04 00:01:57.280000+00:00
진양밸리,2026-01-17,11:29,90000,11,5,teescan,2026-01-04 00:01:57.280000+00:00
진양밸리,2026-01-17,11:36,90000,11,5,teescan,2026-01-04 00:01:57.280000+00:00
진양밸리,2026-01-17,11:43,90000,11,5,teescan,2026-01-04 00:01:57.280000+00:00
진양밸리,2026-01-17,11:50,90000,11,5,teescan,2026-01-04 00:01:57.280000+00:00
코리아,2026-01-17,09:30,170000,9,5,teescan,2026-01-06 02:32:27.898000+00:00
코리아,2026-01-17,09:37,170000,9,5,teescan,2026-01-04 00:01:56.483000+00:00
코리아,2026-01-17,09:44,170000,9,5,teescan,2026-01-04 00:01:56.483000+00:00
코리아,2026-01-17,09:58,170000,9,5,teescan,2026-01-04 00:01:56.483000+00:00
코리아,2026-01-17,10:26,129000,10,5,golfpang,2026-01-06 04:32:21.204000+00:00
코리아,2026-01-17,10:33,170000,10,5,teescan,2026-01-04 00:01:56.483000+00:00
코리아,2026-01-17,10:54,170000,10,5,teescan,2026-01-04 00:01:56.483000+00:00
코리아,2026-01-17,11:08,129000,11,5,golfpang,2026-01-06 04:32:21.204000+00:00
코리아,2026-01-17,11:29,170000,11,5,teescan,2026-01-04 00:01:56.483000+00:00
코리아,2026-01-17,11:43,170000,11,5,teescan,2026-01-06 00:02:08.785000+00:00
코스카,2026-01-17,09:20,80000,9,5,teescan,2026-01-04 00:01:57.280000+00:00
코스카,2026-01-17,09:27,80000,9,5,teescan,2026-01-04 00:01:57.280000+00:00
코스카,2026-01-17,09:34,80000,9,5,teescan,2026-01-04 00:01:56.483000+00:00
코스카,2026-01-17,09:41,80000,9,5,teescan,2026-01-04 00:01:57.280000+00:00
코스카,2026-01-17,09:48,80000,9,5,teescan,2026-01-04 00:01:57.280000+00:00
코스카,2026-01-17,09:55,80000,9,5,teescan,2026-01-04 00:01:57.280000+00:00
코스카,2026-01-17,10:02,80000,10,5,teescan,2026-01-04 00:01:57.280000+00:00
코스카,2026-01-17,10:09,80000,10,5,teescan,2026-01-04 00:01:57.280000+00:00
코스카,2026-01-17,10:16,80000,10,5,teescan,2026-01-04 00:01:57.280000+00:00
코스카,2026-01-17,10:23,80000,10,5,teescan,2026-01-04 00:01:57.280000+00:00
코스카,2026-01-17,10:30,80000,10,5,teescan,2026-01-05 01:31:56.503000+00:00
코스카,2026-01-17,10:37,80000,10,5,teescan,2026-01-04 00:01:57.280000+00:00
코스카,2026-01-17,10:44,80000,10,5,teescan,2026-01-04 00:01:57.280000+00:00
코스카,2026-01-17,10:51,80000,10,5,teescan,2026-01-04 00:01:57.280000+00:00
코스카,2026-01-17,10:58,80000,10,5,teescan,2026-01-04 00:01:57.280000+00:00
코스카,2026-01-17,11:05,80000,11,5,teescan,2026-01-04 00:01:56.483000+00:00
코스카,2026-01-17,11:12,80000,11,5,teescan,2026-01-04 00:01:57.280000+00:00
코스카,2026-01-17,11:19,80000,11,5,teescan,2026-01-04 00:01:57.280000+00:00
코스카,2026-01-17,11:26,80000,11,5,teescan,2026-01-04 00:01:57.280000+00:00
코스카,2026-01-17,11:33,80000,11,5,teescan,2026-01-04 00:01:57.280000+00:00
태광,2026-01-17,09:20,200000,9,5,teescan,2026-01-04 00:01:56.483000+00:00
태광,2026-01-17,09:34,200000,9,5,teescan,2026-01-04 00:01:56.483000+00:00
태광,2026-01-17,09:41,200000,9,5,teescan,2026-01-04 00:01:56.483000+00:00
태광,2026-01-17,09:55,200000,9,5,teescan,2026-01-04 00:01:56.483000+00:00
태광,2026-01-17,10:09,200000,10,5,teescan,2026-01-05 00:02:13.336000+00:00
태광,2026-01-17,10:23,200000,10,5,teescan,2026-01-04 00:01:56.483000+00:00
태광,2026-01-17,10:51,200000,10,5,teescan,2026-01-04 00:01:56.483000+00:00
태광,2026-01-17,10:58,200000,10,5,teescan,2026-01-04 00:01:56.483000+00:00
태광,2026-01-17,11:05,200000,11,5,teescan,2026-01-04 00:01:56.483000+00:00
태광,2026-01-17,11:12,200000,11,5,teescan,2026-01-04 00:01:56.483000+00:00
태광,2026-01-17,11:19,200000,11,5,teescan,2026-01-04 00:01:56.483000+00:00
태광,2026-01-17,11:26,200000,11,5,teescan,2026-01-04 00:01:56.483000+00:00
태광,2026-01-17,11:33,200000,11,5,teescan,2026-01-04 00:01:56.483000+00:00
태광,2026-01-17,11:47,200000,11,5,teescan,2026-01-04 00:01:56.483000+00:00
태광,2026-01-17,11:54,200000,11,5,teescan,2026-01-04 00:01:56.483000+00:00
포웰,2026-01-17,09:49,100000,9,5,golfpang,2026-01-06 03:02:13.212000+00:00
포웰,2026-01-17,10:24,100000,10,5,golfpang,2026-01-06 05:02:09.347000+00:00
포웰,2026-01-17,14:47,60000,14,5,golfpang,2026-01-06 05:02:09.347000+00:00
포웰,2026-01-17,15:01,60000,15,5,teescan,2026-01-05 01:31:56.503000+00:00
플라자용인,2026-01-17,09:28,150000,9,5,teescan,2026-01-04 00:01:56.483000+00:00
플라자용인,2026-01-17,09:30,150000,9,5,teescan,2026-01-06 01:31:53.684000+00:00
플라자용인,2026-01-17,09:34,150000,9,5,teescan,2026-01-04 00:01:56.483000+00:00
플라자용인,2026-01-17,09:41,150000,9,5,teescan,2026-01-04 00:01:56.483000+00:00
플라자용인,2026-01-17,09:42,150000,9,5,teescan,2026-01-04 00:01:56.483000+00:00
플라자용인,2026-01-17,09:48,150000,9,5,teescan,2026-01-04 00:01:56.483000+00:00
플라자용인,2026-01-17,09:49,150000,9,5,teescan,2026-01-04 00:01:56.483000+00:00
플라자용인,2026-01-17,09:55,150000,9,5,teescan,2026-01-04 00:01:56.483000+00:00
플라자용인,2026-01-17,09:56,150000,9,5,teescan,2026-01-04 00:01:56.483000+00:00
플라자용인,2026-01-17,10:02,150000,10,5,teescan,2026-01-04 00:01:56.483000+00:00
플라자용인,2026-01-17,10:03,150000,10,5,teescan,2026-01-04 00:01:56.483000+00:00
플라자용인,2026-01-17,10:09,150000,10,5,teescan,2026-01-04 00:01:56.483000+00:00
플라자용인,2026-01-17,10:10,150000,10,5,teescan,2026-01-04 00:01:56.483000+00:00
플라자용인,2026-01-17,10:16,150000,10,5,teescan,2026-01-04 00:01:56.483000+00:00
플라자용인,2026-01-17,10:17,150000,10,5,teescan,2026-01-04 00:01:56.483000+00:00
플라자용인,2026-01-17,10:23,150000,10,5,teescan,2026-01-04 00:01:56.483000+00:00
플라자용인,2026-01-17,10:24,150000,10,5,teescan,2026-01-04 00:01:56.483000+00:00
플라자용인,2026-01-17,10:31,150000,10,5,teescan,2026-01-04 00:01:56.483000+00:00
플라자용인,2026-01-17,10:37,150000,10,5,teescan,2026-01-04 00:01:56.483000+00:00
플라자용인,2026-01-17,10:38,150000,10,5,teescan,2026-01-04 00:01:56.483000+00:00
플라자용인,2026-01-17,10:44,150000,10,5,teescan,2026-01-04 00:01:56.483000+00:00
플라자용인,2026-01-17,10:52,150000,10,5,teescan,2026-01-04 00:01:56.483000+00:00
플라자용인,2026-01-17,10:58,150000,10,5,teescan,2026-01-04 00:01:56.483000+00:00
플라자용인,2026-01-17,10:59,150000,10,5,teescan,2026-01-04 00:01:56.483000+00:00
플라자용인,2026-01-17,11:00,150000,11,5,golfpang,2026-01-05 07:32:12.533000+00:00
플라자용인,2026-01-17,11:05,150000,11,5,teescan,2026-01-04 00:01:56.483000+00:00
플라자용인,2026-01-17,11:06,150000,11,5,teescan,2026-01-04 00:01:56.483000+00:00
플라자용인,2026-01-17,11:12,150000,11,5,teescan,2026-01-04 00:01:56.483000+00:00
플라자용인,2026-01-17,11:13,150000,11,5,teescan,2026-01-04 00:01:56.483000+00:00
플라자용인,2026-01-17,11:19,150000,11,5,teescan,2026-01-04 00:01:56.483000+00:00
플라자용인,2026-01-17,11:20,150000,11,5,teescan,2026-01-04 00:01:56.483000+00:00
플라자용인,2026-01-17,11:26,150000,11,5,teescan,2026-01-04 00:01:56.483000+00:00
플라자용인,2026-01-17,11:27,150000,11,5,teescan,2026-01-04 00:01:56.483000+00:00
플라자용인,2026-01-17,11:33,150000,11,5,teescan,2026-01-04 00:01:56.483000+00:00
플라자용인,2026-01-17,11:34,150000,11,5,teescan,2026-01-04 00:01:56.483000+00:00
플라자용인,2026-01-17,11:40,150000,11,5,teescan,2026-01-04 00:01:56.483000+00:00
한림용인,2026-01-17,09:30,150000,9,5,teescan,2026-01-04 00:01:56.483000+00:00
한림용인,2026-01-17,09:37,150000,9,5,teescan,2026-01-04 00:01:56.483000+00:00
한림용인,2026-01-17,09:44,150000,9,5,teescan,2026-01-04 00:01:56.483000+00:00
한림용인,2026-01-17,09:51,150000,9,5,teescan,2026-01-04 00:01:56.483000+00:00
한림용인,2026-01-17,09:58,150000,9,5,teescan,2026-01-04 00:01:56.483000+00:00
한림용인,2026-01-17,10:05,150000,10,5,teescan,2026-01-04 00:01:56.483000+00:00
한림용인,2026-01-17,10:12,150000,10,5,teescan,2026-01-04 00:01:56.483000+00:00
한림용인,2026-01-17,10:19,150000,10,5,teescan,2026-01-04 00:01:56.483000+00:00
한림용인,2026-01-17,10:26,150000,10,5,teescan,2026-01-04 00:01:56.483000+00:00
한림용인,2026-01-17,10:33,160000,10,5,teescan,2026-01-04 00:01:56.483000+00:00
한림용인,2026-01-17,10:40,160000,10,5,teescan,2026-01-04 00:01:56.483000+00:00
한림용인,2026-01-17,10:47,160000,10,5,teescan,2026-01-04 00:01:56.483000+00:00
한림용인,2026-01-17,10:54,160000,10,5,teescan,2026-01-04 00:01:56.483000+00:00
한림용인,2026-01-17,11:01,160000,11,5,teescan,2026-01-04 00:01:56.483000+00:00
한림용인,2026-01-17,11:08,160000,11,5,teescan,2026-01-04 00:01:56.483000+00:00
한림용인,2026-01-17,11:15,160000,11,5,teescan,2026-01-04 00:01:56.483000+00:00
한림용인,2026-01-17,11:22,160000,11,5,teescan,2026-01-04 00:01:56.483000+00:00
한림용인,2026-01-17,11:29,160000,11,5,teescan,2026-01-04 00:01:56.483000+00:00
한림용인,2026-01-17,11:36,160000,11,5,teescan,2026-01-04 00:01:56.483000+00:00
한림용인,2026-01-17,11:43,160000,11,5,teescan,2026-01-04 00:01:56.483000+00:00
한림용인,2026-01-17,11:50,160000,11,5,teescan,2026-01-04 00:01:56.483000+00:00
한림용인,2026-01-17,11:57,160000,11,5,teescan,2026-01-04 00:01:56.483000+00:00
한원,2026-01-17,09:35,115000,9,5,teescan,2026-01-04 00:01:56.483000+00:00
한원,2026-01-17,10:10,120000,10,5,teescan,2026-01-04 00:01:56.483000+00:00
한원,2026-01-17,10:17,120000,10,5,teescan,2026-01-04 00:01:56.483000+00:00
한원,2026-01-17,10:24,120000,10,5,teescan,2026-01-04 00:01:56.483000+00:00
한원,2026-01-17,10:59,120000,10,5,teescan,2026-01-04 00:01:56.483000+00:00
한원,2026-01-17,11:06,120000,11,5,teescan,2026-01-04 00:01:56.483000+00:00
한원,2026-01-17,11:13,120000,11,5,teescan,2026-01-04 00:01:56.483000+00:00
한원,2026-01-17,11:27,120000,11,5,teescan,2026-01-04 00:01:56.483000+00:00
한원,2026-01-17,11:34,120000,11,5,teescan,2026-01-04 00:01:56.483000+00:00
해솔리아,2026-01-17,09:00,160000,9,5,teescan,2026-01-04 00:01:56.483000+00:00
해솔리아,2026-01-17,09:07,160000,9,5,teescan,2026-01-04 00:01:56.483000+00:00
해솔리아,2026-01-17,09:14,160000,9,5,teescan,2026-01-04 00:01:56.483000+00:00
해솔리아,2026-01-17,09:21,160000,9,5,teescan,2026-01-04 00:01:56.483000+00:00
해솔리아,2026-01-17,09:28,160000,9,5,teescan,2026-01-04 00:01:56.483000+00:00
해솔리아,2026-01-17,09:35,160000,9,5,teescan,2026-01-04 00:01:56.483000+00:00
해솔리아,2026-01-17,09:42,160000,9,5,teescan,2026-01-04 00:01:56.483000+00:00
해솔리아,2026-01-17,09:49,160000,9,5,teescan,2026-01-04 00:01:56.483000+00:00
해솔리아,2026-01-17,09:56,160000,9,5,teescan,2026-01-04 00:01:56.483000+00:00
해솔리아,2026-01-17,10:03,160000,10,5,teescan,2026-01-04 00:01:56.483000+00:00
해솔리아,2026-01-17,10:10,160000,10,5,teescan,2026-01-04 00:01:56.483000+00:00
해솔리아,2026-01-17,10:17,160000,10,5,teescan,2026-01-04 00:01:56.483000+00:00
해솔리아,2026-01-17,10:24,160000,10,5,teescan,2026-01-04 00:01:56.483000+00:00
해솔리아,2026-01-17,10:31,160000,10,5,teescan,2026-01-04 00:01:56.483000+00:00
해솔리아,2026-01-17,10:38,160000,10,5,teescan,2026-01-04 00:01:56.483000+00:00
해솔리아,2026-01-17,10:45,160000,10,5,teescan,2026-01-04 00:01:56.483000+00:00
해솔리아,2026-01-17,10:52,160000,10,5,teescan,2026-01-04 00:01:56.483000+00:00
해솔리아,2026-01-17,10:59,160000,10,5,teescan,2026-01-04 00:01:56.483000+00:00
해솔리아,2026-01-17,11:06,160000,11,5,teescan,2026-01-04 00:01:56.483000+00:00
해솔리아,2026-01-17,11:13,160000,11,5,teescan,2026-01-04 00:01:56.483000+00:00
해솔리아,2026-01-17,11:20,160000,11,5,teescan,2026-01-04 00:01:56.483000+00:00
해솔리아,2026-01-17,11:27,160000,11,5,teescan,2026-01-04 00:01:56.483000+00:00
화성상록,2026-01-17,11:43,150000,11,5,teescan,2026-01-05 06:02:16.010000+00:00
화성상록,2026-01-17,11:50,150000,11,5,teescan,2026-01-05 06:02:16.010000+00:00
히든밸리,2026-01-17,09:30,80000,9,5,teescan,2026-01-04 00:01:57.280000+00:00
히든밸리,2026-01-17,09:37,80000,9,5,teescan,2026-01-04 00:01:57.280000+00:00
히든밸리,2026-01-17,09:44,80000,9,5,teescan,2026-01-04 00:01:57.280000+00:00
히든밸리,2026-01-17,09:51,80000,9,5,teescan,2026-01-04 00:01:57.280000+00:00
히든밸리,2026-01-17,09:58,80000,9,5,teescan,2026-01-04 00:01:56.483000+00:00
히든밸리,2026-01-17,10:05,80000,10,5,teescan,2026-01-04 00:01:57.280000+00:00
히든밸리,2026-01-17,10:12,80000,10,5,teescan,2026-01-04 00:01:57.280000+00:00
히든밸리,2026-01-17,10:19,80000,10,5,teescan,2026-01-04 00:01:57.280000+00:00
히든밸리,2026-01-17,10:26,80000,10,5,teescan,2026-01-04 00:01:57.280000+00:00
히든밸리,2026-01-17,10:33,80000,10,5,teescan,2026-01-04 00:01:56.483000+00:00
히든밸리,2026-01-17,10:40,80000,10,5,teescan,2026-01-04 00:01:57.280000+00:00
히든밸리,2026-01-17,10:47,80000,10,5,teescan,2026-01-04 00:01:57.280000+00:00
히든밸리,2026-01-17,10:54,80000,10,5,teescan,2026-01-04 00:01:57.280000+00:00
히든밸리,2026-01-17,11:00,80000,11,5,golfpang,2026-01-06 04:32:21.204000+00:00
히든밸리,2026-01-17,11:01,80000,11,5,teescan,2026-01-04 00:01:57.280000+00:00
히든밸리,2026-01-17,11:08,80000,11,5,teescan,2026-01-04 00:01:57.280000+00:00
히든밸리,2026-01-17,11:15,80000,11,5,teescan,2026-01-04 00:01:56.483000+00:00
히든밸리,2026-01-17,11:22,80000,11,5,teescan,2026-01-04 00:01:57.280000+00:00
히든밸리,2026-01-17,11:29,80000,11,5,teescan,2026-01-04 00:01:57.280000+00:00
히든밸리,2026-01-17,11:36,80000,11,5,teescan,2026-01-04 00:01:57.280000+00:00
히든밸리,2026-01-17,11:43,80000,11,5,teescan,2026-01-04 00:01:57.280000+00:00
히든밸리,2026-01-17,11:50,80000,11,5,teescan,2026-01-04 00:01:57.280000+00:00
히든밸리,2026-01-17,11:57,80000,11,5,teescan,2026-01-04 00:01:57.280000+00:00
히든밸리,2026-01-17,12:04,80000,12,5,teescan,2026-01-04 00:01:57.280000+00:00
힐데스,2026-01-17,09:37,60000,9,5,golfpang,2026-01-06 04:32:21.204000+00:00
힐데스,2026-01-17,10:07,70000,10,5,teescan,2026-01-04 00:01:57.280000+00:00
힐데스,2026-01-17,10:14,70000,10,5,teescan,2026-01-04 00:01:57.280000+00:00
힐데스,2026-01-17,10:22,70000,10,5,teescan,2026-01-04 00:01:57.280000+00:00
힐데스,2026-01-17,10:29,70000,10,5,teescan,2026-01-04 00:01:56.483000+00:00
힐데스,2026-01-17,10:37,70000,10,5,teescan,2026-01-04 00:01:57.280000+00:00
힐데스,2026-01-17,10:44,70000,10,5,teescan,2026-01-04 00:01:57.280000+00:00
힐데스,2026-01-17,10:52,70000,10,5,teescan,2026-01-04 00:01:57.280000+00:00
힐데스,2026-01-17,10:59,70000,10,5,teescan,2026-01-04 00:01:57.280000+00:00
힐데스,2026-01-17,11:00,70000,11,5,golfpang,2026-01-06 01:31:53.684000+00:00
힐데스,2026-01-17,11:07,70000,11,5,teescan,2026-01-04 00:01:57.280000+00:00
힐데스,2026-01-17,11:14,70000,11,5,teescan,2026-01-04 00:01:57.280000+00:00
힐데스,2026-01-17,11:22,70000,11,5,teescan,2026-01-04 00:01:56.483000+00:00
힐데스,2026-01-17,11:29,70000,11,5,teescan,2026-01-04 00:01:57.280000+00:00
힐데스,2026-01-17,11:37,70000,11,5,teescan,2026-01-05 23:01:58.494000+00:00
힐데스,2026-01-17,11:44,60000,11,5,golfpang,2026-01-06 04:32:21.204000+00:00
감곡,2026-01-18,09:30,75200,9,6,teescan,2026-01-05 00:02:13.936000+00:00
감곡,2026-01-18,09:37,75200,9,6,teescan,2026-01-05 00:02:13.936000+00:00
감곡,2026-01-18,09:44,75200,9,6,teescan,2026-01-05 00:02:13.936000+00:00
감곡,2026-01-18,09:51,75200,9,6,teescan,2026-01-05 00:02:13.936000+00:00
감곡,2026-01-18,09:58,75200,9,6,teescan,2026-01-05 00:02:13.936000+00:00
감곡,2026-01-18,10:05,75200,10,6,teescan,2026-01-05 00:02:13.936000+00:00
감곡,2026-01-18,10:12,75200,10,6,teescan,2026-01-05 00:02:13.936000+00:00
감곡,2026-01-18,10:19,75200,10,6,teescan,2026-01-05 00:02:13.936000+00:00
감곡,2026-01-18,10:26,75200,10,6,teescan,2026-01-05 00:02:13.936000+00:00
감곡,2026-01-18,10:33,75200,10,6,teescan,2026-01-05 00:02:13.936000+00:00
감곡,2026-01-18,10:40,75200,10,6,teescan,2026-01-05 00:02:13.936000+00:00
감곡,2026-01-18,10:47,75200,10,6,teescan,2026-01-05 00:02:13.936000+00:00
감곡,2026-01-18,10:54,75200,10,6,teescan,2026-01-05 00:02:13.936000+00:00
감곡,2026-01-18,11:01,84600,11,6,teescan,2026-01-05 00:02:13.936000+00:00
감곡,2026-01-18,11:08,84600,11,6,teescan,2026-01-05 00:02:13.936000+00:00
감곡,2026-01-18,11:15,84600,11,6,teescan,2026-01-05 00:02:13.936000+00:00
감곡,2026-01-18,11:22,84600,11,6,teescan,2026-01-05 00:02:13.936000+00:00
감곡,2026-01-18,11:29,84600,11,6,teescan,2026-01-05 00:02:13.936000+00:00
감곡,2026-01-18,11:36,84600,11,6,teescan,2026-01-05 00:02:13.936000+00:00
감곡,2026-01-18,11:43,84600,11,6,teescan,2026-01-05 00:02:13.936000+00:00
감곡,2026-01-18,11:50,84600,11,6,teescan,2026-01-05 00:02:13.936000+00:00
골드,2026-01-18,09:37,160000,9,6,teescan,2026-01-06 00:02:15.931000+00:00
골드,2026-01-18,09:58,119000,9,6,golfpang,2026-01-06 04:32:21.140000+00:00
골드,2026-01-18,10:12,160000,10,6,teescan,2026-01-05 03:02:13.015000+00:00
골드,2026-01-18,10:26,119000,10,6,golfpang,2026-01-06 04:32:21.140000+00:00
골드,2026-01-18,10:47,160000,10,6,teescan,2026-01-05 00:02:13.936000+00:00
골드,2026-01-18,11:36,119000,11,6,golfpang,2026-01-06 04:32:21.140000+00:00
골드,2026-01-18,11:43,160000,11,6,teescan,2026-01-05 00:32:18.411000+00:00
골드,2026-01-18,11:57,160000,11,6,teescan,2026-01-05 00:02:13.936000+00:00
골프존H,2026-01-18,09:43,110000,9,6,teescan,2026-01-05 00:02:13.936000+00:00
골프존H,2026-01-18,09:50,110000,9,6,teescan,2026-01-05 00:02:13.936000+00:00
골프존H,2026-01-18,09:57,110000,9,6,teescan,2026-01-05 00:02:13.936000+00:00
골프존H,2026-01-18,10:04,110000,10,6,teescan,2026-01-05 00:02:13.936000+00:00
골프존H,2026-01-18,10:11,110000,10,6,teescan,2026-01-05 00:02:13.936000+00:00
골프존H,2026-01-18,10:18,110000,10,6,teescan,2026-01-05 00:02:13.936000+00:00
골프존H,2026-01-18,10:25,110000,10,6,teescan,2026-01-05 00:02:13.936000+00:00
골프존H,2026-01-18,10:32,110000,10,6,teescan,2026-01-05 00:02:13.936000+00:00
골프존H,2026-01-18,10:39,110000,10,6,teescan,2026-01-05 00:02:13.936000+00:00
골프존H,2026-01-18,10:46,110000,10,6,teescan,2026-01-05 00:02:13.936000+00:00
골프존H,2026-01-18,10:53,110000,10,6,teescan,2026-01-05 00:02:13.936000+00:00
골프존H,2026-01-18,11:00,110000,11,6,teescan,2026-01-05 00:02:13.936000+00:00
골프존H,2026-01-18,11:07,110000,11,6,teescan,2026-01-05 00:02:13.936000+00:00
골프존H,2026-01-18,11:14,110000,11,6,teescan,2026-01-05 00:02:13.936000+00:00
골프존H,2026-01-18,11:21,110000,11,6,teescan,2026-01-05 00:02:13.936000+00:00
골프존H,2026-01-18,11:28,110000,11,6,teescan,2026-01-05 00:02:13.936000+00:00
골프존H,2026-01-18,11:35,110000,11,6,teescan,2026-01-05 00:02:13.936000+00:00
골프존H,2026-01-18,11:42,110000,11,6,teescan,2026-01-05 00:02:13.936000+00:00
골프존H,2026-01-18,11:49,110000,11,6,teescan,2026-01-05 00:02:13.936000+00:00
골프존H,2026-01-18,11:56,110000,11,6,teescan,2026-01-05 00:02:13.936000+00:00
골프존H,2026-01-18,12:03,110000,12,6,teescan,2026-01-05 00:02:13.936000+00:00
골프존화랑,2026-01-18,09:50,60000,9,6,golfpang,2026-01-06 00:32:24.949000+00:00
골프존화랑,2026-01-18,09:57,50000,9,6,teescan,2026-01-05 01:32:05.797000+00:00
골프존화랑,2026-01-18,10:04,50000,10,6,teescan,2026-01-05 01:32:05.797000+00:00
골프존화랑,2026-01-18,10:39,50000,10,6,teescan,2026-01-05 01:32:05.797000+00:00
골프존화랑,2026-01-18,10:46,60000,10,6,golfpang,2026-01-06 04:32:21.140000+00:00
골프존화랑,2026-01-18,11:07,50000,11,6,teescan,2026-01-05 01:32:05.797000+00:00
골프존화랑,2026-01-18,11:14,50000,11,6,teescan,2026-01-05 01:32:05.797000+00:00
골프존화랑,2026-01-18,11:21,50000,11,6,teescan,2026-01-05 01:32:05.797000+00:00
골프존화랑,2026-01-18,11:28,50000,11,6,teescan,2026-01-05 01:32:05.797000+00:00
골프존화랑,2026-01-18,11:35,50000,11,6,teescan,2026-01-05 01:32:05.797000+00:00
골프존화랑,2026-01-18,11:49,50000,11,6,teescan,2026-01-05 01:32:05.797000+00:00
골프존화랑,2026-01-18,11:56,50000,11,6,teescan,2026-01-05 01:32:05.797000+00:00
골프존화랑,2026-01-18,12:03,60000,12,6,golfpang,2026-01-06 04:32:21.140000+00:00
골프존화랑,2026-01-18,12:10,50000,12,6,teescan,2026-01-05 01:32:05.797000+00:00
대영힐스,2026-01-18,09:27,50000,9,6,teescan,2026-01-05 00:02:14.401000+00:00
대영힐스,2026-01-18,09:34,50000,9,6,teescan,2026-01-05 00:02:14.401000+00:00
대영힐스,2026-01-18,09:41,50000,9,6,teescan,2026-01-05 00:02:13.936000+00:00
대영힐스,2026-01-18,09:48,50000,9,6,teescan,2026-01-05 00:02:14.401000+00:00
대영힐스,2026-01-18,09:55,50000,9,6,teescan,2026-01-05 00:02:14.401000+00:00
대영힐스,2026-01-18,10:02,50000,10,6,teescan,2026-01-05 00:02:14.401000+00:00
대영힐스,2026-01-18,10:09,50000,10,6,teescan,2026-01-05 00:02:13.936000+00:00
대영힐스,2026-01-18,10:16,50000,10,6,teescan,2026-01-05 00:02:14.401000+00:00
대영힐스,2026-01-18,10:30,59000,10,6,teescan,2026-01-05 00:02:13.936000+00:00
대영힐스,2026-01-18,10:37,59000,10,6,teescan,2026-01-05 00:02:14.401000+00:00
대영힐스,2026-01-18,10:44,59000,10,6,teescan,2026-01-05 00:02:14.401000+00:00
대영힐스,2026-01-18,10:51,59000,10,6,teescan,2026-01-05 00:02:14.401000+00:00
대영힐스,2026-01-18,10:58,59000,10,6,teescan,2026-01-05 00:02:14.401000+00:00
대영힐스,2026-01-18,11:05,59000,11,6,teescan,2026-01-05 00:02:14.401000+00:00
대영힐스,2026-01-18,11:12,59000,11,6,teescan,2026-01-05 00:02:14.401000+00:00
대영힐스,2026-01-18,11:19,59000,11,6,teescan,2026-01-05 00:02:13.936000+00:00
대영힐스,2026-01-18,11:26,59000,11,6,teescan,2026-01-05 00:02:14.401000+00:00
대영힐스,2026-01-18,11:33,59000,11,6,teescan,2026-01-05 00:02:14.401000+00:00
대영힐스,2026-01-18,11:40,59000,11,6,teescan,2026-01-05 00:02:14.401000+00:00
대영힐스,2026-01-18,11:47,59000,11,6,teescan,2026-01-05 00:02:14.401000+00:00
대영힐스,2026-01-18,11:54,59000,11,6,teescan,2026-01-05 00:02:14.401000+00:00
대영힐스,2026-01-18,12:01,59000,12,6,teescan,2026-01-05 00:02:13.936000+00:00
더크로스비,2026-01-18,09:58,80000,9,6,teescan,2026-01-05 00:02:13.936000+00:00
더크로스비,2026-01-18,10:12,80000,10,6,teescan,2026-01-05 00:02:13.936000+00:00
더크로스비,2026-01-18,10:19,80000,10,6,teescan,2026-01-05 00:02:13.936000+00:00
더크로스비,2026-01-18,10:26,80000,10,6,teescan,2026-01-05 00:02:13.936000+00:00
더크로스비,2026-01-18,10:33,80000,10,6,teescan,2026-01-05 00:02:13.936000+00:00
더크로스비,2026-01-18,10:54,90000,10,6,golfpang,2026-01-06 04:32:21.140000+00:00
더크로스비,2026-01-18,11:01,80000,11,6,teescan,2026-01-05 00:02:13.936000+00:00
더크로스비,2026-01-18,11:15,80000,11,6,teescan,2026-01-05 00:02:13.936000+00:00
더크로스비,2026-01-18,11:36,80000,11,6,teescan,2026-01-05 00:02:13.936000+00:00
더크로스비,2026-01-18,11:43,80000,11,6,teescan,2026-01-05 00:02:13.936000+00:00
더크로스비,2026-01-18,11:50,80000,11,6,teescan,2026-01-05 00:02:13.936000+00:00
더크로스비,2026-01-18,11:57,80000,11,6,teescan,2026-01-05 00:02:13.936000+00:00
더크로스비,2026-01-18,12:04,80000,12,6,teescan,2026-01-05 00:02:13.936000+00:00
더크로스비,2026-01-18,12:11,80000,12,6,teescan,2026-01-05 00:02:13.936000+00:00
동촌,2026-01-18,09:37,80000,9,6,teescan,2026-01-05 00:02:14.401000+00:00
동촌,2026-01-18,09:44,80000,9,6,teescan,2026-01-05 00:02:14.401000+00:00
동촌,2026-01-18,09:51,80000,9,6,teescan,2026-01-05 00:02:14.401000+00:00
동촌,2026-01-18,10:05,80000,10,6,teescan,2026-01-05 00:02:14.401000+00:00
동촌,2026-01-18,10:12,80000,10,6,teescan,2026-01-05 00:02:14.401000+00:00
동촌,2026-01-18,10:26,80000,10,6,teescan,2026-01-05 00:02:13.936000+00:00
동촌,2026-01-18,10:33,80000,10,6,golfpang,2026-01-06 04:32:21.140000+00:00
동촌,2026-01-18,10:40,80000,10,6,teescan,2026-01-05 00:02:14.401000+00:00
동촌,2026-01-18,10:47,80000,10,6,teescan,2026-01-05 00:02:14.401000+00:00
동촌,2026-01-18,11:01,65000,11,6,golfpang,2026-01-05 00:32:18.411000+00:00
동촌,2026-01-18,11:15,80000,11,6,teescan,2026-01-05 00:02:14.401000+00:00
동촌,2026-01-18,11:43,80000,11,6,teescan,2026-01-05 00:02:14.401000+00:00
동촌,2026-01-18,11:50,80000,11,6,teescan,2026-01-05 00:02:14.401000+00:00
떼제베,2026-01-18,10:00,70000,10,6,teescan,2026-01-05 09:02:31.263000+00:00
떼제베,2026-01-18,10:07,100000,10,6,teescan,2026-01-05 00:02:13.936000+00:00
떼제베,2026-01-18,10:21,70000,10,6,teescan,2026-01-05 09:02:31.263000+00:00
떼제베,2026-01-18,10:49,110000,10,6,teescan,2026-01-05 00:02:13.936000+00:00
떼제베,2026-01-18,10:56,110000,10,6,teescan,2026-01-05 00:02:13.936000+00:00
떼제베,2026-01-18,11:03,80000,11,6,teescan,2026-01-05 09:02:31.263000+00:00
떼제베,2026-01-18,11:17,110000,11,6,golfpang,2026-01-06 04:02:02.920000+00:00
떼제베,2026-01-18,11:52,110000,11,6,teescan,2026-01-05 00:02:13.936000+00:00
떼제베,2026-01-18,11:59,80000,11,6,teescan,2026-01-05 09:02:31.263000+00:00
떼제베,2026-01-18,12:20,100000,12,6,teescan,2026-01-05 00:02:13.936000+00:00
떼제베,2026-01-18,12:27,100000,12,6,teescan,2026-01-05 00:02:13.936000+00:00
라데나,2026-01-18,09:47,120000,9,6,teescan,2026-01-05 02:32:20.188000+00:00
라데나,2026-01-18,09:54,120000,9,6,teescan,2026-01-05 02:32:20.188000+00:00
라데나,2026-01-18,10:01,120000,10,6,teescan,2026-01-05 02:32:20.188000+00:00
라데나,2026-01-18,10:08,120000,10,6,teescan,2026-01-05 02:32:20.188000+00:00
라데나,2026-01-18,10:15,120000,10,6,teescan,2026-01-05 02:32:20.188000+00:00
라데나,2026-01-18,10:22,120000,10,6,teescan,2026-01-05 02:32:20.188000+00:00
라데나,2026-01-18,10:29,120000,10,6,teescan,2026-01-05 02:32:20.188000+00:00
라데나,2026-01-18,10:36,120000,10,6,teescan,2026-01-05 02:32:20.188000+00:00
라데나,2026-01-18,10:43,120000,10,6,teescan,2026-01-05 02:32:20.188000+00:00
라데나,2026-01-18,10:50,120000,10,6,teescan,2026-01-05 02:32:20.188000+00:00
라데나,2026-01-18,10:57,120000,10,6,teescan,2026-01-05 02:32:20.188000+00:00
라데나,2026-01-18,11:04,120000,11,6,teescan,2026-01-05 02:32:20.188000+00:00
라데나,2026-01-18,11:11,120000,11,6,teescan,2026-01-05 02:32:20.188000+00:00
라데나,2026-01-18,11:18,120000,11,6,teescan,2026-01-05 02:32:20.188000+00:00
라데나,2026-01-18,11:25,120000,11,6,teescan,2026-01-05 02:32:20.188000+00:00
라데나,2026-01-18,11:32,120000,11,6,teescan,2026-01-05 02:32:20.188000+00:00
라데나,2026-01-18,11:39,120000,11,6,teescan,2026-01-05 02:32:20.188000+00:00
라데나,2026-01-18,11:46,120000,11,6,teescan,2026-01-05 02:32:20.188000+00:00
라데나,2026-01-18,11:53,120000,11,6,teescan,2026-01-05 02:32:20.188000+00:00
라데나,2026-01-18,12:00,120000,12,6,teescan,2026-01-05 02:32:20.188000+00:00
레싸,2026-01-18,10:05,180000,10,6,teescan,2026-01-05 03:02:13.015000+00:00
레싸,2026-01-18,10:26,180000,10,6,teescan,2026-01-05 03:02:13.015000+00:00
레싸,2026-01-18,10:47,180000,10,6,teescan,2026-01-05 03:02:13.015000+00:00
레싸,2026-01-18,11:36,180000,11,6,teescan,2026-01-05 03:02:13.015000+00:00
레싸,2026-01-18,11:50,180000,11,6,teescan,2026-01-05 03:02:13.015000+00:00
레싸,2026-01-18,12:04,180000,12,6,teescan,2026-01-05 03:02:13.015000+00:00
로얄포레,2026-01-18,09:27,50000,9,6,teescan,2026-01-05 00:02:14.401000+00:00
로얄포레,2026-01-18,09:34,50000,9,6,teescan,2026-01-05 00:02:14.401000+00:00
로얄포레,2026-01-18,09:41,50000,9,6,teescan,2026-01-05 00:02:14.401000+00:00
로얄포레,2026-01-18,09:48,50000,9,6,teescan,2026-01-05 00:02:14.401000+00:00
로얄포레,2026-01-18,09:55,50000,9,6,teescan,2026-01-05 00:02:14.401000+00:00
로얄포레,2026-01-18,10:02,50000,10,6,teescan,2026-01-05 00:02:14.401000+00:00
로얄포레,2026-01-18,10:09,50000,10,6,teescan,2026-01-05 00:02:14.401000+00:00
로얄포레,2026-01-18,10:16,50000,10,6,teescan,2026-01-05 00:02:14.401000+00:00
로얄포레,2026-01-18,10:30,59000,10,6,teescan,2026-01-05 00:02:14.401000+00:00
로얄포레,2026-01-18,10:37,59000,10,6,teescan,2026-01-05 00:02:14.401000+00:00
로얄포레,2026-01-18,10:42,79000,10,6,golfpang,2026-01-06 03:02:21.285000+00:00
로얄포레,2026-01-18,10:44,59000,10,6,teescan,2026-01-05 00:02:14.401000+00:00
로얄포레,2026-01-18,10:51,59000,10,6,teescan,2026-01-05 00:02:14.401000+00:00
로얄포레,2026-01-18,10:58,59000,10,6,teescan,2026-01-05 00:02:14.401000+00:00
로얄포레,2026-01-18,11:03,79000,11,6,golfpang,2026-01-06 04:32:21.140000+00:00
로얄포레,2026-01-18,11:05,59000,11,6,teescan,2026-01-05 00:02:14.401000+00:00
로얄포레,2026-01-18,11:12,59000,11,6,teescan,2026-01-05 00:02:14.401000+00:00
로얄포레,2026-01-18,11:19,59000,11,6,teescan,2026-01-05 00:02:14.401000+00:00
로얄포레,2026-01-18,11:26,59000,11,6,teescan,2026-01-05 00:02:14.401000+00:00
로얄포레,2026-01-18,11:31,69000,11,6,golfpang,2026-01-06 04:32:21.140000+00:00
로얄포레,2026-01-18,11:33,59000,11,6,teescan,2026-01-05 00:02:14.401000+00:00
로얄포레,2026-01-18,11:40,59000,11,6,teescan,2026-01-05 00:02:14.401000+00:00
로얄포레,2026-01-18,11:47,59000,11,6,teescan,2026-01-05 00:02:14.401000+00:00
로얄포레,2026-01-18,11:54,59000,11,6,teescan,2026-01-05 00:02:14.401000+00:00
로얄포레,2026-01-18,12:01,59000,12,6,teescan,2026-01-05 00:02:14.401000+00:00
로얄포레,2026-01-18,12:06,69000,12,6,golfpang,2026-01-05 00:02:13.936000+00:00
리베라,2026-01-18,09:09,170000,9,6,teescan,2026-01-05 00:02:13.936000+00:00
리베라,2026-01-18,09:16,170000,9,6,teescan,2026-01-05 00:02:13.936000+00:00
리베라,2026-01-18,09:23,170000,9,6,teescan,2026-01-05 00:02:13.936000+00:00
리베라,2026-01-18,09:30,170000,9,6,teescan,2026-01-05 00:02:13.936000+00:00
리베라,2026-01-18,09:37,170000,9,6,teescan,2026-01-05 00:02:13.936000+00:00
리베라,2026-01-18,09:44,170000,9,6,teescan,2026-01-05 00:02:13.936000+00:00
리베라,2026-01-18,09:51,170000,9,6,teescan,2026-01-05 00:02:13.936000+00:00
리베라,2026-01-18,09:58,170000,9,6,teescan,2026-01-05 00:02:13.936000+00:00
리베라,2026-01-18,10:05,170000,10,6,teescan,2026-01-05 00:02:13.936000+00:00
리베라,2026-01-18,10:12,170000,10,6,teescan,2026-01-05 00:02:13.936000+00:00
리베라,2026-01-18,10:26,170000,10,6,teescan,2026-01-05 00:02:13.936000+00:00
리베라,2026-01-18,10:33,170000,10,6,teescan,2026-01-05 00:02:13.936000+00:00
리베라,2026-01-18,10:40,170000,10,6,teescan,2026-01-05 00:02:13.936000+00:00
리베라,2026-01-18,10:47,170000,10,6,teescan,2026-01-05 00:02:13.936000+00:00
리베라,2026-01-18,10:54,170000,10,6,teescan,2026-01-05 00:02:13.936000+00:00
리베라,2026-01-18,11:01,170000,11,6,teescan,2026-01-05 00:02:13.936000+00:00
마이다스,2026-01-18,09:51,170000,9,6,teescan,2026-01-05 00:02:13.936000+00:00
마이다스,2026-01-18,10:19,170000,10,6,teescan,2026-01-05 00:02:13.936000+00:00
모나크,2026-01-18,09:40,80000,9,6,teescan,2026-01-05 00:02:13.936000+00:00
모나크,2026-01-18,09:47,80000,9,6,teescan,2026-01-05 00:02:14.401000+00:00
모나크,2026-01-18,09:54,80000,9,6,teescan,2026-01-05 00:02:14.401000+00:00
모나크,2026-01-18,10:01,80000,10,6,teescan,2026-01-05 00:02:14.401000+00:00
모나크,2026-01-18,10:15,80000,10,6,teescan,2026-01-05 00:02:14.401000+00:00
모나크,2026-01-18,10:22,80000,10,6,teescan,2026-01-05 00:02:14.401000+00:00
모나크,2026-01-18,10:29,80000,10,6,teescan,2026-01-05 00:02:13.936000+00:00
모나크,2026-01-18,10:36,80000,10,6,teescan,2026-01-05 00:02:14.401000+00:00
모나크,2026-01-18,10:43,80000,10,6,teescan,2026-01-05 00:02:14.401000+00:00
모나크,2026-01-18,10:50,80000,10,6,teescan,2026-01-05 00:02:14.401000+00:00
모나크,2026-01-18,10:57,80000,10,6,teescan,2026-01-05 00:02:13.936000+00:00
모나크,2026-01-18,11:11,90000,11,6,golfpang,2026-01-06 01:02:22.148000+00:00
벨라스톤,2026-01-18,09:30,69000,9,6,teescan,2026-01-05 09:32:25.500000+00:00
벨라스톤,2026-01-18,09:37,69000,9,6,teescan,2026-01-05 09:32:25.500000+00:00
벨라스톤,2026-01-18,09:44,69000,9,6,teescan,2026-01-05 09:32:25.500000+00:00
벨라스톤,2026-01-18,09:51,69000,9,6,teescan,2026-01-05 09:32:25.500000+00:00
벨라스톤,2026-01-18,09:58,69000,9,6,teescan,2026-01-05 09:32:25.500000+00:00
벨라스톤,2026-01-18,10:05,90000,10,6,teescan,2026-01-05 09:32:25.500000+00:00
벨라스톤,2026-01-18,10:12,90000,10,6,teescan,2026-01-05 09:32:25.500000+00:00
벨라스톤,2026-01-18,10:19,90000,10,6,teescan,2026-01-05 09:32:25.500000+00:00
벨라스톤,2026-01-18,10:26,90000,10,6,teescan,2026-01-05 09:32:25.500000+00:00
벨라스톤,2026-01-18,10:33,90000,10,6,teescan,2026-01-05 09:32:25.500000+00:00
벨라스톤,2026-01-18,10:47,90000,10,6,teescan,2026-01-05 09:32:25.500000+00:00
벨라스톤,2026-01-18,10:54,90000,10,6,teescan,2026-01-05 09:32:25.500000+00:00
벨라스톤,2026-01-18,11:08,100000,11,6,teescan,2026-01-05 09:32:25.500000+00:00
벨라스톤,2026-01-18,11:15,100000,11,6,teescan,2026-01-05 09:32:25.500000+00:00
벨라스톤,2026-01-18,11:22,100000,11,6,teescan,2026-01-05 09:32:25.500000+00:00
벨라스톤,2026-01-18,11:29,100000,11,6,teescan,2026-01-05 09:32:25.500000+00:00
벨라스톤,2026-01-18,11:36,100000,11,6,teescan,2026-01-05 09:32:25.500000+00:00
벨라스톤,2026-01-18,11:43,100000,11,6,teescan,2026-01-05 09:32:25.500000+00:00
벨라스톤,2026-01-18,11:50,100000,11,6,teescan,2026-01-05 09:32:25.500000+00:00
블루원용인,2026-01-18,10:33,130000,10,6,teescan,2026-01-06 03:32:07.265000+00:00
블루원용인,2026-01-18,10:40,130000,10,6,teescan,2026-01-06 03:32:07.265000+00:00
블루원용인,2026-01-18,10:47,130000,10,6,teescan,2026-01-06 03:32:07.265000+00:00
블루원용인,2026-01-18,10:54,130000,10,6,teescan,2026-01-06 03:32:07.265000+00:00
블루원용인,2026-01-18,11:00,120000,11,6,golfpang,2026-01-05 04:32:15.778000+00:00
블루원용인,2026-01-18,11:22,130000,11,6,teescan,2026-01-06 03:32:07.265000+00:00
블루원용인,2026-01-18,11:43,130000,11,6,teescan,2026-01-06 03:32:07.265000+00:00
블루원용인,2026-01-18,11:50,130000,11,6,teescan,2026-01-06 03:32:07.265000+00:00
블루원용인,2026-01-18,12:04,130000,12,6,teescan,2026-01-06 03:32:07.265000+00:00
블루원용인,2026-01-18,12:11,130000,12,6,teescan,2026-01-06 03:32:07.265000+00:00
서산수,2026-01-18,09:20,150000,9,6,teescan,2026-01-05 00:02:14.401000+00:00
서산수,2026-01-18,09:27,150000,9,6,teescan,2026-01-05 00:02:14.401000+00:00
서산수,2026-01-18,09:34,150000,9,6,teescan,2026-01-05 00:02:14.401000+00:00
서산수,2026-01-18,09:41,150000,9,6,teescan,2026-01-05 00:02:14.401000+00:00
서산수,2026-01-18,09:48,150000,9,6,teescan,2026-01-05 00:02:14.401000+00:00
서산수,2026-01-18,09:55,150000,9,6,teescan,2026-01-05 00:02:14.401000+00:00
서산수,2026-01-18,10:02,150000,10,6,teescan,2026-01-05 00:02:14.401000+00:00
서산수,2026-01-18,10:23,150000,10,6,teescan,2026-01-05 00:02:14.401000+00:00
서산수,2026-01-18,10:30,150000,10,6,teescan,2026-01-05 00:02:13.936000+00:00
서산수,2026-01-18,10:44,150000,10,6,teescan,2026-01-05 00:02:14.401000+00:00
서산수,2026-01-18,10:51,150000,10,6,teescan,2026-01-05 00:02:14.401000+00:00
서산수,2026-01-18,10:58,150000,10,6,teescan,2026-01-05 00:02:14.401000+00:00
서산수,2026-01-18,11:12,150000,11,6,teescan,2026-01-05 00:02:14.401000+00:00
서산수,2026-01-18,11:19,150000,11,6,teescan,2026-01-05 00:02:14.401000+00:00
서산수,2026-01-18,11:26,150000,11,6,golfpang,2026-01-06 04:32:21.140000+00:00
서산수,2026-01-18,11:33,150000,11,6,teescan,2026-01-05 00:02:14.401000+00:00
서산수,2026-01-18,11:40,150000,11,6,teescan,2026-01-05 00:02:14.401000+00:00
세현,2026-01-18,09:30,140000,9,6,teescan,2026-01-05 00:02:13.936000+00:00
세현,2026-01-18,09:37,140000,9,6,teescan,2026-01-05 00:02:13.936000+00:00
세현,2026-01-18,09:44,140000,9,6,teescan,2026-01-05 00:02:13.936000+00:00
세현,2026-01-18,09:51,140000,9,6,teescan,2026-01-05 00:02:13.936000+00:00
세현,2026-01-18,09:58,140000,9,6,teescan,2026-01-05 00:02:13.936000+00:00
세현,2026-01-18,10:05,140000,10,6,teescan,2026-01-05 00:02:13.936000+00:00
세현,2026-01-18,10:12,140000,10,6,teescan,2026-01-05 00:02:13.936000+00:00
세현,2026-01-18,10:19,140000,10,6,teescan,2026-01-05 00:02:13.936000+00:00
세현,2026-01-18,10:26,140000,10,6,teescan,2026-01-05 00:02:13.936000+00:00
세현,2026-01-18,10:33,140000,10,6,teescan,2026-01-05 00:02:13.936000+00:00
세현,2026-01-18,10:40,140000,10,6,teescan,2026-01-05 00:02:13.936000+00:00
세현,2026-01-18,10:47,140000,10,6,teescan,2026-01-05 00:02:13.936000+00:00
세현,2026-01-18,10:54,140000,10,6,teescan,2026-01-05 00:02:13.936000+00:00
세현,2026-01-18,11:01,140000,11,6,teescan,2026-01-05 00:02:13.936000+00:00
세현,2026-01-18,11:08,140000,11,6,teescan,2026-01-05 00:02:13.936000+00:00
세현,2026-01-18,11:15,140000,11,6,teescan,2026-01-05 00:02:13.936000+00:00
세현,2026-01-18,11:22,140000,11,6,teescan,2026-01-05 00:02:13.936000+00:00
세현,2026-01-18,11:29,140000,11,6,teescan,2026-01-05 00:02:13.936000+00:00
세현,2026-01-18,11:36,140000,11,6,teescan,2026-01-05 00:02:13.936000+00:00
세현,2026-01-18,11:43,140000,11,6,teescan,2026-01-05 00:02:13.936000+00:00
세현,2026-01-18,11:50,140000,11,6,teescan,2026-01-05 00:02:13.936000+00:00
센추리,2026-01-18,09:30,120000,9,6,teescan,2026-01-06 00:32:24.949000+00:00
센추리,2026-01-18,09:37,120000,9,6,teescan,2026-01-06 00:32:24.949000+00:00
센추리,2026-01-18,09:44,120000,9,6,teescan,2026-01-06 00:32:24.949000+00:00
센추리,2026-01-18,09:51,110000,9,6,teescan,2026-01-06 00:32:24.949000+00:00
센추리,2026-01-18,09:58,120000,9,6,teescan,2026-01-06 00:32:24.949000+00:00
센추리,2026-01-18,10:05,120000,10,6,teescan,2026-01-06 00:32:24.949000+00:00
센추리,2026-01-18,10:12,120000,10,6,teescan,2026-01-06 00:32:24.949000+00:00
센추리,2026-01-18,10:19,120000,10,6,teescan,2026-01-06 00:32:24.949000+00:00
센추리,2026-01-18,10:26,120000,10,6,teescan,2026-01-06 00:32:24.949000+00:00
센추리,2026-01-18,10:33,120000,10,6,teescan,2026-01-06 00:32:24.949000+00:00
센추리,2026-01-18,10:40,120000,10,6,teescan,2026-01-06 00:32:24.949000+00:00
센추리,2026-01-18,10:47,120000,10,6,teescan,2026-01-06 00:32:24.949000+00:00
센추리,2026-01-18,10:54,120000,10,6,teescan,2026-01-06 00:32:24.949000+00:00
센추리,2026-01-18,11:01,120000,11,6,teescan,2026-01-06 00:32:24.949000+00:00
센추리,2026-01-18,11:08,110000,11,6,teescan,2026-01-06 00:32:24.949000+00:00
센추리,2026-01-18,11:15,110000,11,6,teescan,2026-01-06 00:32:24.949000+00:00
센추리,2026-01-18,11:22,110000,11,6,teescan,2026-01-06 00:32:24.949000+00:00
센추리,2026-01-18,11:29,120000,11,6,teescan,2026-01-06 00:32:24.949000+00:00
센추리,2026-01-18,11:36,110000,11,6,teescan,2026-01-06 00:32:24.949000+00:00
센추리,2026-01-18,11:43,110000,11,6,teescan,2026-01-06 00:32:24.949000+00:00
센추리,2026-01-18,11:50,110000,11,6,teescan,2026-01-06 00:32:24.949000+00:00
센추리,2026-01-18,11:57,110000,11,6,teescan,2026-01-06 00:32:24.949000+00:00
수원,2026-01-18,11:29,200000,11,6,teescan,2026-01-05 00:02:13.936000+00:00
수원,2026-01-18,11:50,200000,11,6,teescan,2026-01-05 00:02:13.936000+00:00
수원,2026-01-18,12:04,200000,12,6,teescan,2026-01-05 00:02:13.936000+00:00
시그너스,2026-01-18,09:40,100000,9,6,teescan,2026-01-05 00:02:14.401000+00:00
시그너스,2026-01-18,09:47,100000,9,6,teescan,2026-01-05 00:02:14.401000+00:00
시그너스,2026-01-18,09:54,100000,9,6,teescan,2026-01-05 00:02:14.401000+00:00
시그너스,2026-01-18,10:00,100000,10,6,teescan,2026-01-05 00:02:14.401000+00:00
시그너스,2026-01-18,10:07,100000,10,6,teescan,2026-01-05 00:02:14.401000+00:00
시그너스,2026-01-18,10:14,100000,10,6,teescan,2026-01-05 00:02:14.401000+00:00
시그너스,2026-01-18,10:20,100000,10,6,teescan,2026-01-05 00:02:14.401000+00:00
시그너스,2026-01-18,10:27,100000,10,6,teescan,2026-01-05 00:02:14.401000+00:00
시그너스,2026-01-18,10:34,100000,10,6,teescan,2026-01-05 00:02:14.401000+00:00
시그너스,2026-01-18,10:40,100000,10,6,teescan,2026-01-05 00:02:14.401000+00:00
시그너스,2026-01-18,10:47,100000,10,6,teescan,2026-01-05 00:02:14.401000+00:00
시그너스,2026-01-18,10:54,100000,10,6,teescan,2026-01-05 00:02:14.401000+00:00
시그너스,2026-01-18,11:00,100000,11,6,teescan,2026-01-05 00:02:14.401000+00:00
시그너스,2026-01-18,11:07,100000,11,6,teescan,2026-01-05 00:02:14.401000+00:00
시그너스,2026-01-18,11:14,100000,11,6,teescan,2026-01-05 00:02:14.401000+00:00
시그너스,2026-01-18,11:20,100000,11,6,teescan,2026-01-05 00:02:14.401000+00:00
시그너스,2026-01-18,11:27,100000,11,6,teescan,2026-01-05 00:02:14.401000+00:00
시그너스,2026-01-18,11:34,100000,11,6,teescan,2026-01-05 00:02:14.401000+00:00
시그너스,2026-01-18,11:40,100000,11,6,teescan,2026-01-05 00:02:14.401000+00:00
시그너스,2026-01-18,11:47,100000,11,6,teescan,2026-01-05 00:02:14.401000+00:00
시그너스,2026-01-18,11:54,100000,11,6,teescan,2026-01-05 00:02:14.401000+00:00
시그너스,2026-01-18,12:00,100000,12,6,teescan,2026-01-05 00:02:14.401000+00:00
신라,2026-01-18,09:48,110000,9,6,teescan,2026-01-05 00:02:13.936000+00:00
신라,2026-01-18,09:55,110000,9,6,teescan,2026-01-05 00:02:13.936000+00:00
신라,2026-01-18,10:23,110000,10,6,teescan,2026-01-05 00:02:13.936000+00:00
신라,2026-01-18,10:30,110000,10,6,teescan,2026-01-05 00:02:13.936000+00:00
신라,2026-01-18,10:58,110000,10,6,teescan,2026-01-05 00:02:13.936000+00:00
신라,2026-01-18,11:05,110000,11,6,teescan,2026-01-05 00:02:13.936000+00:00
신라,2026-01-18,11:12,110000,11,6,teescan,2026-01-05 00:02:13.936000+00:00
신라,2026-01-18,11:40,110000,11,6,teescan,2026-01-05 00:02:13.936000+00:00
신라,2026-01-18,11:47,110000,11,6,teescan,2026-01-05 00:02:13.936000+00:00
신라,2026-01-18,12:01,110000,12,6,teescan,2026-01-05 00:02:13.936000+00:00
써닝포인트,2026-01-18,10:05,135000,10,6,teescan,2026-01-05 00:02:13.936000+00:00
써닝포인트,2026-01-18,10:12,135000,10,6,teescan,2026-01-05 00:02:13.936000+00:00
써닝포인트,2026-01-18,10:19,135000,10,6,teescan,2026-01-05 00:02:13.936000+00:00
써닝포인트,2026-01-18,10:26,135000,10,6,teescan,2026-01-05 00:02:13.936000+00:00
써닝포인트,2026-01-18,10:33,135000,10,6,teescan,2026-01-05 00:02:13.936000+00:00
써닝포인트,2026-01-18,10:40,135000,10,6,teescan,2026-01-05 00:02:13.936000+00:00
써닝포인트,2026-01-18,10:47,135000,10,6,teescan,2026-01-05 00:02:13.936000+00:00
써닝포인트,2026-01-18,10:54,135000,10,6,teescan,2026-01-05 00:02:13.936000+00:00
써닝포인트,2026-01-18,11:01,135000,11,6,teescan,2026-01-05 00:02:13.936000+00:00
써닝포인트,2026-01-18,11:08,135000,11,6,teescan,2026-01-05 00:02:13.936000+00:00
써닝포인트,2026-01-18,11:15,135000,11,6,teescan,2026-01-05 00:02:13.936000+00:00
써닝포인트,2026-01-18,11:22,135000,11,6,teescan,2026-01-05 00:02:13.936000+00:00
써닝포인트,2026-01-18,11:29,135000,11,6,teescan,2026-01-05 00:02:13.936000+00:00
써닝포인트,2026-01-18,11:36,135000,11,6,teescan,2026-01-05 00:02:13.936000+00:00
써닝포인트,2026-01-18,11:43,135000,11,6,teescan,2026-01-05 00:02:13.936000+00:00
써닝포인트,2026-01-18,11:50,135000,11,6,teescan,2026-01-05 00:02:13.936000+00:00
써닝포인트,2026-01-18,11:57,135000,11,6,teescan,2026-01-05 00:02:13.936000+00:00
써닝포인트,2026-01-18,12:04,135000,12,6,teescan,2026-01-05 00:02:13.936000+00:00
써닝포인트,2026-01-18,12:11,135000,12,6,teescan,2026-01-05 00:02:13.936000+00:00
써닝포인트,2026-01-18,12:18,135000,12,6,teescan,2026-01-05 00:02:13.936000+00:00
양지파인,2026-01-18,08:00,75000,8,6,teescan,2026-01-05 00:02:13.936000+00:00
양지파인,2026-01-18,08:20,75000,8,6,teescan,2026-01-05 00:02:13.936000+00:00
양지파인,2026-01-18,08:40,75000,8,6,teescan,2026-01-05 00:02:13.936000+00:00
양지파인,2026-01-18,09:30,85000,9,6,teescan,2026-01-05 00:02:13.936000+00:00
양지파인,2026-01-18,09:37,85000,9,6,teescan,2026-01-05 00:02:13.936000+00:00
양지파인,2026-01-18,09:44,85000,9,6,teescan,2026-01-05 00:02:13.936000+00:00
양지파인,2026-01-18,09:51,85000,9,6,teescan,2026-01-05 00:02:13.936000+00:00
양지파인,2026-01-18,09:58,85000,9,6,teescan,2026-01-05 00:02:13.936000+00:00
양지파인,2026-01-18,10:05,85000,10,6,teescan,2026-01-05 00:02:13.936000+00:00
양지파인,2026-01-18,10:19,85000,10,6,teescan,2026-01-05 00:02:13.936000+00:00
양지파인,2026-01-18,10:26,90000,10,6,golfpang,2026-01-06 04:02:02.920000+00:00
양지파인,2026-01-18,10:33,95000,10,6,teescan,2026-01-05 00:02:13.936000+00:00
양지파인,2026-01-18,10:40,95000,10,6,teescan,2026-01-05 00:02:13.936000+00:00
양지파인,2026-01-18,10:47,95000,10,6,teescan,2026-01-05 00:02:13.936000+00:00
양지파인,2026-01-18,11:01,95000,11,6,teescan,2026-01-05 00:02:13.936000+00:00
양지파인,2026-01-18,11:08,95000,11,6,teescan,2026-01-05 00:02:13.936000+00:00
양지파인,2026-01-18,11:15,95000,11,6,teescan,2026-01-05 00:02:13.936000+00:00
양지파인,2026-01-18,11:22,95000,11,6,teescan,2026-01-05 00:02:13.936000+00:00
양지파인,2026-01-18,11:29,95000,11,6,teescan,2026-01-05 00:02:13.936000+00:00
양지파인,2026-01-18,11:36,85000,11,6,teescan,2026-01-05 00:02:13.936000+00:00
양지파인,2026-01-18,11:43,85000,11,6,teescan,2026-01-05 00:02:13.936000+00:00
양지파인,2026-01-18,11:50,85000,11,6,teescan,2026-01-05 00:02:13.936000+00:00
올데이,2026-01-18,10:00,50000,10,6,teescan,2026-01-05 00:02:14.401000+00:00
올데이,2026-01-18,10:07,50000,10,6,teescan,2026-01-05 00:02:14.401000+00:00
올데이,2026-01-18,10:35,50000,10,6,teescan,2026-01-05 00:02:14.401000+00:00
올데이,2026-01-18,10:42,50000,10,6,teescan,2026-01-05 00:02:14.401000+00:00
올데이,2026-01-18,11:03,50000,11,6,teescan,2026-01-05 00:02:14.401000+00:00
올데이,2026-01-18,11:10,50000,11,6,teescan,2026-01-05 00:02:14.401000+00:00
올데이,2026-01-18,11:31,50000,11,6,teescan,2026-01-05 00:02:13.936000+00:00
올데이,2026-01-18,11:38,50000,11,6,teescan,2026-01-05 00:02:14.401000+00:00
올데이,2026-01-18,11:59,50000,11,6,teescan,2026-01-05 00:02:14.401000+00:00
올데이,2026-01-18,12:06,50000,12,6,teescan,2026-01-05 00:02:13.936000+00:00
윈체스트,2026-01-18,09:48,110000,9,6,teescan,2026-01-05 00:02:13.936000+00:00
윈체스트,2026-01-18,09:55,110000,9,6,teescan,2026-01-05 00:02:13.936000+00:00
윈체스트,2026-01-18,10:01,110000,10,6,golfpang,2026-01-05 01:02:03.936000+00:00
윈체스트,2026-01-18,10:23,110000,10,6,teescan,2026-01-05 00:02:13.936000+00:00
윈체스트,2026-01-18,10:30,110000,10,6,teescan,2026-01-05 00:02:13.936000+00:00
윈체스트,2026-01-18,10:36,160000,10,6,golfpang,2026-01-06 03:02:21.285000+00:00
윈체스트,2026-01-18,10:58,110000,10,6,teescan,2026-01-05 00:02:13.936000+00:00
윈체스트,2026-01-18,11:04,160000,11,6,golfpang,2026-01-06 04:02:02.920000+00:00
윈체스트,2026-01-18,11:05,110000,11,6,teescan,2026-01-05 00:02:13.936000+00:00
윈체스트,2026-01-18,11:12,110000,11,6,teescan,2026-01-05 00:02:13.936000+00:00
윈체스트,2026-01-18,11:40,110000,11,6,teescan,2026-01-05 00:02:13.936000+00:00
윈체스트,2026-01-18,11:47,110000,11,6,teescan,2026-01-05 00:02:13.936000+00:00
윈체스트,2026-01-18,12:01,110000,12,6,teescan,2026-01-05 00:02:13.936000+00:00
은화삼,2026-01-18,09:30,130000,9,6,teescan,2026-01-05 00:02:13.936000+00:00
은화삼,2026-01-18,09:51,130000,9,6,teescan,2026-01-05 00:02:13.936000+00:00
은화삼,2026-01-18,10:12,130000,10,6,teescan,2026-01-06 00:02:15.931000+00:00
은화삼,2026-01-18,10:26,160000,10,6,golfpang,2026-01-05 18:02:15.527000+00:00
은화삼,2026-01-18,10:33,130000,10,6,teescan,2026-01-06 00:02:15.931000+00:00
은화삼,2026-01-18,10:54,150000,10,6,teescan,2026-01-06 00:02:15.931000+00:00
은화삼,2026-01-18,11:15,150000,11,6,teescan,2026-01-05 00:02:13.936000+00:00
은화삼,2026-01-18,11:36,150000,11,6,teescan,2026-01-05 00:02:13.936000+00:00
은화삼,2026-01-18,11:57,150000,11,6,teescan,2026-01-05 00:02:13.936000+00:00
이글몬트,2026-01-18,09:30,120000,9,6,teescan,2026-01-05 00:02:13.936000+00:00
이글몬트,2026-01-18,09:37,120000,9,6,teescan,2026-01-05 00:02:13.936000+00:00
이글몬트,2026-01-18,09:44,120000,9,6,teescan,2026-01-05 00:02:13.936000+00:00
이글몬트,2026-01-18,09:51,120000,9,6,teescan,2026-01-05 00:02:13.936000+00:00
이글몬트,2026-01-18,09:58,120000,9,6,teescan,2026-01-05 00:02:13.936000+00:00
이글몬트,2026-01-18,10:05,120000,10,6,teescan,2026-01-05 00:02:13.936000+00:00
이글몬트,2026-01-18,10:12,120000,10,6,teescan,2026-01-05 00:02:13.936000+00:00
이글몬트,2026-01-18,10:19,120000,10,6,teescan,2026-01-05 00:02:13.936000+00:00
이글몬트,2026-01-18,10:26,120000,10,6,teescan,2026-01-05 00:02:13.936000+00:00
이글몬트,2026-01-18,10:33,120000,10,6,teescan,2026-01-05 00:02:13.936000+00:00
이글몬트,2026-01-18,10:40,120000,10,6,teescan,2026-01-05 00:02:13.936000+00:00
이글몬트,2026-01-18,10:47,120000,10,6,teescan,2026-01-05 00:02:13.936000+00:00
이글몬트,2026-01-18,10:54,120000,10,6,teescan,2026-01-05 00:02:13.936000+00:00
이글몬트,2026-01-18,11:01,120000,11,6,teescan,2026-01-05 00:02:13.936000+00:00
이글몬트,2026-01-18,11:08,120000,11,6,teescan,2026-01-05 00:02:13.936000+00:00
이글몬트,2026-01-18,11:15,120000,11,6,teescan,2026-01-05 00:02:13.936000+00:00
이글몬트,2026-01-18,11:22,120000,11,6,teescan,2026-01-05 00:02:13.936000+00:00
이글몬트,2026-01-18,11:29,120000,11,6,teescan,2026-01-05 00:02:13.936000+00:00
이글몬트,2026-01-18,11:36,120000,11,6,teescan,2026-01-05 00:02:13.936000+00:00
이글몬트,2026-01-18,11:43,120000,11,6,teescan,2026-01-05 00:02:13.936000+00:00
이글몬트,2026-01-18,11:50,120000,11,6,teescan,2026-01-05 00:02:13.936000+00:00
일레븐,2026-01-18,09:51,50000,9,6,teescan,2026-01-05 00:02:14.401000+00:00
일레븐,2026-01-18,09:58,50000,9,6,teescan,2026-01-05 00:02:13.936000+00:00
일레븐,2026-01-18,10:05,50000,10,6,teescan,2026-01-05 00:02:14.401000+00:00
일레븐,2026-01-18,10:12,50000,10,6,teescan,2026-01-05 00:02:14.401000+00:00
일레븐,2026-01-18,10:19,50000,10,6,teescan,2026-01-05 00:02:14.401000+00:00
일레븐,2026-01-18,10:26,50000,10,6,teescan,2026-01-05 00:02:14.401000+00:00
일레븐,2026-01-18,10:33,50000,10,6,teescan,2026-01-05 00:02:13.936000+00:00
일레븐,2026-01-18,10:40,50000,10,6,teescan,2026-01-05 00:02:13.936000+00:00
일레븐,2026-01-18,10:47,50000,10,6,teescan,2026-01-05 00:02:14.401000+00:00
일레븐,2026-01-18,10:54,50000,10,6,teescan,2026-01-05 00:02:14.401000+00:00
일레븐,2026-01-18,11:01,50000,11,6,teescan,2026-01-05 00:02:13.936000+00:00
일레븐,2026-01-18,11:08,50000,11,6,teescan,2026-01-05 00:02:14.401000+00:00
일레븐,2026-01-18,11:15,50000,11,6,teescan,2026-01-05 00:02:14.401000+00:00
일레븐,2026-01-18,11:22,50000,11,6,teescan,2026-01-05 00:02:14.401000+00:00
일레븐,2026-01-18,11:29,50000,11,6,teescan,2026-01-05 00:02:14.401000+00:00
일레븐,2026-01-18,11:36,50000,11,6,teescan,2026-01-05 00:02:14.401000+00:00
일레븐,2026-01-18,11:43,50000,11,6,teescan,2026-01-05 00:02:14.401000+00:00
일레븐,2026-01-18,11:50,50000,11,6,teescan,2026-01-05 00:02:14.401000+00:00
일레븐,2026-01-18,11:57,50000,11,6,teescan,2026-01-05 00:02:13.936000+00:00
일레븐,2026-01-18,12:04,50000,12,6,teescan,2026-01-05 00:02:13.936000+00:00
일레븐,2026-01-18,12:11,50000,12,6,teescan,2026-01-05 00:02:13.936000+00:00
진양밸리,2026-01-18,09:30,80000,9,6,teescan,2026-01-05 00:02:14.401000+00:00
진양밸리,2026-01-18,09:37,80000,9,6,teescan,2026-01-05 00:02:14.401000+00:00
진양밸리,2026-01-18,09:44,80000,9,6,teescan,2026-01-05 00:02:14.401000+00:00
진양밸리,2026-01-18,09:51,80000,9,6,teescan,2026-01-05 00:02:14.401000+00:00
진양밸리,2026-01-18,09:58,80000,9,6,teescan,2026-01-05 00:02:14.401000+00:00
진양밸리,2026-01-18,10:05,80000,10,6,teescan,2026-01-05 00:02:14.401000+00:00
진양밸리,2026-01-18,10:12,80000,10,6,teescan,2026-01-05 00:02:14.401000+00:00
진양밸리,2026-01-18,10:19,80000,10,6,teescan,2026-01-05 00:02:14.401000+00:00
진양밸리,2026-01-18,10:26,80000,10,6,teescan,2026-01-05 00:02:14.401000+00:00
진양밸리,2026-01-18,10:33,80000,10,6,teescan,2026-01-05 00:02:14.401000+00:00
진양밸리,2026-01-18,10:40,80000,10,6,teescan,2026-01-05 00:02:14.401000+00:00
진양밸리,2026-01-18,10:47,80000,10,6,teescan,2026-01-05 00:02:14.401000+00:00
진양밸리,2026-01-18,10:54,80000,10,6,teescan,2026-01-05 00:02:14.401000+00:00
진양밸리,2026-01-18,11:01,80000,11,6,teescan,2026-01-05 00:02:14.401000+00:00
진양밸리,2026-01-18,11:08,80000,11,6,teescan,2026-01-05 00:02:14.401000+00:00
진양밸리,2026-01-18,11:15,80000,11,6,teescan,2026-01-05 00:02:14.401000+00:00
진양밸리,2026-01-18,11:22,80000,11,6,teescan,2026-01-05 00:02:14.401000+00:00
진양밸리,2026-01-18,11:29,80000,11,6,teescan,2026-01-05 00:02:14.401000+00:00
진양밸리,2026-01-18,11:36,80000,11,6,teescan,2026-01-05 00:02:14.401000+00:00
진양밸리,2026-01-18,11:43,80000,11,6,teescan,2026-01-05 00:02:14.401000+00:00
진양밸리,2026-01-18,11:50,80000,11,6,teescan,2026-01-05 00:02:14.401000+00:00
코리아,2026-01-18,09:30,170000,9,6,teescan,2026-01-06 00:02:15.931000+00:00
코리아,2026-01-18,09:37,170000,9,6,teescan,2026-01-05 00:02:13.936000+00:00
코리아,2026-01-18,09:51,170000,9,6,teescan,2026-01-05 00:02:13.936000+00:00
코리아,2026-01-18,09:58,129000,9,6,golfpang,2026-01-06 03:32:07.265000+00:00
코리아,2026-01-18,10:26,129000,10,6,golfpang,2026-01-06 04:32:21.140000+00:00
코리아,2026-01-18,10:40,170000,10,6,teescan,2026-01-05 00:02:13.936000+00:00
코리아,2026-01-18,11:15,170000,11,6,teescan,2026-01-05 00:02:13.936000+00:00
코리아,2026-01-18,11:36,129000,11,6,golfpang,2026-01-06 04:32:21.140000+00:00
코리아,2026-01-18,11:43,170000,11,6,teescan,2026-01-06 02:32:32.375000+00:00
코스카,2026-01-18,09:20,70000,9,6,teescan,2026-01-05 00:02:14.401000+00:00
코스카,2026-01-18,09:27,70000,9,6,teescan,2026-01-05 00:02:14.401000+00:00
코스카,2026-01-18,09:34,70000,9,6,teescan,2026-01-05 00:02:13.936000+00:00
코스카,2026-01-18,09:41,70000,9,6,teescan,2026-01-05 00:02:14.401000+00:00
코스카,2026-01-18,09:48,70000,9,6,teescan,2026-01-05 00:02:14.401000+00:00
코스카,2026-01-18,09:55,70000,9,6,teescan,2026-01-05 00:02:14.401000+00:00
코스카,2026-01-18,10:02,70000,10,6,teescan,2026-01-05 00:02:14.401000+00:00
코스카,2026-01-18,10:09,70000,10,6,teescan,2026-01-05 00:02:14.401000+00:00
코스카,2026-01-18,10:16,70000,10,6,teescan,2026-01-05 00:02:14.401000+00:00
코스카,2026-01-18,10:23,70000,10,6,teescan,2026-01-05 00:02:14.401000+00:00
코스카,2026-01-18,10:30,70000,10,6,teescan,2026-01-05 00:02:14.401000+00:00
코스카,2026-01-18,10:37,70000,10,6,teescan,2026-01-05 00:02:14.401000+00:00
코스카,2026-01-18,10:44,70000,10,6,teescan,2026-01-05 00:02:14.401000+00:00
코스카,2026-01-18,10:51,70000,10,6,golfpang,2026-01-06 01:02:22.148000+00:00
코스카,2026-01-18,11:05,70000,11,6,teescan,2026-01-05 00:02:13.936000+00:00
코스카,2026-01-18,11:12,70000,11,6,teescan,2026-01-05 00:02:14.401000+00:00
코스카,2026-01-18,11:19,70000,11,6,teescan,2026-01-05 00:02:14.401000+00:00
코스카,2026-01-18,11:26,70000,11,6,teescan,2026-01-05 00:02:14.401000+00:00
코스카,2026-01-18,11:33,70000,11,6,teescan,2026-01-05 00:02:14.401000+00:00
태광,2026-01-18,09:41,200000,9,6,teescan,2026-01-05 00:02:13.936000+00:00
태광,2026-01-18,10:02,200000,10,6,teescan,2026-01-05 00:02:13.936000+00:00
태광,2026-01-18,10:09,200000,10,6,teescan,2026-01-05 00:02:13.936000+00:00
태광,2026-01-18,10:16,200000,10,6,teescan,2026-01-05 00:02:13.936000+00:00
태광,2026-01-18,10:23,200000,10,6,teescan,2026-01-05 00:02:13.936000+00:00
태광,2026-01-18,10:44,200000,10,6,teescan,2026-01-05 00:02:13.936000+00:00
태광,2026-01-18,10:51,200000,10,6,teescan,2026-01-05 00:02:13.936000+00:00
태광,2026-01-18,11:19,200000,11,6,teescan,2026-01-05 00:02:13.936000+00:00
태광,2026-01-18,11:33,200000,11,6,teescan,2026-01-05 00:02:13.936000+00:00
태광,2026-01-18,11:54,200000,11,6,teescan,2026-01-05 00:02:13.936000+00:00
포웰,2026-01-18,09:56,90000,9,6,golfpang,2026-01-06 04:02:02.920000+00:00
포웰,2026-01-18,10:59,100000,10,6,teescan,2026-01-05 01:32:05.797000+00:00
포웰,2026-01-18,14:54,60000,14,6,teescan,2026-01-05 01:32:05.797000+00:00
포웰,2026-01-18,15:08,60000,15,6,golfpang,2026-01-06 02:32:32.375000+00:00
플라자용인,2026-01-18,09:27,150000,9,6,teescan,2026-01-05 00:02:13.936000+00:00
플라자용인,2026-01-18,09:28,150000,9,6,teescan,2026-01-05 00:02:13.936000+00:00
플라자용인,2026-01-18,09:34,150000,9,6,teescan,2026-01-05 00:02:13.936000+00:00
플라자용인,2026-01-18,09:35,150000,9,6,teescan,2026-01-05 00:02:13.936000+00:00
플라자용인,2026-01-18,09:49,150000,9,6,teescan,2026-01-05 00:02:13.936000+00:00
플라자용인,2026-01-18,09:56,150000,9,6,teescan,2026-01-05 00:02:13.936000+00:00
플라자용인,2026-01-18,10:03,150000,10,6,teescan,2026-01-05 00:02:13.936000+00:00
플라자용인,2026-01-18,10:16,150000,10,6,teescan,2026-01-05 00:02:13.936000+00:00
플라자용인,2026-01-18,10:23,150000,10,6,teescan,2026-01-05 00:02:13.936000+00:00
플라자용인,2026-01-18,10:24,150000,10,6,teescan,2026-01-05 00:02:13.936000+00:00
플라자용인,2026-01-18,10:30,150000,10,6,teescan,2026-01-05 00:02:13.936000+00:00
플라자용인,2026-01-18,10:31,150000,10,6,teescan,2026-01-05 00:02:13.936000+00:00
플라자용인,2026-01-18,10:37,150000,10,6,teescan,2026-01-05 00:02:13.936000+00:00
플라자용인,2026-01-18,10:38,150000,10,6,teescan,2026-01-05 00:02:13.936000+00:00
플라자용인,2026-01-18,10:44,150000,10,6,teescan,2026-01-05 00:02:13.936000+00:00
플라자용인,2026-01-18,10:45,150000,10,6,teescan,2026-01-05 00:02:13.936000+00:00
플라자용인,2026-01-18,10:51,150000,10,6,teescan,2026-01-06 03:32:07.265000+00:00
플라자용인,2026-01-18,10:52,150000,10,6,teescan,2026-01-05 00:02:13.936000+00:00
플라자용인,2026-01-18,10:58,150000,10,6,teescan,2026-01-05 00:02:13.936000+00:00
플라자용인,2026-01-18,10:59,150000,10,6,teescan,2026-01-05 00:02:13.936000+00:00
플라자용인,2026-01-18,11:06,150000,11,6,teescan,2026-01-05 02:32:20.188000+00:00
플라자용인,2026-01-18,11:13,150000,11,6,teescan,2026-01-05 03:02:13.015000+00:00
플라자용인,2026-01-18,11:19,150000,11,6,teescan,2026-01-05 00:02:13.936000+00:00
플라자용인,2026-01-18,11:20,150000,11,6,teescan,2026-01-05 00:02:13.936000+00:00
플라자용인,2026-01-18,11:26,150000,11,6,teescan,2026-01-05 00:02:13.936000+00:00
플라자용인,2026-01-18,11:27,150000,11,6,teescan,2026-01-05 00:02:13.936000+00:00
플라자용인,2026-01-18,11:33,150000,11,6,teescan,2026-01-05 00:02:13.936000+00:00
플라자용인,2026-01-18,11:34,150000,11,6,teescan,2026-01-05 00:02:13.936000+00:00
플라자용인,2026-01-18,11:40,150000,11,6,teescan,2026-01-05 00:02:13.936000+00:00
플라자용인,2026-01-18,11:41,150000,11,6,teescan,2026-01-06 00:32:24.949000+00:00
한림용인,2026-01-18,09:30,140000,9,6,teescan,2026-01-05 00:02:13.936000+00:00
한림용인,2026-01-18,09:37,140000,9,6,teescan,2026-01-05 00:02:13.936000+00:00
한림용인,2026-01-18,09:44,140000,9,6,teescan,2026-01-05 00:02:13.936000+00:00
한림용인,2026-01-18,09:51,140000,9,6,teescan,2026-01-05 00:02:13.936000+00:00
한림용인,2026-01-18,09:58,140000,9,6,teescan,2026-01-05 00:02:13.936000+00:00
한림용인,2026-01-18,10:05,140000,10,6,teescan,2026-01-05 00:02:13.936000+00:00
한림용인,2026-01-18,10:12,140000,10,6,teescan,2026-01-05 00:02:13.936000+00:00
한림용인,2026-01-18,10:19,140000,10,6,teescan,2026-01-05 00:02:13.936000+00:00
한림용인,2026-01-18,10:26,140000,10,6,teescan,2026-01-05 00:02:13.936000+00:00
한림용인,2026-01-18,10:33,150000,10,6,teescan,2026-01-05 00:02:13.936000+00:00
한림용인,2026-01-18,10:40,150000,10,6,teescan,2026-01-05 00:02:13.936000+00:00
한림용인,2026-01-18,10:47,150000,10,6,teescan,2026-01-05 00:02:13.936000+00:00
한림용인,2026-01-18,10:54,150000,10,6,teescan,2026-01-05 00:02:13.936000+00:00
한림용인,2026-01-18,11:01,150000,11,6,teescan,2026-01-05 00:02:13.936000+00:00
한림용인,2026-01-18,11:08,150000,11,6,teescan,2026-01-05 00:02:13.936000+00:00
한림용인,2026-01-18,11:15,150000,11,6,teescan,2026-01-05 00:02:13.936000+00:00
한림용인,2026-01-18,11:22,150000,11,6,teescan,2026-01-05 00:02:13.936000+00:00
한림용인,2026-01-18,11:29,150000,11,6,teescan,2026-01-05 00:02:13.936000+00:00
한림용인,2026-01-18,11:36,150000,11,6,teescan,2026-01-05 00:02:13.936000+00:00
한림용인,2026-01-18,11:43,150000,11,6,teescan,2026-01-05 00:02:13.936000+00:00
한림용인,2026-01-18,11:50,150000,11,6,teescan,2026-01-05 00:02:13.936000+00:00
한림용인,2026-01-18,11:57,150000,11,6,teescan,2026-01-05 00:02:13.936000+00:00
한원,2026-01-18,09:35,115000,9,6,teescan,2026-01-05 00:02:13.936000+00:00
한원,2026-01-18,09:42,115000,9,6,teescan,2026-01-05 00:02:13.936000+00:00
한원,2026-01-18,09:49,115000,9,6,teescan,2026-01-05 00:02:13.936000+00:00
한원,2026-01-18,09:56,115000,9,6,teescan,2026-01-05 00:02:13.936000+00:00
한원,2026-01-18,10:03,120000,10,6,teescan,2026-01-05 00:02:13.936000+00:00
한원,2026-01-18,10:17,120000,10,6,teescan,2026-01-05 00:02:13.936000+00:00
한원,2026-01-18,10:24,120000,10,6,teescan,2026-01-05 00:02:13.936000+00:00
한원,2026-01-18,10:52,120000,10,6,teescan,2026-01-05 00:02:13.936000+00:00
한원,2026-01-18,10:59,120000,10,6,teescan,2026-01-05 00:02:13.936000+00:00
한원,2026-01-18,11:06,120000,11,6,teescan,2026-01-05 00:02:13.936000+00:00
한원,2026-01-18,11:13,120000,11,6,teescan,2026-01-05 00:02:13.936000+00:00
한원,2026-01-18,11:20,120000,11,6,teescan,2026-01-05 00:02:13.936000+00:00
한원,2026-01-18,11:41,120000,11,6,teescan,2026-01-05 00:02:13.936000+00:00
한원,2026-01-18,11:48,120000,11,6,teescan,2026-01-05 00:02:13.936000+00:00
해솔리아,2026-01-18,09:00,160000,9,6,teescan,2026-01-05 00:02:13.936000+00:00
해솔리아,2026-01-18,09:07,160000,9,6,teescan,2026-01-05 00:02:13.936000+00:00
해솔리아,2026-01-18,09:14,160000,9,6,teescan,2026-01-05 00:02:13.936000+00:00
해솔리아,2026-01-18,09:21,160000,9,6,teescan,2026-01-05 00:02:13.936000+00:00
해솔리아,2026-01-18,09:28,160000,9,6,teescan,2026-01-05 00:02:13.936000+00:00
해솔리아,2026-01-18,09:35,160000,9,6,teescan,2026-01-05 00:02:13.936000+00:00
해솔리아,2026-01-18,09:42,160000,9,6,teescan,2026-01-05 00:02:13.936000+00:00
해솔리아,2026-01-18,09:49,160000,9,6,teescan,2026-01-05 00:02:13.936000+00:00
해솔리아,2026-01-18,09:56,160000,9,6,teescan,2026-01-05 00:02:13.936000+00:00
해솔리아,2026-01-18,10:03,160000,10,6,teescan,2026-01-05 00:02:13.936000+00:00
해솔리아,2026-01-18,10:10,160000,10,6,teescan,2026-01-05 00:02:13.936000+00:00
해솔리아,2026-01-18,10:17,160000,10,6,teescan,2026-01-05 00:02:13.936000+00:00
해솔리아,2026-01-18,10:24,160000,10,6,teescan,2026-01-05 00:02:13.936000+00:00
해솔리아,2026-01-18,10:31,160000,10,6,teescan,2026-01-05 00:02:13.936000+00:00
해솔리아,2026-01-18,10:38,160000,10,6,teescan,2026-01-05 00:02:13.936000+00:00
해솔리아,2026-01-18,10:45,160000,10,6,teescan,2026-01-05 00:02:13.936000+00:00
해솔리아,2026-01-18,10:52,160000,10,6,teescan,2026-01-05 00:02:13.936000+00:00
해솔리아,2026-01-18,10:59,160000,10,6,teescan,2026-01-05 00:02:13.936000+00:00
해솔리아,2026-01-18,11:06,160000,11,6,teescan,2026-01-05 00:02:13.936000+00:00
해솔리아,2026-01-18,11:13,160000,11,6,teescan,2026-01-05 00:02:13.936000+00:00
해솔리아,2026-01-18,11:20,160000,11,6,teescan,2026-01-05 00:02:13.936000+00:00
해솔리아,2026-01-18,11:27,160000,11,6,teescan,2026-01-05 00:02:13.936000+00:00
화성상록,2026-01-18,10:05,150000,10,6,teescan,2026-01-05 06:02:24.830000+00:00
화성상록,2026-01-18,10:26,150000,10,6,teescan,2026-01-05 06:02:24.830000+00:00
화성상록,2026-01-18,11:01,150000,11,6,teescan,2026-01-05 06:02:24.830000+00:00
화성상록,2026-01-18,11:08,150000,11,6,teescan,2026-01-05 06:02:24.830000+00:00
화성상록,2026-01-18,11:22,150000,11,6,teescan,2026-01-05 06:02:24.830000+00:00
히든밸리,2026-01-18,09:37,70000,9,6,teescan,2026-01-05 00:02:13.936000+00:00
히든밸리,2026-01-18,09:44,70000,9,6,teescan,2026-01-05 00:02:14.401000+00:00
히든밸리,2026-01-18,09:51,70000,9,6,teescan,2026-01-05 00:02:14.401000+00:00
히든밸리,2026-01-18,09:58,70000,9,6,teescan,2026-01-05 00:02:14.401000+00:00
히든밸리,2026-01-18,10:05,70000,10,6,teescan,2026-01-05 00:02:14.401000+00:00
히든밸리,2026-01-18,10:12,70000,10,6,teescan,2026-01-05 00:02:14.401000+00:00
히든밸리,2026-01-18,10:19,70000,10,6,teescan,2026-01-05 00:02:14.401000+00:00
히든밸리,2026-01-18,10:26,70000,10,6,teescan,2026-01-05 00:02:14.401000+00:00
히든밸리,2026-01-18,10:33,70000,10,6,teescan,2026-01-05 00:02:13.936000+00:00
히든밸리,2026-01-18,10:47,70000,10,6,teescan,2026-01-05 00:02:14.401000+00:00
히든밸리,2026-01-18,10:54,70000,10,6,teescan,2026-01-05 00:02:14.401000+00:00
히든밸리,2026-01-18,11:01,70000,11,6,teescan,2026-01-05 00:02:13.936000+00:00
히든밸리,2026-01-18,11:08,70000,11,6,teescan,2026-01-05 00:02:14.401000+00:00
히든밸리,2026-01-18,11:29,70000,11,6,teescan,2026-01-05 00:02:14.401000+00:00
히든밸리,2026-01-18,11:36,70000,11,6,teescan,2026-01-05 00:02:14.401000+00:00
히든밸리,2026-01-18,11:43,70000,11,6,teescan,2026-01-05 00:02:14.401000+00:00
히든밸리,2026-01-18,11:50,70000,11,6,teescan,2026-01-05 00:02:14.401000+00:00
히든밸리,2026-01-18,11:57,70000,11,6,teescan,2026-01-05 00:02:14.401000+00:00
히든밸리,2026-01-18,12:04,70000,12,6,teescan,2026-01-05 00:02:13.936000+00:00
히든밸리,2026-01-18,12:11,70000,12,6,teescan,2026-01-05 00:02:14.401000+00:00
힐데스,2026-01-18,09:37,65000,9,6,teescan,2026-01-05 04:32:15.778000+00:00
힐데스,2026-01-18,09:44,65000,9,6,teescan,2026-01-05 04:32:15.778000+00:00
힐데스,2026-01-18,09:52,60000,9,6,teescan,2026-01-05 00:02:13.936000+00:00
힐데스,2026-01-18,10:07,70000,10,6,teescan,2026-01-05 00:02:14.401000+00:00
힐데스,2026-01-18,10:14,70000,10,6,teescan,2026-01-05 00:02:14.401000+00:00
힐데스,2026-01-18,10:22,70000,10,6,teescan,2026-01-05 00:02:14.401000+00:00
힐데스,2026-01-18,10:29,70000,10,6,teescan,2026-01-05 00:02:14.401000+00:00
힐데스,2026-01-18,10:37,70000,10,6,teescan,2026-01-05 00:02:14.401000+00:00
힐데스,2026-01-18,10:44,70000,10,6,teescan,2026-01-05 00:02:14.401000+00:00
힐데스,2026-01-18,10:52,70000,10,6,teescan,2026-01-05 00:02:14.401000+00:00
힐데스,2026-01-18,10:59,70000,10,6,teescan,2026-01-05 00:02:14.401000+00:00
힐데스,2026-01-18,11:07,70000,11,6,teescan,2026-01-05 00:02:14.401000+00:00
힐데스,2026-01-18,11:14,70000,11,6,teescan,2026-01-05 00:02:14.401000+00:00
힐데스,2026-01-18,11:22,70000,11,6,teescan,2026-01-05 00:02:14.401000+00:00
힐데스,2026-01-18,11:29,70000,11,6,teescan,2026-01-05 00:02:14.401000+00:00
힐데스,2026-01-18,11:44,60000,11,6,teescan,2026-01-05 00:02:14.401000+00:00
힐데스,2026-01-18,11:52,60000,11,6,teescan,2026-01-05 00:02:14.401000+00:00
힐데스,2026-01-18,11:59,60000,11,6,teescan,2026-01-05 00:02:14.401000+00:00
감곡,2026-01-19,09:30,56400,9,0,teescan,2026-01-06 00:02:19.922000+00:00
감곡,2026-01-19,09:37,56400,9,0,teescan,2026-01-06 00:02:19.922000+00:00
감곡,2026-01-19,09:44,56400,9,0,teescan,2026-01-06 00:02:19.922000+00:00
감곡,2026-01-19,09:51,56400,9,0,teescan,2026-01-06 00:02:19.922000+00:00
감곡,2026-01-19,09:58,56400,9,0,teescan,2026-01-06 00:02:19.922000+00:00
감곡,2026-01-19,10:05,56400,10,0,teescan,2026-01-06 00:02:19.922000+00:00
감곡,2026-01-19,10:12,56400,10,0,teescan,2026-01-06 00:02:19.922000+00:00
감곡,2026-01-19,10:19,56400,10,0,teescan,2026-01-06 00:02:19.922000+00:00
감곡,2026-01-19,10:26,56400,10,0,teescan,2026-01-06 00:02:19.922000+00:00
감곡,2026-01-19,10:33,56400,10,0,teescan,2026-01-06 00:02:19.922000+00:00
감곡,2026-01-19,10:40,56400,10,0,teescan,2026-01-06 00:02:19.922000+00:00
감곡,2026-01-19,10:47,56400,10,0,teescan,2026-01-06 00:02:19.922000+00:00
감곡,2026-01-19,10:54,56400,10,0,teescan,2026-01-06 00:02:19.922000+00:00
감곡,2026-01-19,11:01,65800,11,0,teescan,2026-01-06 00:02:19.922000+00:00
감곡,2026-01-19,11:08,65800,11,0,teescan,2026-01-06 00:02:19.922000+00:00
감곡,2026-01-19,11:15,65800,11,0,teescan,2026-01-06 00:02:19.922000+00:00
감곡,2026-01-19,11:22,65800,11,0,teescan,2026-01-06 00:02:19.922000+00:00
감곡,2026-01-19,11:29,65800,11,0,teescan,2026-01-06 00:02:19.922000+00:00
감곡,2026-01-19,11:36,65800,11,0,teescan,2026-01-06 00:02:19.922000+00:00
감곡,2026-01-19,11:43,65800,11,0,teescan,2026-01-06 00:02:19.922000+00:00
감곡,2026-01-19,11:50,65800,11,0,teescan,2026-01-06 00:02:19.922000+00:00
골드,2026-01-19,09:30,140000,9,0,teescan,2026-01-06 00:02:19.922000+00:00
골드,2026-01-19,09:58,99000,9,0,golfpang,2026-01-06 03:32:12.884000+00:00
골드,2026-01-19,10:05,140000,10,0,teescan,2026-01-06 00:02:19.922000+00:00
골드,2026-01-19,10:26,99000,10,0,golfpang,2026-01-06 04:32:25.826000+00:00
골드,2026-01-19,11:15,140000,11,0,teescan,2026-01-06 00:02:19.922000+00:00
골드,2026-01-19,11:36,99000,11,0,golfpang,2026-01-06 04:32:25.826000+00:00
골드,2026-01-19,11:43,140000,11,0,teescan,2026-01-06 00:02:19.922000+00:00
골프존H,2026-01-19,09:43,70000,9,0,teescan,2026-01-06 00:02:19.922000+00:00
골프존H,2026-01-19,09:50,70000,9,0,teescan,2026-01-06 00:02:19.922000+00:00
골프존H,2026-01-19,09:57,70000,9,0,teescan,2026-01-06 00:02:19.922000+00:00
골프존H,2026-01-19,10:04,70000,10,0,teescan,2026-01-06 00:02:19.922000+00:00
골프존H,2026-01-19,10:11,70000,10,0,teescan,2026-01-06 00:02:19.922000+00:00
골프존H,2026-01-19,10:18,70000,10,0,teescan,2026-01-06 00:02:19.922000+00:00
골프존H,2026-01-19,10:25,70000,10,0,teescan,2026-01-06 00:02:19.922000+00:00
골프존H,2026-01-19,10:32,70000,10,0,teescan,2026-01-06 00:02:19.922000+00:00
골프존H,2026-01-19,10:39,70000,10,0,teescan,2026-01-06 00:02:19.922000+00:00
골프존H,2026-01-19,10:46,70000,10,0,teescan,2026-01-06 00:02:19.922000+00:00
골프존H,2026-01-19,10:53,70000,10,0,teescan,2026-01-06 00:02:19.922000+00:00
골프존H,2026-01-19,11:00,70000,11,0,teescan,2026-01-06 00:02:19.922000+00:00
골프존H,2026-01-19,11:07,70000,11,0,teescan,2026-01-06 00:02:19.922000+00:00
골프존H,2026-01-19,11:14,70000,11,0,teescan,2026-01-06 00:02:19.922000+00:00
골프존H,2026-01-19,11:21,70000,11,0,teescan,2026-01-06 00:02:19.922000+00:00
골프존H,2026-01-19,11:28,70000,11,0,teescan,2026-01-06 00:02:19.922000+00:00
골프존H,2026-01-19,11:35,70000,11,0,teescan,2026-01-06 00:02:19.922000+00:00
골프존H,2026-01-19,11:42,70000,11,0,teescan,2026-01-06 00:02:19.922000+00:00
골프존H,2026-01-19,11:49,70000,11,0,teescan,2026-01-06 00:02:19.922000+00:00
골프존H,2026-01-19,11:56,70000,11,0,teescan,2026-01-06 00:02:19.922000+00:00
골프존H,2026-01-19,12:03,70000,12,0,teescan,2026-01-06 00:02:19.922000+00:00
골프존화랑,2026-01-19,09:50,40000,9,0,teescan,2026-01-06 04:32:25.826000+00:00
골프존화랑,2026-01-19,09:57,40000,9,0,teescan,2026-01-06 04:32:25.826000+00:00
골프존화랑,2026-01-19,10:04,40000,10,0,teescan,2026-01-06 04:32:25.826000+00:00
골프존화랑,2026-01-19,10:11,40000,10,0,teescan,2026-01-06 04:32:25.826000+00:00
골프존화랑,2026-01-19,10:39,40000,10,0,teescan,2026-01-06 04:32:25.826000+00:00
골프존화랑,2026-01-19,10:46,40000,10,0,teescan,2026-01-06 04:32:25.826000+00:00
골프존화랑,2026-01-19,11:07,40000,11,0,teescan,2026-01-06 04:32:25.826000+00:00
골프존화랑,2026-01-19,11:14,40000,11,0,teescan,2026-01-06 04:32:25.826000+00:00
골프존화랑,2026-01-19,11:28,40000,11,0,teescan,2026-01-06 04:32:25.826000+00:00
골프존화랑,2026-01-19,11:35,40000,11,0,teescan,2026-01-06 04:32:25.826000+00:00
골프존화랑,2026-01-19,11:49,40000,11,0,teescan,2026-01-06 04:32:25.826000+00:00
골프존화랑,2026-01-19,11:56,40000,11,0,teescan,2026-01-06 04:32:25.826000+00:00
골프존화랑,2026-01-19,12:10,40000,12,0,teescan,2026-01-06 04:32:25.826000+00:00
대영힐스,2026-01-19,09:27,40000,9,0,teescan,2026-01-06 00:02:19.922000+00:00
대영힐스,2026-01-19,09:34,40000,9,0,teescan,2026-01-06 00:02:20.575000+00:00
대영힐스,2026-01-19,09:41,40000,9,0,teescan,2026-01-06 00:02:20.575000+00:00
대영힐스,2026-01-19,09:48,40000,9,0,teescan,2026-01-06 00:02:20.575000+00:00
대영힐스,2026-01-19,09:55,40000,9,0,teescan,2026-01-06 00:02:20.575000+00:00
대영힐스,2026-01-19,10:02,40000,10,0,teescan,2026-01-06 00:02:20.575000+00:00
대영힐스,2026-01-19,10:09,40000,10,0,teescan,2026-01-06 00:02:20.575000+00:00
대영힐스,2026-01-19,10:16,40000,10,0,teescan,2026-01-06 00:02:20.575000+00:00
대영힐스,2026-01-19,10:23,40000,10,0,teescan,2026-01-06 00:02:20.575000+00:00
대영힐스,2026-01-19,10:30,40000,10,0,teescan,2026-01-06 00:02:20.575000+00:00
대영힐스,2026-01-19,10:37,40000,10,0,teescan,2026-01-06 00:02:20.575000+00:00
대영힐스,2026-01-19,10:44,40000,10,0,teescan,2026-01-06 00:02:19.922000+00:00
대영힐스,2026-01-19,10:51,40000,10,0,teescan,2026-01-06 00:02:20.575000+00:00
대영힐스,2026-01-19,10:58,40000,10,0,teescan,2026-01-06 00:02:20.575000+00:00
대영힐스,2026-01-19,11:05,40000,11,0,teescan,2026-01-06 00:02:20.575000+00:00
대영힐스,2026-01-19,11:12,40000,11,0,teescan,2026-01-06 00:02:20.575000+00:00
대영힐스,2026-01-19,11:19,40000,11,0,teescan,2026-01-06 00:02:20.575000+00:00
대영힐스,2026-01-19,11:26,40000,11,0,teescan,2026-01-06 00:02:20.575000+00:00
대영힐스,2026-01-19,11:33,40000,11,0,teescan,2026-01-06 00:02:20.575000+00:00
대영힐스,2026-01-19,11:40,40000,11,0,teescan,2026-01-06 00:02:19.922000+00:00
대영힐스,2026-01-19,11:47,40000,11,0,teescan,2026-01-06 00:02:20.575000+00:00
대영힐스,2026-01-19,11:54,40000,11,0,teescan,2026-01-06 00:02:20.575000+00:00
대영힐스,2026-01-19,12:01,40000,12,0,teescan,2026-01-06 00:02:19.922000+00:00
더크로스비,2026-01-19,10:05,70000,10,0,teescan,2026-01-06 00:02:19.922000+00:00
더크로스비,2026-01-19,10:12,70000,10,0,teescan,2026-01-06 00:02:19.922000+00:00
더크로스비,2026-01-19,10:19,70000,10,0,teescan,2026-01-06 00:02:19.922000+00:00
더크로스비,2026-01-19,10:26,70000,10,0,teescan,2026-01-06 00:02:19.922000+00:00
더크로스비,2026-01-19,10:33,70000,10,0,teescan,2026-01-06 00:02:19.922000+00:00
더크로스비,2026-01-19,10:40,70000,10,0,teescan,2026-01-06 00:02:19.922000+00:00
더크로스비,2026-01-19,10:47,70000,10,0,teescan,2026-01-06 00:02:19.922000+00:00
더크로스비,2026-01-19,10:54,70000,10,0,teescan,2026-01-06 00:02:19.922000+00:00
더크로스비,2026-01-19,11:01,70000,11,0,teescan,2026-01-06 00:02:19.922000+00:00
더크로스비,2026-01-19,11:08,70000,11,0,teescan,2026-01-06 00:02:19.922000+00:00
더크로스비,2026-01-19,11:15,70000,11,0,teescan,2026-01-06 00:02:19.922000+00:00
더크로스비,2026-01-19,11:22,70000,11,0,teescan,2026-01-06 00:02:19.922000+00:00
더크로스비,2026-01-19,11:36,70000,11,0,teescan,2026-01-06 00:02:19.922000+00:00
더크로스비,2026-01-19,11:43,70000,11,0,teescan,2026-01-06 00:02:19.922000+00:00
더크로스비,2026-01-19,11:50,70000,11,0,teescan,2026-01-06 00:02:19.922000+00:00
더크로스비,2026-01-19,11:57,70000,11,0,teescan,2026-01-06 00:02:19.922000+00:00
더크로스비,2026-01-19,12:04,70000,12,0,teescan,2026-01-06 00:02:19.922000+00:00
더크로스비,2026-01-19,12:11,70000,12,0,teescan,2026-01-06 00:02:19.922000+00:00
동촌,2026-01-19,09:37,65000,9,0,teescan,2026-01-06 00:02:20.575000+00:00
동촌,2026-01-19,09:44,65000,9,0,teescan,2026-01-06 00:02:20.575000+00:00
동촌,2026-01-19,09:51,65000,9,0,teescan,2026-01-06 00:02:20.575000+00:00
동촌,2026-01-19,09:58,65000,9,0,teescan,2026-01-06 00:02:20.575000+00:00
동촌,2026-01-19,10:12,70000,10,0,teescan,2026-01-06 00:02:20.575000+00:00
동촌,2026-01-19,10:19,70000,10,0,teescan,2026-01-06 00:02:20.575000+00:00
동촌,2026-01-19,10:33,70000,10,0,teescan,2026-01-06 00:02:20.575000+00:00
동촌,2026-01-19,10:40,70000,10,0,teescan,2026-01-06 00:02:20.575000+00:00
동촌,2026-01-19,11:01,70000,11,0,teescan,2026-01-06 00:02:20.575000+00:00
동촌,2026-01-19,11:15,70000,11,0,teescan,2026-01-06 00:02:20.575000+00:00
동촌,2026-01-19,11:36,70000,11,0,teescan,2026-01-06 00:02:20.575000+00:00
동촌,2026-01-19,11:43,70000,11,0,teescan,2026-01-06 00:02:20.575000+00:00
동촌,2026-01-19,11:50,70000,11,0,teescan,2026-01-06 00:02:20.575000+00:00
떼제베,2026-01-19,10:00,70000,10,0,teescan,2026-01-06 00:02:19.922000+00:00
떼제베,2026-01-19,10:07,70000,10,0,teescan,2026-01-06 00:02:19.922000+00:00
떼제베,2026-01-19,10:21,70000,10,0,teescan,2026-01-06 00:02:19.922000+00:00
떼제베,2026-01-19,10:28,70000,10,0,teescan,2026-01-06 00:02:19.922000+00:00
떼제베,2026-01-19,10:49,60000,10,0,teescan,2026-01-06 00:02:19.922000+00:00
떼제베,2026-01-19,10:56,80000,10,0,teescan,2026-01-06 00:02:19.922000+00:00
떼제베,2026-01-19,11:03,80000,11,0,teescan,2026-01-06 00:02:19.922000+00:00
떼제베,2026-01-19,11:24,80000,11,0,golfpang,2026-01-06 04:32:25.826000+00:00
떼제베,2026-01-19,11:31,60000,11,0,teescan,2026-01-06 00:02:19.922000+00:00
떼제베,2026-01-19,11:38,60000,11,0,teescan,2026-01-06 00:02:19.922000+00:00
떼제베,2026-01-19,12:06,70000,12,0,teescan,2026-01-06 00:02:19.922000+00:00
떼제베,2026-01-19,12:13,70000,12,0,teescan,2026-01-06 00:02:19.922000+00:00
떼제베,2026-01-19,12:27,70000,12,0,teescan,2026-01-06 00:02:19.922000+00:00
라데나,2026-01-19,09:47,100000,9,0,teescan,2026-01-06 00:02:20.575000+00:00
라데나,2026-01-19,09:54,100000,9,0,teescan,2026-01-06 00:02:20.575000+00:00
라데나,2026-01-19,10:01,100000,10,0,teescan,2026-01-06 00:02:20.575000+00:00
라데나,2026-01-19,10:08,100000,10,0,teescan,2026-01-06 00:02:20.575000+00:00
라데나,2026-01-19,10:15,100000,10,0,teescan,2026-01-06 00:02:20.575000+00:00
라데나,2026-01-19,10:22,100000,10,0,teescan,2026-01-06 00:02:20.575000+00:00
라데나,2026-01-19,10:29,100000,10,0,teescan,2026-01-06 00:02:20.575000+00:00
라데나,2026-01-19,10:36,100000,10,0,teescan,2026-01-06 00:02:20.575000+00:00
라데나,2026-01-19,10:43,100000,10,0,teescan,2026-01-06 00:02:20.575000+00:00
라데나,2026-01-19,10:50,100000,10,0,teescan,2026-01-06 00:02:20.575000+00:00
라데나,2026-01-19,10:57,100000,10,0,teescan,2026-01-06 00:02:20.575000+00:00
라데나,2026-01-19,11:04,100000,11,0,teescan,2026-01-06 00:02:20.575000+00:00
라데나,2026-01-19,11:11,100000,11,0,teescan,2026-01-06 00:02:20.575000+00:00
라데나,2026-01-19,11:18,100000,11,0,teescan,2026-01-06 00:02:20.575000+00:00
라데나,2026-01-19,11:25,100000,11,0,teescan,2026-01-06 00:02:20.575000+00:00
라데나,2026-01-19,11:32,100000,11,0,teescan,2026-01-06 00:02:20.575000+00:00
라데나,2026-01-19,11:39,100000,11,0,teescan,2026-01-06 00:02:20.575000+00:00
라데나,2026-01-19,11:46,100000,11,0,teescan,2026-01-06 00:02:20.575000+00:00
라데나,2026-01-19,11:53,100000,11,0,teescan,2026-01-06 00:02:20.575000+00:00
라데나,2026-01-19,12:00,100000,12,0,teescan,2026-01-06 00:02:20.575000+00:00
레싸,2026-01-19,09:51,120000,9,0,teescan,2026-01-06 00:02:19.922000+00:00
레싸,2026-01-19,09:58,140000,9,0,teescan,2026-01-06 00:02:19.922000+00:00
레싸,2026-01-19,10:19,120000,10,0,teescan,2026-01-06 00:02:19.922000+00:00
레싸,2026-01-19,10:47,120000,10,0,teescan,2026-01-06 00:02:19.922000+00:00
레싸,2026-01-19,11:08,140000,11,0,teescan,2026-01-06 00:02:19.922000+00:00
레싸,2026-01-19,11:15,120000,11,0,teescan,2026-01-06 00:02:19.922000+00:00
레싸,2026-01-19,11:29,120000,11,0,teescan,2026-01-06 00:02:19.922000+00:00
레싸,2026-01-19,11:50,120000,11,0,teescan,2026-01-06 00:02:19.922000+00:00
로얄포레,2026-01-19,09:27,40000,9,0,teescan,2026-01-06 00:02:20.575000+00:00
로얄포레,2026-01-19,09:34,40000,9,0,teescan,2026-01-06 00:02:20.575000+00:00
로얄포레,2026-01-19,09:41,40000,9,0,teescan,2026-01-06 00:02:20.575000+00:00
로얄포레,2026-01-19,09:48,40000,9,0,teescan,2026-01-06 00:02:20.575000+00:00
로얄포레,2026-01-19,09:55,40000,9,0,teescan,2026-01-06 00:02:20.575000+00:00
로얄포레,2026-01-19,10:02,40000,10,0,teescan,2026-01-06 00:02:20.575000+00:00
로얄포레,2026-01-19,10:09,40000,10,0,teescan,2026-01-06 00:02:20.575000+00:00
로얄포레,2026-01-19,10:16,40000,10,0,teescan,2026-01-06 00:02:20.575000+00:00
로얄포레,2026-01-19,10:23,40000,10,0,teescan,2026-01-06 00:02:20.575000+00:00
로얄포레,2026-01-19,10:30,40000,10,0,teescan,2026-01-06 00:02:20.575000+00:00
로얄포레,2026-01-19,10:37,40000,10,0,teescan,2026-01-06 00:02:20.575000+00:00
로얄포레,2026-01-19,10:42,59000,10,0,golfpang,2026-01-06 04:32:25.826000+00:00
로얄포레,2026-01-19,10:44,40000,10,0,teescan,2026-01-06 00:02:20.575000+00:00
로얄포레,2026-01-19,10:51,40000,10,0,teescan,2026-01-06 00:02:20.575000+00:00
로얄포레,2026-01-19,10:56,69000,10,0,golfpang,2026-01-06 00:02:19.922000+00:00
로얄포레,2026-01-19,10:58,40000,10,0,teescan,2026-01-06 00:02:20.575000+00:00
로얄포레,2026-01-19,11:05,40000,11,0,teescan,2026-01-06 00:02:20.575000+00:00
로얄포레,2026-01-19,11:12,40000,11,0,teescan,2026-01-06 00:02:20.575000+00:00
로얄포레,2026-01-19,11:19,40000,11,0,teescan,2026-01-06 00:02:20.575000+00:00
로얄포레,2026-01-19,11:26,40000,11,0,teescan,2026-01-06 00:02:20.575000+00:00
로얄포레,2026-01-19,11:31,69000,11,0,golfpang,2026-01-06 04:32:25.826000+00:00
로얄포레,2026-01-19,11:33,40000,11,0,teescan,2026-01-06 00:02:20.575000+00:00
로얄포레,2026-01-19,11:38,59000,11,0,golfpang,2026-01-06 03:32:12.884000+00:00
로얄포레,2026-01-19,11:40,40000,11,0,teescan,2026-01-06 00:02:20.575000+00:00
로얄포레,2026-01-19,11:47,40000,11,0,teescan,2026-01-06 00:02:20.575000+00:00
로얄포레,2026-01-19,11:54,40000,11,0,teescan,2026-01-06 00:02:20.575000+00:00
로얄포레,2026-01-19,12:01,40000,12,0,teescan,2026-01-06 00:02:20.575000+00:00
로얄포레,2026-01-19,12:06,59000,12,0,golfpang,2026-01-06 00:02:19.922000+00:00
모나크,2026-01-19,10:01,60000,10,0,teescan,2026-01-06 00:02:20.575000+00:00
모나크,2026-01-19,10:08,60000,10,0,teescan,2026-01-06 00:02:20.575000+00:00
모나크,2026-01-19,10:15,60000,10,0,teescan,2026-01-06 00:02:20.575000+00:00
모나크,2026-01-19,10:22,60000,10,0,teescan,2026-01-06 00:02:20.575000+00:00
모나크,2026-01-19,10:29,60000,10,0,teescan,2026-01-06 00:02:20.575000+00:00
모나크,2026-01-19,10:36,60000,10,0,teescan,2026-01-06 00:02:19.922000+00:00
모나크,2026-01-19,10:43,60000,10,0,teescan,2026-01-06 00:02:20.575000+00:00
모나크,2026-01-19,10:50,60000,10,0,teescan,2026-01-06 00:02:20.575000+00:00
모나크,2026-01-19,10:57,60000,10,0,teescan,2026-01-06 00:02:20.575000+00:00
모나크,2026-01-19,11:04,60000,11,0,teescan,2026-01-06 00:02:20.575000+00:00
모나크,2026-01-19,11:11,60000,11,0,teescan,2026-01-06 00:02:20.575000+00:00
모나크,2026-01-19,11:18,60000,11,0,teescan,2026-01-06 00:02:19.922000+00:00
벨라스톤,2026-01-19,09:30,55000,9,0,golfpang,2026-01-06 00:02:19.922000+00:00
벨라스톤,2026-01-19,10:47,55000,10,0,golfpang,2026-01-06 04:02:08.700000+00:00
벨라스톤,2026-01-19,11:22,55000,11,0,golfpang,2026-01-06 04:32:25.826000+00:00
블루원용인,2026-01-19,10:19,100000,10,0,teescan,2026-01-06 00:02:19.922000+00:00
블루원용인,2026-01-19,10:40,100000,10,0,teescan,2026-01-06 00:02:19.922000+00:00
블루원용인,2026-01-19,11:00,90000,11,0,golfpang,2026-01-06 00:02:19.922000+00:00
블루원용인,2026-01-19,11:01,100000,11,0,teescan,2026-01-06 00:02:19.922000+00:00
블루원용인,2026-01-19,11:15,100000,11,0,teescan,2026-01-06 00:02:19.922000+00:00
블루원용인,2026-01-19,11:29,100000,11,0,teescan,2026-01-06 00:02:19.922000+00:00
블루원용인,2026-01-19,11:50,100000,11,0,teescan,2026-01-06 00:02:19.922000+00:00
블루원용인,2026-01-19,12:11,100000,12,0,teescan,2026-01-06 00:02:19.922000+00:00
서산수,2026-01-19,09:27,130000,9,0,teescan,2026-01-06 00:02:20.575000+00:00
서산수,2026-01-19,09:34,130000,9,0,teescan,2026-01-06 00:02:20.575000+00:00
서산수,2026-01-19,09:41,130000,9,0,teescan,2026-01-06 00:02:20.575000+00:00
서산수,2026-01-19,09:48,130000,9,0,teescan,2026-01-06 00:02:20.575000+00:00
서산수,2026-01-19,09:55,130000,9,0,teescan,2026-01-06 00:02:20.575000+00:00
서산수,2026-01-19,10:02,130000,10,0,teescan,2026-01-06 00:02:20.575000+00:00
서산수,2026-01-19,10:09,130000,10,0,teescan,2026-01-06 00:02:20.575000+00:00
서산수,2026-01-19,10:16,130000,10,0,teescan,2026-01-06 00:02:20.575000+00:00
서산수,2026-01-19,10:23,130000,10,0,teescan,2026-01-06 00:02:20.575000+00:00
서산수,2026-01-19,10:37,130000,10,0,teescan,2026-01-06 00:02:19.922000+00:00
서산수,2026-01-19,10:44,130000,10,0,teescan,2026-01-06 00:02:20.575000+00:00
서산수,2026-01-19,10:51,130000,10,0,teescan,2026-01-06 00:02:20.575000+00:00
서산수,2026-01-19,10:58,130000,10,0,teescan,2026-01-06 00:02:20.575000+00:00
서산수,2026-01-19,11:05,130000,11,0,teescan,2026-01-06 00:02:19.922000+00:00
서산수,2026-01-19,11:12,130000,11,0,teescan,2026-01-06 00:02:20.575000+00:00
서산수,2026-01-19,11:26,130000,11,0,teescan,2026-01-06 00:02:20.575000+00:00
서산수,2026-01-19,11:33,130000,11,0,teescan,2026-01-06 00:02:20.575000+00:00
서산수,2026-01-19,11:40,130000,11,0,teescan,2026-01-06 00:02:20.575000+00:00
세일,2026-01-19,09:30,40000,9,0,teescan,2026-01-06 00:02:19.922000+00:00
세일,2026-01-19,09:37,40000,9,0,teescan,2026-01-06 00:02:20.575000+00:00
세일,2026-01-19,09:44,40000,9,0,teescan,2026-01-06 00:02:20.575000+00:00
세일,2026-01-19,09:51,40000,9,0,teescan,2026-01-06 00:02:20.575000+00:00
세일,2026-01-19,09:58,40000,9,0,teescan,2026-01-06 00:02:20.575000+00:00
세일,2026-01-19,10:12,40000,10,0,teescan,2026-01-06 00:02:20.575000+00:00
세일,2026-01-19,10:19,40000,10,0,teescan,2026-01-06 00:02:20.575000+00:00
세일,2026-01-19,10:26,40000,10,0,teescan,2026-01-06 00:02:20.575000+00:00
세일,2026-01-19,10:33,40000,10,0,teescan,2026-01-06 00:02:20.575000+00:00
세일,2026-01-19,10:40,40000,10,0,teescan,2026-01-06 00:02:20.575000+00:00
세일,2026-01-19,10:47,40000,10,0,teescan,2026-01-06 00:02:20.575000+00:00
세일,2026-01-19,10:54,40000,10,0,teescan,2026-01-06 00:02:19.922000+00:00
세일,2026-01-19,11:01,40000,11,0,teescan,2026-01-06 00:02:20.575000+00:00
세일,2026-01-19,11:08,40000,11,0,teescan,2026-01-06 00:02:20.575000+00:00
세일,2026-01-19,11:15,40000,11,0,teescan,2026-01-06 00:02:20.575000+00:00
세일,2026-01-19,11:22,40000,11,0,teescan,2026-01-06 00:02:19.922000+00:00
세일,2026-01-19,11:36,40000,11,0,teescan,2026-01-06 00:02:20.575000+00:00
세일,2026-01-19,11:43,40000,11,0,teescan,2026-01-06 00:02:20.575000+00:00
세일,2026-01-19,11:57,40000,11,0,teescan,2026-01-06 00:02:20.575000+00:00
세일,2026-01-19,12:04,40000,12,0,teescan,2026-01-06 00:02:19.922000+00:00
세현,2026-01-19,09:30,100000,9,0,teescan,2026-01-06 00:02:19.922000+00:00
세현,2026-01-19,09:37,100000,9,0,teescan,2026-01-06 00:02:19.922000+00:00
세현,2026-01-19,09:44,100000,9,0,teescan,2026-01-06 00:02:19.922000+00:00
세현,2026-01-19,09:51,100000,9,0,teescan,2026-01-06 00:02:19.922000+00:00
세현,2026-01-19,09:58,100000,9,0,teescan,2026-01-06 00:02:19.922000+00:00
세현,2026-01-19,10:05,100000,10,0,teescan,2026-01-06 00:02:19.922000+00:00
세현,2026-01-19,10:12,100000,10,0,teescan,2026-01-06 00:02:19.922000+00:00
세현,2026-01-19,10:19,100000,10,0,teescan,2026-01-06 00:02:19.922000+00:00
세현,2026-01-19,10:26,100000,10,0,teescan,2026-01-06 00:02:19.922000+00:00
세현,2026-01-19,10:33,100000,10,0,teescan,2026-01-06 00:02:19.922000+00:00
세현,2026-01-19,10:40,100000,10,0,teescan,2026-01-06 00:02:19.922000+00:00
세현,2026-01-19,10:47,100000,10,0,teescan,2026-01-06 00:02:19.922000+00:00
세현,2026-01-19,10:54,100000,10,0,teescan,2026-01-06 00:02:19.922000+00:00
세현,2026-01-19,11:01,100000,11,0,teescan,2026-01-06 00:02:19.922000+00:00
세현,2026-01-19,11:08,100000,11,0,teescan,2026-01-06 00:02:19.922000+00:00
세현,2026-01-19,11:15,100000,11,0,teescan,2026-01-06 00:02:19.922000+00:00
세현,2026-01-19,11:22,100000,11,0,teescan,2026-01-06 00:02:19.922000+00:00
세현,2026-01-19,11:29,100000,11,0,teescan,2026-01-06 00:02:19.922000+00:00
세현,2026-01-19,11:36,100000,11,0,teescan,2026-01-06 00:02:19.922000+00:00
세현,2026-01-19,11:43,100000,11,0,teescan,2026-01-06 00:02:19.922000+00:00
세현,2026-01-19,11:50,100000,11,0,teescan,2026-01-06 00:02:19.922000+00:00
센추리,2026-01-19,09:30,95000,9,0,teescan,2026-01-06 00:32:22.512000+00:00
센추리,2026-01-19,09:37,95000,9,0,teescan,2026-01-06 00:32:22.512000+00:00
센추리,2026-01-19,09:44,85000,9,0,teescan,2026-01-06 00:32:22.512000+00:00
센추리,2026-01-19,09:51,85000,9,0,teescan,2026-01-06 00:32:22.512000+00:00
센추리,2026-01-19,09:58,95000,9,0,teescan,2026-01-06 00:32:22.512000+00:00
센추리,2026-01-19,10:05,95000,10,0,teescan,2026-01-06 00:32:22.512000+00:00
센추리,2026-01-19,10:12,85000,10,0,teescan,2026-01-06 00:32:22.512000+00:00
센추리,2026-01-19,10:19,85000,10,0,teescan,2026-01-06 00:32:22.512000+00:00
센추리,2026-01-19,10:26,95000,10,0,teescan,2026-01-06 00:32:22.512000+00:00
센추리,2026-01-19,10:33,95000,10,0,teescan,2026-01-06 00:32:22.512000+00:00
센추리,2026-01-19,10:40,95000,10,0,teescan,2026-01-06 00:32:22.512000+00:00
센추리,2026-01-19,10:47,95000,10,0,teescan,2026-01-06 00:32:22.512000+00:00
센추리,2026-01-19,10:54,95000,10,0,teescan,2026-01-06 00:32:22.512000+00:00
센추리,2026-01-19,11:01,95000,11,0,teescan,2026-01-06 00:32:22.512000+00:00
센추리,2026-01-19,11:08,95000,11,0,teescan,2026-01-06 00:32:22.512000+00:00
센추리,2026-01-19,11:15,95000,11,0,teescan,2026-01-06 00:32:22.512000+00:00
센추리,2026-01-19,11:22,95000,11,0,teescan,2026-01-06 00:32:22.512000+00:00
센추리,2026-01-19,11:29,95000,11,0,teescan,2026-01-06 00:32:22.512000+00:00
센추리,2026-01-19,11:36,95000,11,0,teescan,2026-01-06 00:32:22.512000+00:00
센추리,2026-01-19,11:43,95000,11,0,teescan,2026-01-06 00:32:22.512000+00:00
센추리,2026-01-19,11:50,85000,11,0,teescan,2026-01-06 00:32:22.512000+00:00
센추리,2026-01-19,11:57,85000,11,0,teescan,2026-01-06 00:32:22.512000+00:00
수원,2026-01-19,10:05,150000,10,0,teescan,2026-01-06 00:02:19.922000+00:00
수원,2026-01-19,10:26,150000,10,0,teescan,2026-01-06 00:02:19.922000+00:00
수원,2026-01-19,10:54,150000,10,0,teescan,2026-01-06 00:02:19.922000+00:00
수원,2026-01-19,11:15,150000,11,0,teescan,2026-01-06 00:02:19.922000+00:00
수원,2026-01-19,11:36,150000,11,0,teescan,2026-01-06 00:02:19.922000+00:00
수원,2026-01-19,12:04,150000,12,0,teescan,2026-01-06 00:02:19.922000+00:00
시그너스,2026-01-19,09:40,70000,9,0,teescan,2026-01-06 00:02:20.575000+00:00
시그너스,2026-01-19,09:47,70000,9,0,teescan,2026-01-06 00:02:20.575000+00:00
시그너스,2026-01-19,09:54,70000,9,0,teescan,2026-01-06 00:02:20.575000+00:00
시그너스,2026-01-19,10:00,70000,10,0,teescan,2026-01-06 00:02:20.575000+00:00
시그너스,2026-01-19,10:07,70000,10,0,teescan,2026-01-06 00:02:20.575000+00:00
시그너스,2026-01-19,10:14,70000,10,0,teescan,2026-01-06 00:02:20.575000+00:00
시그너스,2026-01-19,10:20,70000,10,0,teescan,2026-01-06 00:02:20.575000+00:00
시그너스,2026-01-19,10:27,70000,10,0,teescan,2026-01-06 00:02:20.575000+00:00
시그너스,2026-01-19,10:34,70000,10,0,teescan,2026-01-06 00:02:20.575000+00:00
시그너스,2026-01-19,10:40,70000,10,0,teescan,2026-01-06 00:02:20.575000+00:00
시그너스,2026-01-19,10:47,70000,10,0,teescan,2026-01-06 00:02:20.575000+00:00
시그너스,2026-01-19,10:54,70000,10,0,teescan,2026-01-06 00:02:20.575000+00:00
시그너스,2026-01-19,11:00,70000,11,0,teescan,2026-01-06 00:02:20.575000+00:00
시그너스,2026-01-19,11:07,70000,11,0,teescan,2026-01-06 00:02:20.575000+00:00
시그너스,2026-01-19,11:14,70000,11,0,teescan,2026-01-06 00:02:20.575000+00:00
시그너스,2026-01-19,11:20,70000,11,0,teescan,2026-01-06 00:02:20.575000+00:00
시그너스,2026-01-19,11:27,70000,11,0,teescan,2026-01-06 00:02:20.575000+00:00
시그너스,2026-01-19,11:34,70000,11,0,teescan,2026-01-06 00:02:20.575000+00:00
시그너스,2026-01-19,11:40,70000,11,0,teescan,2026-01-06 00:02:20.575000+00:00
시그너스,2026-01-19,11:47,70000,11,0,teescan,2026-01-06 00:02:20.575000+00:00
시그너스,2026-01-19,11:54,70000,11,0,teescan,2026-01-06 00:02:20.575000+00:00
시그너스,2026-01-19,12:00,70000,12,0,teescan,2026-01-06 00:02:20.575000+00:00
신라,2026-01-19,09:41,70000,9,0,teescan,2026-01-06 00:02:19.922000+00:00
신라,2026-01-19,09:48,70000,9,0,teescan,2026-01-06 00:02:19.922000+00:00
신라,2026-01-19,09:55,70000,9,0,teescan,2026-01-06 00:02:19.922000+00:00
신라,2026-01-19,10:23,70000,10,0,teescan,2026-01-06 00:02:19.922000+00:00
신라,2026-01-19,10:30,70000,10,0,teescan,2026-01-06 00:02:19.922000+00:00
신라,2026-01-19,10:37,70000,10,0,teescan,2026-01-06 00:02:19.922000+00:00
신라,2026-01-19,11:12,70000,11,0,teescan,2026-01-06 00:02:19.922000+00:00
신라,2026-01-19,11:19,70000,11,0,teescan,2026-01-06 00:02:19.922000+00:00
신라,2026-01-19,11:40,70000,11,0,teescan,2026-01-06 00:02:19.922000+00:00
신라,2026-01-19,11:47,70000,11,0,teescan,2026-01-06 00:02:19.922000+00:00
신라,2026-01-19,12:01,70000,12,0,teescan,2026-01-06 00:02:19.922000+00:00
써닝포인트,2026-01-19,10:05,75000,10,0,teescan,2026-01-06 00:02:19.922000+00:00
써닝포인트,2026-01-19,10:12,75000,10,0,teescan,2026-01-06 00:02:19.922000+00:00
써닝포인트,2026-01-19,10:19,75000,10,0,teescan,2026-01-06 00:02:19.922000+00:00
써닝포인트,2026-01-19,10:26,75000,10,0,teescan,2026-01-06 00:02:19.922000+00:00
써닝포인트,2026-01-19,10:33,75000,10,0,teescan,2026-01-06 00:02:19.922000+00:00
써닝포인트,2026-01-19,10:40,75000,10,0,teescan,2026-01-06 00:02:19.922000+00:00
써닝포인트,2026-01-19,10:47,75000,10,0,teescan,2026-01-06 00:02:19.922000+00:00
써닝포인트,2026-01-19,10:54,75000,10,0,teescan,2026-01-06 00:02:19.922000+00:00
써닝포인트,2026-01-19,11:01,75000,11,0,teescan,2026-01-06 00:02:19.922000+00:00
써닝포인트,2026-01-19,11:08,75000,11,0,teescan,2026-01-06 00:02:19.922000+00:00
써닝포인트,2026-01-19,11:15,75000,11,0,teescan,2026-01-06 00:02:19.922000+00:00
써닝포인트,2026-01-19,11:22,75000,11,0,teescan,2026-01-06 00:02:19.922000+00:00
써닝포인트,2026-01-19,11:29,75000,11,0,teescan,2026-01-06 00:02:19.922000+00:00
써닝포인트,2026-01-19,11:36,75000,11,0,teescan,2026-01-06 00:02:19.922000+00:00
써닝포인트,2026-01-19,11:43,75000,11,0,teescan,2026-01-06 00:02:19.922000+00:00
써닝포인트,2026-01-19,11:50,75000,11,0,teescan,2026-01-06 00:02:19.922000+00:00
써닝포인트,2026-01-19,11:57,75000,11,0,teescan,2026-01-06 00:02:19.922000+00:00
써닝포인트,2026-01-19,12:04,75000,12,0,teescan,2026-01-06 00:02:19.922000+00:00
써닝포인트,2026-01-19,12:11,75000,12,0,teescan,2026-01-06 00:02:19.922000+00:00
써닝포인트,2026-01-19,12:18,75000,12,0,teescan,2026-01-06 00:02:19.922000+00:00
썬밸리,2026-01-19,10:30,70000,10,0,golfpang,2026-01-06 00:02:19.922000+00:00
양지파인,2026-01-19,09:30,55000,9,0,teescan,2026-01-06 00:02:19.922000+00:00
양지파인,2026-01-19,09:37,55000,9,0,teescan,2026-01-06 00:02:19.922000+00:00
양지파인,2026-01-19,09:44,55000,9,0,teescan,2026-01-06 00:02:19.922000+00:00
양지파인,2026-01-19,09:51,55000,9,0,teescan,2026-01-06 00:02:19.922000+00:00
양지파인,2026-01-19,09:58,55000,9,0,teescan,2026-01-06 00:02:19.922000+00:00
양지파인,2026-01-19,10:05,55000,10,0,teescan,2026-01-06 00:02:19.922000+00:00
양지파인,2026-01-19,10:12,55000,10,0,teescan,2026-01-06 00:02:19.922000+00:00
양지파인,2026-01-19,10:19,55000,10,0,teescan,2026-01-06 00:02:19.922000+00:00
양지파인,2026-01-19,10:26,55000,10,0,teescan,2026-01-06 00:02:19.922000+00:00
양지파인,2026-01-19,10:33,75000,10,0,teescan,2026-01-06 00:02:19.922000+00:00
양지파인,2026-01-19,10:40,75000,10,0,teescan,2026-01-06 00:02:19.922000+00:00
양지파인,2026-01-19,10:47,75000,10,0,teescan,2026-01-06 00:02:19.922000+00:00
양지파인,2026-01-19,10:54,75000,10,0,teescan,2026-01-06 00:02:19.922000+00:00
양지파인,2026-01-19,11:01,75000,11,0,teescan,2026-01-06 00:02:19.922000+00:00
양지파인,2026-01-19,11:08,75000,11,0,teescan,2026-01-06 00:02:19.922000+00:00
양지파인,2026-01-19,11:15,75000,11,0,teescan,2026-01-06 00:02:19.922000+00:00
양지파인,2026-01-19,11:22,75000,11,0,teescan,2026-01-06 00:02:19.922000+00:00
양지파인,2026-01-19,11:29,75000,11,0,teescan,2026-01-06 00:02:19.922000+00:00
양지파인,2026-01-19,11:36,75000,11,0,teescan,2026-01-06 00:02:19.922000+00:00
양지파인,2026-01-19,11:43,75000,11,0,teescan,2026-01-06 00:02:19.922000+00:00
양지파인,2026-01-19,11:50,75000,11,0,teescan,2026-01-06 00:02:19.922000+00:00
올데이,2026-01-19,10:00,40000,10,0,teescan,2026-01-06 00:02:19.922000+00:00
올데이,2026-01-19,10:07,40000,10,0,teescan,2026-01-06 00:02:20.575000+00:00
올데이,2026-01-19,10:35,45000,10,0,teescan,2026-01-06 00:02:20.575000+00:00
올데이,2026-01-19,10:42,45000,10,0,teescan,2026-01-06 00:02:19.922000+00:00
올데이,2026-01-19,11:03,45000,11,0,teescan,2026-01-06 00:02:20.575000+00:00
올데이,2026-01-19,11:10,45000,11,0,teescan,2026-01-06 00:02:19.922000+00:00
올데이,2026-01-19,11:31,40000,11,0,teescan,2026-01-06 00:02:20.575000+00:00
올데이,2026-01-19,11:38,40000,11,0,teescan,2026-01-06 00:02:19.922000+00:00
올데이,2026-01-19,11:59,40000,11,0,teescan,2026-01-06 00:02:20.575000+00:00
올데이,2026-01-19,12:06,40000,12,0,teescan,2026-01-06 00:02:19.922000+00:00
윈체스트,2026-01-19,09:41,70000,9,0,teescan,2026-01-06 00:02:19.922000+00:00
윈체스트,2026-01-19,09:48,70000,9,0,teescan,2026-01-06 00:02:19.922000+00:00
윈체스트,2026-01-19,09:55,70000,9,0,teescan,2026-01-06 00:02:19.922000+00:00
윈체스트,2026-01-19,10:23,70000,10,0,teescan,2026-01-06 00:02:19.922000+00:00
윈체스트,2026-01-19,10:30,70000,10,0,teescan,2026-01-06 00:02:19.922000+00:00
윈체스트,2026-01-19,10:35,120000,10,0,golfpang,2026-01-06 03:02:27.074000+00:00
윈체스트,2026-01-19,10:37,70000,10,0,teescan,2026-01-06 00:02:19.922000+00:00
윈체스트,2026-01-19,11:12,70000,11,0,teescan,2026-01-06 00:02:19.922000+00:00
윈체스트,2026-01-19,11:19,70000,11,0,teescan,2026-01-06 00:02:19.922000+00:00
윈체스트,2026-01-19,11:38,120000,11,0,golfpang,2026-01-06 03:02:27.074000+00:00
윈체스트,2026-01-19,11:40,70000,11,0,teescan,2026-01-06 00:02:19.922000+00:00
윈체스트,2026-01-19,11:47,70000,11,0,teescan,2026-01-06 00:02:19.922000+00:00
윈체스트,2026-01-19,12:01,70000,12,0,teescan,2026-01-06 00:02:19.922000+00:00
은화삼,2026-01-19,09:30,100000,9,0,teescan,2026-01-06 00:02:19.922000+00:00
은화삼,2026-01-19,09:58,100000,9,0,teescan,2026-01-06 00:02:19.922000+00:00
은화삼,2026-01-19,10:19,100000,10,0,teescan,2026-01-06 00:02:19.922000+00:00
은화삼,2026-01-19,10:40,100000,10,0,teescan,2026-01-06 00:02:19.922000+00:00
은화삼,2026-01-19,11:00,110000,11,0,golfpang,2026-01-06 00:02:19.922000+00:00
은화삼,2026-01-19,11:08,100000,11,0,teescan,2026-01-06 00:02:19.922000+00:00
은화삼,2026-01-19,11:36,100000,11,0,teescan,2026-01-06 00:02:19.922000+00:00
은화삼,2026-01-19,11:57,100000,11,0,teescan,2026-01-06 00:02:19.922000+00:00
이글몬트,2026-01-19,09:30,90000,9,0,teescan,2026-01-06 00:02:19.922000+00:00
이글몬트,2026-01-19,09:37,90000,9,0,teescan,2026-01-06 00:02:19.922000+00:00
이글몬트,2026-01-19,09:44,90000,9,0,teescan,2026-01-06 00:02:19.922000+00:00
이글몬트,2026-01-19,09:51,90000,9,0,teescan,2026-01-06 00:02:19.922000+00:00
이글몬트,2026-01-19,09:58,90000,9,0,teescan,2026-01-06 00:02:19.922000+00:00
이글몬트,2026-01-19,10:05,90000,10,0,teescan,2026-01-06 00:02:19.922000+00:00
이글몬트,2026-01-19,10:12,90000,10,0,teescan,2026-01-06 00:02:19.922000+00:00
이글몬트,2026-01-19,10:19,90000,10,0,teescan,2026-01-06 00:02:19.922000+00:00
이글몬트,2026-01-19,10:26,90000,10,0,teescan,2026-01-06 00:02:19.922000+00:00
이글몬트,2026-01-19,10:33,90000,10,0,teescan,2026-01-06 00:02:19.922000+00:00
이글몬트,2026-01-19,10:40,90000,10,0,teescan,2026-01-06 00:02:19.922000+00:00
이글몬트,2026-01-19,10:47,90000,10,0,teescan,2026-01-06 00:02:19.922000+00:00
이글몬트,2026-01-19,10:54,90000,10,0,teescan,2026-01-06 00:02:19.922000+00:00
이글몬트,2026-01-19,11:01,90000,11,0,teescan,2026-01-06 00:02:19.922000+00:00
이글몬트,2026-01-19,11:08,90000,11,0,teescan,2026-01-06 00:02:19.922000+00:00
이글몬트,2026-01-19,11:15,90000,11,0,teescan,2026-01-06 00:02:19.922000+00:00
이글몬트,2026-01-19,11:22,90000,11,0,teescan,2026-01-06 00:02:19.922000+00:00
이글몬트,2026-01-19,11:29,90000,11,0,teescan,2026-01-06 00:02:19.922000+00:00
이글몬트,2026-01-19,11:36,90000,11,0,teescan,2026-01-06 00:02:19.922000+00:00
이글몬트,2026-01-19,11:43,90000,11,0,teescan,2026-01-06 00:02:19.922000+00:00
이글몬트,2026-01-19,11:50,90000,11,0,teescan,2026-01-06 00:02:19.922000+00:00
일레븐,2026-01-19,09:51,40000,9,0,teescan,2026-01-06 00:02:20.575000+00:00
일레븐,2026-01-19,09:58,40000,9,0,teescan,2026-01-06 00:02:19.922000+00:00
일레븐,2026-01-19,10:05,40000,10,0,teescan,2026-01-06 00:02:20.575000+00:00
일레븐,2026-01-19,10:12,40000,10,0,teescan,2026-01-06 00:02:20.575000+00:00
일레븐,2026-01-19,10:19,40000,10,0,teescan,2026-01-06 00:02:20.575000+00:00
일레븐,2026-01-19,10:26,40000,10,0,teescan,2026-01-06 00:02:19.922000+00:00
일레븐,2026-01-19,10:33,40000,10,0,teescan,2026-01-06 00:02:20.575000+00:00
일레븐,2026-01-19,10:40,40000,10,0,teescan,2026-01-06 00:02:20.575000+00:00
일레븐,2026-01-19,10:47,40000,10,0,teescan,2026-01-06 00:02:20.575000+00:00
일레븐,2026-01-19,10:54,40000,10,0,teescan,2026-01-06 00:02:20.575000+00:00
일레븐,2026-01-19,11:01,40000,11,0,teescan,2026-01-06 00:02:20.575000+00:00
일레븐,2026-01-19,11:08,40000,11,0,teescan,2026-01-06 00:02:20.575000+00:00
일레븐,2026-01-19,11:15,40000,11,0,teescan,2026-01-06 00:02:20.575000+00:00
일레븐,2026-01-19,11:22,40000,11,0,teescan,2026-01-06 00:02:19.922000+00:00
일레븐,2026-01-19,11:29,40000,11,0,teescan,2026-01-06 00:02:20.575000+00:00
일레븐,2026-01-19,11:36,40000,11,0,teescan,2026-01-06 00:02:20.575000+00:00
일레븐,2026-01-19,11:43,40000,11,0,teescan,2026-01-06 00:02:20.575000+00:00
일레븐,2026-01-19,11:50,40000,11,0,teescan,2026-01-06 00:02:19.922000+00:00
일레븐,2026-01-19,11:57,40000,11,0,teescan,2026-01-06 00:02:20.575000+00:00
일레븐,2026-01-19,12:04,40000,12,0,teescan,2026-01-06 00:02:20.575000+00:00
일레븐,2026-01-19,12:11,40000,12,0,teescan,2026-01-06 00:02:19.922000+00:00
진양밸리,2026-01-19,09:30,60000,9,0,teescan,2026-01-06 00:02:20.575000+00:00
진양밸리,2026-01-19,09:37,60000,9,0,teescan,2026-01-06 00:02:20.575000+00:00
진양밸리,2026-01-19,09:44,60000,9,0,teescan,2026-01-06 00:02:20.575000+00:00
진양밸리,2026-01-19,09:51,60000,9,0,teescan,2026-01-06 00:02:20.575000+00:00
진양밸리,2026-01-19,09:58,60000,9,0,teescan,2026-01-06 00:02:20.575000+00:00
진양밸리,2026-01-19,10:05,60000,10,0,teescan,2026-01-06 00:02:20.575000+00:00
진양밸리,2026-01-19,10:12,60000,10,0,teescan,2026-01-06 00:02:20.575000+00:00
진양밸리,2026-01-19,10:19,60000,10,0,teescan,2026-01-06 00:02:20.575000+00:00
진양밸리,2026-01-19,10:26,60000,10,0,teescan,2026-01-06 00:02:20.575000+00:00
진양밸리,2026-01-19,10:33,60000,10,0,teescan,2026-01-06 00:02:20.575000+00:00
진양밸리,2026-01-19,10:40,60000,10,0,teescan,2026-01-06 00:02:20.575000+00:00
진양밸리,2026-01-19,10:47,60000,10,0,teescan,2026-01-06 00:02:20.575000+00:00
진양밸리,2026-01-19,10:54,60000,10,0,teescan,2026-01-06 00:02:20.575000+00:00
진양밸리,2026-01-19,11:01,60000,11,0,teescan,2026-01-06 00:02:20.575000+00:00
진양밸리,2026-01-19,11:08,60000,11,0,teescan,2026-01-06 00:02:20.575000+00:00
진양밸리,2026-01-19,11:15,60000,11,0,teescan,2026-01-06 00:02:20.575000+00:00
진양밸리,2026-01-19,11:22,60000,11,0,teescan,2026-01-06 00:02:20.575000+00:00
진양밸리,2026-01-19,11:29,60000,11,0,teescan,2026-01-06 00:02:20.575000+00:00
진양밸리,2026-01-19,11:36,60000,11,0,teescan,2026-01-06 00:02:20.575000+00:00
진양밸리,2026-01-19,11:43,60000,11,0,teescan,2026-01-06 00:02:20.575000+00:00
진양밸리,2026-01-19,11:50,60000,11,0,teescan,2026-01-06 00:02:20.575000+00:00
코스카,2026-01-19,09:20,60000,9,0,teescan,2026-01-06 00:02:20.575000+00:00
코스카,2026-01-19,09:27,60000,9,0,teescan,2026-01-06 00:02:20.575000+00:00
코스카,2026-01-19,09:34,60000,9,0,teescan,2026-01-06 00:02:19.922000+00:00
코스카,2026-01-19,09:41,60000,9,0,teescan,2026-01-06 00:02:20.575000+00:00
코스카,2026-01-19,09:48,60000,9,0,teescan,2026-01-06 00:02:20.575000+00:00
코스카,2026-01-19,09:55,60000,9,0,teescan,2026-01-06 00:02:20.575000+00:00
코스카,2026-01-19,10:02,60000,10,0,teescan,2026-01-06 00:02:20.575000+00:00
코스카,2026-01-19,10:09,60000,10,0,teescan,2026-01-06 00:02:20.575000+00:00
코스카,2026-01-19,10:16,60000,10,0,teescan,2026-01-06 00:02:20.575000+00:00
코스카,2026-01-19,10:23,60000,10,0,teescan,2026-01-06 00:02:20.575000+00:00
코스카,2026-01-19,10:30,60000,10,0,teescan,2026-01-06 00:02:20.575000+00:00
코스카,2026-01-19,10:37,60000,10,0,teescan,2026-01-06 00:02:20.575000+00:00
코스카,2026-01-19,10:44,60000,10,0,teescan,2026-01-06 00:02:20.575000+00:00
코스카,2026-01-19,10:51,60000,10,0,teescan,2026-01-06 00:02:20.575000+00:00
코스카,2026-01-19,10:58,60000,10,0,teescan,2026-01-06 00:02:20.575000+00:00
코스카,2026-01-19,11:05,60000,11,0,teescan,2026-01-06 00:02:19.922000+00:00
코스카,2026-01-19,11:12,60000,11,0,teescan,2026-01-06 00:02:20.575000+00:00
코스카,2026-01-19,11:19,60000,11,0,teescan,2026-01-06 00:02:20.575000+00:00
코스카,2026-01-19,11:26,60000,11,0,teescan,2026-01-06 00:02:20.575000+00:00
코스카,2026-01-19,11:33,60000,11,0,teescan,2026-01-06 00:02:20.575000+00:00
플라자용인,2026-01-19,09:27,100000,9,0,teescan,2026-01-06 00:02:19.922000+00:00
플라자용인,2026-01-19,09:28,100000,9,0,teescan,2026-01-06 00:02:19.922000+00:00
플라자용인,2026-01-19,09:30,100000,9,0,teescan,2026-01-06 00:02:19.922000+00:00
플라자용인,2026-01-19,09:34,100000,9,0,teescan,2026-01-06 00:02:19.922000+00:00
플라자용인,2026-01-19,09:35,100000,9,0,teescan,2026-01-06 00:02:19.922000+00:00
플라자용인,2026-01-19,09:36,100000,9,0,teescan,2026-01-06 00:02:19.922000+00:00
플라자용인,2026-01-19,09:41,100000,9,0,teescan,2026-01-06 00:02:19.922000+00:00
플라자용인,2026-01-19,09:42,100000,9,0,teescan,2026-01-06 00:02:19.922000+00:00
플라자용인,2026-01-19,09:43,100000,9,0,teescan,2026-01-06 00:02:19.922000+00:00
플라자용인,2026-01-19,09:48,100000,9,0,teescan,2026-01-06 00:02:19.922000+00:00
플라자용인,2026-01-19,09:49,100000,9,0,teescan,2026-01-06 00:02:19.922000+00:00
플라자용인,2026-01-19,09:50,100000,9,0,teescan,2026-01-06 00:02:19.922000+00:00
플라자용인,2026-01-19,09:51,100000,9,0,teescan,2026-01-06 00:02:19.922000+00:00
플라자용인,2026-01-19,09:55,100000,9,0,teescan,2026-01-06 00:02:19.922000+00:00
플라자용인,2026-01-19,09:56,100000,9,0,teescan,2026-01-06 00:02:19.922000+00:00
플라자용인,2026-01-19,09:57,100000,9,0,teescan,2026-01-06 00:02:19.922000+00:00
플라자용인,2026-01-19,09:58,100000,9,0,teescan,2026-01-06 00:02:19.922000+00:00
플라자용인,2026-01-19,10:02,100000,10,0,teescan,2026-01-06 00:02:19.922000+00:00
플라자용인,2026-01-19,10:03,100000,10,0,teescan,2026-01-06 00:02:19.922000+00:00
플라자용인,2026-01-19,10:04,100000,10,0,teescan,2026-01-06 00:02:19.922000+00:00
플라자용인,2026-01-19,10:05,100000,10,0,teescan,2026-01-06 00:02:19.922000+00:00
플라자용인,2026-01-19,10:09,100000,10,0,teescan,2026-01-06 00:02:19.922000+00:00
플라자용인,2026-01-19,10:10,100000,10,0,teescan,2026-01-06 00:02:19.922000+00:00
플라자용인,2026-01-19,10:11,100000,10,0,teescan,2026-01-06 00:02:19.922000+00:00
플라자용인,2026-01-19,10:16,100000,10,0,teescan,2026-01-06 00:02:19.922000+00:00
플라자용인,2026-01-19,10:17,100000,10,0,teescan,2026-01-06 00:02:19.922000+00:00
플라자용인,2026-01-19,10:18,100000,10,0,teescan,2026-01-06 00:02:19.922000+00:00
플라자용인,2026-01-19,10:19,100000,10,0,teescan,2026-01-06 00:02:19.922000+00:00
플라자용인,2026-01-19,10:23,100000,10,0,teescan,2026-01-06 00:02:19.922000+00:00
플라자용인,2026-01-19,10:24,100000,10,0,teescan,2026-01-06 00:02:19.922000+00:00
플라자용인,2026-01-19,10:25,100000,10,0,teescan,2026-01-06 00:02:19.922000+00:00
플라자용인,2026-01-19,10:26,100000,10,0,teescan,2026-01-06 00:02:19.922000+00:00
플라자용인,2026-01-19,10:30,100000,10,0,teescan,2026-01-06 00:02:19.922000+00:00
플라자용인,2026-01-19,10:31,100000,10,0,teescan,2026-01-06 00:02:19.922000+00:00
플라자용인,2026-01-19,10:32,100000,10,0,teescan,2026-01-06 00:02:19.922000+00:00
플라자용인,2026-01-19,10:33,100000,10,0,teescan,2026-01-06 00:02:19.922000+00:00
플라자용인,2026-01-19,10:37,100000,10,0,teescan,2026-01-06 00:02:19.922000+00:00
플라자용인,2026-01-19,10:38,100000,10,0,teescan,2026-01-06 00:02:19.922000+00:00
플라자용인,2026-01-19,10:39,100000,10,0,teescan,2026-01-06 00:02:19.922000+00:00
플라자용인,2026-01-19,10:40,100000,10,0,teescan,2026-01-06 00:02:19.922000+00:00
플라자용인,2026-01-19,10:44,100000,10,0,teescan,2026-01-06 00:02:19.922000+00:00
플라자용인,2026-01-19,10:45,100000,10,0,teescan,2026-01-06 00:02:19.922000+00:00
플라자용인,2026-01-19,10:46,100000,10,0,teescan,2026-01-06 00:02:19.922000+00:00
플라자용인,2026-01-19,10:47,100000,10,0,teescan,2026-01-06 03:02:27.074000+00:00
플라자용인,2026-01-19,10:51,100000,10,0,teescan,2026-01-06 00:02:19.922000+00:00
플라자용인,2026-01-19,10:52,100000,10,0,teescan,2026-01-06 00:02:19.922000+00:00
플라자용인,2026-01-19,10:53,100000,10,0,teescan,2026-01-06 00:02:19.922000+00:00
플라자용인,2026-01-19,10:54,100000,10,0,teescan,2026-01-06 00:02:19.922000+00:00
플라자용인,2026-01-19,10:58,100000,10,0,teescan,2026-01-06 00:02:19.922000+00:00
플라자용인,2026-01-19,10:59,100000,10,0,teescan,2026-01-06 00:02:19.922000+00:00
플라자용인,2026-01-19,11:00,100000,11,0,teescan,2026-01-06 00:02:19.922000+00:00
플라자용인,2026-01-19,11:01,100000,11,0,teescan,2026-01-06 00:02:19.922000+00:00
플라자용인,2026-01-19,11:05,100000,11,0,teescan,2026-01-06 00:02:19.922000+00:00
플라자용인,2026-01-19,11:06,100000,11,0,teescan,2026-01-06 00:02:19.922000+00:00
플라자용인,2026-01-19,11:07,100000,11,0,teescan,2026-01-06 00:02:19.922000+00:00
플라자용인,2026-01-19,11:08,100000,11,0,teescan,2026-01-06 00:02:19.922000+00:00
플라자용인,2026-01-19,11:12,100000,11,0,teescan,2026-01-06 00:02:19.922000+00:00
플라자용인,2026-01-19,11:13,100000,11,0,teescan,2026-01-06 00:02:19.922000+00:00
플라자용인,2026-01-19,11:15,100000,11,0,teescan,2026-01-06 00:02:19.922000+00:00
플라자용인,2026-01-19,11:19,100000,11,0,teescan,2026-01-06 00:02:19.922000+00:00
플라자용인,2026-01-19,11:20,100000,11,0,teescan,2026-01-06 00:02:19.922000+00:00
플라자용인,2026-01-19,11:21,100000,11,0,teescan,2026-01-06 00:02:19.922000+00:00
플라자용인,2026-01-19,11:22,100000,11,0,teescan,2026-01-06 00:02:19.922000+00:00
플라자용인,2026-01-19,11:26,100000,11,0,teescan,2026-01-06 00:02:19.922000+00:00
플라자용인,2026-01-19,11:27,100000,11,0,teescan,2026-01-06 00:02:19.922000+00:00
플라자용인,2026-01-19,11:29,100000,11,0,teescan,2026-01-06 00:02:19.922000+00:00
플라자용인,2026-01-19,11:33,100000,11,0,teescan,2026-01-06 00:02:19.922000+00:00
플라자용인,2026-01-19,11:34,100000,11,0,teescan,2026-01-06 00:02:19.922000+00:00
플라자용인,2026-01-19,11:35,100000,11,0,teescan,2026-01-06 00:02:19.922000+00:00
플라자용인,2026-01-19,11:36,100000,11,0,teescan,2026-01-06 00:02:19.922000+00:00
플라자용인,2026-01-19,11:40,100000,11,0,teescan,2026-01-06 00:02:19.922000+00:00
플라자용인,2026-01-19,11:41,100000,11,0,teescan,2026-01-06 00:02:19.922000+00:00
플라자용인,2026-01-19,11:42,100000,11,0,teescan,2026-01-06 00:02:19.922000+00:00
플라자용인,2026-01-19,11:43,100000,11,0,teescan,2026-01-06 00:02:19.922000+00:00
한림용인,2026-01-19,09:30,100000,9,0,teescan,2026-01-06 00:02:19.922000+00:00
한림용인,2026-01-19,09:37,100000,9,0,teescan,2026-01-06 00:02:19.922000+00:00
한림용인,2026-01-19,09:44,100000,9,0,teescan,2026-01-06 00:02:19.922000+00:00
한림용인,2026-01-19,09:51,100000,9,0,teescan,2026-01-06 00:02:19.922000+00:00
한림용인,2026-01-19,09:58,100000,9,0,teescan,2026-01-06 00:02:19.922000+00:00
한림용인,2026-01-19,10:05,100000,10,0,teescan,2026-01-06 00:02:19.922000+00:00
한림용인,2026-01-19,10:12,100000,10,0,teescan,2026-01-06 00:02:19.922000+00:00
한림용인,2026-01-19,10:19,100000,10,0,teescan,2026-01-06 00:02:19.922000+00:00
한림용인,2026-01-19,10:26,100000,10,0,teescan,2026-01-06 00:02:19.922000+00:00
한림용인,2026-01-19,10:33,110000,10,0,teescan,2026-01-06 00:02:19.922000+00:00
한림용인,2026-01-19,10:40,110000,10,0,teescan,2026-01-06 00:02:19.922000+00:00
한림용인,2026-01-19,10:47,110000,10,0,teescan,2026-01-06 00:02:19.922000+00:00
한림용인,2026-01-19,10:54,110000,10,0,teescan,2026-01-06 00:02:19.922000+00:00
한림용인,2026-01-19,11:01,110000,11,0,teescan,2026-01-06 00:02:19.922000+00:00
한림용인,2026-01-19,11:08,110000,11,0,teescan,2026-01-06 00:02:19.922000+00:00
한림용인,2026-01-19,11:15,110000,11,0,teescan,2026-01-06 00:02:19.922000+00:00
한림용인,2026-01-19,11:22,110000,11,0,teescan,2026-01-06 00:02:19.922000+00:00
한림용인,2026-01-19,11:29,110000,11,0,teescan,2026-01-06 00:02:19.922000+00:00
한림용인,2026-01-19,11:36,110000,11,0,teescan,2026-01-06 00:02:19.922000+00:00
한림용인,2026-01-19,11:43,110000,11,0,teescan,2026-01-06 00:02:19.922000+00:00
한림용인,2026-01-19,11:50,110000,11,0,teescan,2026-01-06 00:02:19.922000+00:00
한림용인,2026-01-19,11:57,110000,11,0,teescan,2026-01-06 00:02:19.922000+00:00
한원,2026-01-19,09:42,100000,9,0,teescan,2026-01-06 00:02:19.922000+00:00
한원,2026-01-19,09:49,100000,9,0,teescan,2026-01-06 00:02:19.922000+00:00
한원,2026-01-19,09:56,100000,9,0,teescan,2026-01-06 00:02:19.922000+00:00
한원,2026-01-19,10:17,110000,10,0,teescan,2026-01-06 00:02:19.922000+00:00
한원,2026-01-19,10:24,110000,10,0,teescan,2026-01-06 00:02:19.922000+00:00
한원,2026-01-19,10:31,110000,10,0,teescan,2026-01-06 00:02:19.922000+00:00
한원,2026-01-19,10:38,110000,10,0,teescan,2026-01-06 00:02:19.922000+00:00
한원,2026-01-19,10:45,110000,10,0,teescan,2026-01-06 00:02:19.922000+00:00
한원,2026-01-19,10:52,110000,10,0,teescan,2026-01-06 00:02:19.922000+00:00
한원,2026-01-19,10:59,110000,10,0,teescan,2026-01-06 00:02:19.922000+00:00
한원,2026-01-19,11:06,110000,11,0,teescan,2026-01-06 00:02:19.922000+00:00
한원,2026-01-19,11:13,110000,11,0,teescan,2026-01-06 00:02:19.922000+00:00
한원,2026-01-19,11:20,110000,11,0,teescan,2026-01-06 00:02:19.922000+00:00
한원,2026-01-19,11:27,110000,11,0,teescan,2026-01-06 00:02:19.922000+00:00
한원,2026-01-19,11:34,110000,11,0,teescan,2026-01-06 00:02:19.922000+00:00
해솔리아,2026-01-19,09:00,130000,9,0,teescan,2026-01-06 00:02:19.922000+00:00
해솔리아,2026-01-19,09:07,130000,9,0,teescan,2026-01-06 00:02:19.922000+00:00
해솔리아,2026-01-19,09:14,130000,9,0,teescan,2026-01-06 00:02:19.922000+00:00
해솔리아,2026-01-19,09:21,130000,9,0,teescan,2026-01-06 00:02:19.922000+00:00
해솔리아,2026-01-19,09:28,130000,9,0,teescan,2026-01-06 00:02:19.922000+00:00
해솔리아,2026-01-19,09:35,130000,9,0,teescan,2026-01-06 00:02:19.922000+00:00
해솔리아,2026-01-19,09:42,130000,9,0,teescan,2026-01-06 00:02:19.922000+00:00
해솔리아,2026-01-19,09:49,130000,9,0,teescan,2026-01-06 00:02:19.922000+00:00
해솔리아,2026-01-19,09:56,130000,9,0,teescan,2026-01-06 00:02:19.922000+00:00
해솔리아,2026-01-19,10:03,130000,10,0,teescan,2026-01-06 00:02:19.922000+00:00
해솔리아,2026-01-19,10:10,130000,10,0,teescan,2026-01-06 00:02:19.922000+00:00
해솔리아,2026-01-19,10:17,130000,10,0,teescan,2026-01-06 00:02:19.922000+00:00
해솔리아,2026-01-19,10:24,130000,10,0,teescan,2026-01-06 00:02:19.922000+00:00
해솔리아,2026-01-19,10:31,130000,10,0,teescan,2026-01-06 00:02:19.922000+00:00
해솔리아,2026-01-19,10:38,130000,10,0,teescan,2026-01-06 00:02:19.922000+00:00
해솔리아,2026-01-19,10:45,130000,10,0,teescan,2026-01-06 00:02:19.922000+00:00
해솔리아,2026-01-19,10:52,130000,10,0,teescan,2026-01-06 00:02:19.922000+00:00
해솔리아,2026-01-19,10:59,130000,10,0,teescan,2026-01-06 00:02:19.922000+00:00
해솔리아,2026-01-19,11:06,130000,11,0,teescan,2026-01-06 00:02:19.922000+00:00
해솔리아,2026-01-19,11:13,130000,11,0,teescan,2026-01-06 00:02:19.922000+00:00
해솔리아,2026-01-19,11:20,130000,11,0,teescan,2026-01-06 00:02:19.922000+00:00
해솔리아,2026-01-19,11:27,130000,11,0,teescan,2026-01-06 00:02:19.922000+00:00
화성상록,2026-01-19,10:05,120000,10,0,teescan,2026-01-06 00:02:19.922000+00:00
화성상록,2026-01-19,10:19,120000,10,0,teescan,2026-01-06 00:02:19.922000+00:00
화성상록,2026-01-19,10:54,120000,10,0,teescan,2026-01-06 00:02:19.922000+00:00
화성상록,2026-01-19,11:29,120000,11,0,teescan,2026-01-06 00:02:19.922000+00:00
히든밸리,2026-01-19,09:44,50000,9,0,teescan,2026-01-06 00:02:20.575000+00:00
히든밸리,2026-01-19,09:51,50000,9,0,teescan,2026-01-06 00:02:20.575000+00:00
히든밸리,2026-01-19,09:58,50000,9,0,teescan,2026-01-06 00:02:20.575000+00:00
히든밸리,2026-01-19,10:05,50000,10,0,teescan,2026-01-06 00:02:20.575000+00:00
히든밸리,2026-01-19,10:12,50000,10,0,teescan,2026-01-06 00:02:20.575000+00:00
히든밸리,2026-01-19,10:19,50000,10,0,teescan,2026-01-06 00:02:20.575000+00:00
히든밸리,2026-01-19,10:26,50000,10,0,teescan,2026-01-06 00:02:20.575000+00:00
히든밸리,2026-01-19,10:33,50000,10,0,teescan,2026-01-06 00:02:20.575000+00:00
히든밸리,2026-01-19,10:40,50000,10,0,teescan,2026-01-06 00:02:20.575000+00:00
히든밸리,2026-01-19,10:47,50000,10,0,teescan,2026-01-06 00:02:20.575000+00:00
히든밸리,2026-01-19,10:54,50000,10,0,teescan,2026-01-06 00:02:20.575000+00:00
히든밸리,2026-01-19,11:01,50000,11,0,teescan,2026-01-06 00:02:20.575000+00:00
히든밸리,2026-01-19,11:08,50000,11,0,teescan,2026-01-06 00:02:20.575000+00:00
히든밸리,2026-01-19,11:15,50000,11,0,teescan,2026-01-06 00:02:20.575000+00:00
히든밸리,2026-01-19,11:22,50000,11,0,teescan,2026-01-06 00:02:20.575000+00:00
히든밸리,2026-01-19,11:29,50000,11,0,teescan,2026-01-06 00:02:20.575000+00:00
히든밸리,2026-01-19,11:36,50000,11,0,teescan,2026-01-06 00:02:20.575000+00:00
히든밸리,2026-01-19,11:43,50000,11,0,teescan,2026-01-06 00:02:20.575000+00:00
히든밸리,2026-01-19,11:50,50000,11,0,teescan,2026-01-06 00:02:20.575000+00:00
히든밸리,2026-01-19,11:57,50000,11,0,teescan,2026-01-06 00:02:20.575000+00:00
히든밸리,2026-01-19,12:04,50000,12,0,teescan,2026-01-06 00:02:20.575000+00:00
히든밸리,2026-01-19,12:11,50000,12,0,teescan,2026-01-06 00:02:20.575000+00:00
히든밸리,2026-01-19,12:18,50000,12,0,teescan,2026-01-06 00:02:20.575000+00:00
힐데스,2026-01-19,09:37,50000,9,0,teescan,2026-01-06 00:02:19.922000+00:00
힐데스,2026-01-19,09:44,50000,9,0,teescan,2026-01-06 00:02:20.575000+00:00
힐데스,2026-01-19,09:52,50000,9,0,teescan,2026-01-06 00:02:20.575000+00:00
힐데스,2026-01-19,09:59,50000,9,0,teescan,2026-01-06 00:02:20.575000+00:00
힐데스,2026-01-19,10:07,50000,10,0,teescan,2026-01-06 00:02:20.575000+00:00
힐데스,2026-01-19,10:14,50000,10,0,teescan,2026-01-06 00:02:20.575000+00:00
힐데스,2026-01-19,10:22,50000,10,0,teescan,2026-01-06 00:02:20.575000+00:00
힐데스,2026-01-19,10:29,50000,10,0,teescan,2026-01-06 00:02:20.575000+00:00
힐데스,2026-01-19,10:37,50000,10,0,teescan,2026-01-06 00:02:20.575000+00:00
힐데스,2026-01-19,10:44,50000,10,0,teescan,2026-01-06 00:02:19.922000+00:00
힐데스,2026-01-19,10:52,50000,10,0,teescan,2026-01-06 00:02:20.575000+00:00
힐데스,2026-01-19,10:59,50000,10,0,teescan,2026-01-06 00:02:20.575000+00:00
힐데스,2026-01-19,11:07,50000,11,0,teescan,2026-01-06 00:02:20.575000+00:00
힐데스,2026-01-19,11:14,50000,11,0,teescan,2026-01-06 00:02:20.575000+00:00
힐데스,2026-01-19,11:22,50000,11,0,teescan,2026-01-06 00:02:20.575000+00:00
힐데스,2026-01-19,11:29,50000,11,0,teescan,2026-01-06 00:02:20.575000+00:00
힐데스,2026-01-19,11:37,50000,11,0,teescan,2026-01-06 00:02:20.575000+00:00
힐데스,2026-01-19,11:44,50000,11,0,teescan,2026-01-06 00:02:20.575000+00:00
힐데스,2026-01-19,11:52,50000,11,0,teescan,2026-01-06 00:02:20.575000+00:00
힐데스,2026-01-19,11:59,50000,11,0,teescan,2026-01-06 00:02:19.922000+00:00
